category_slug,category_name,category_url,product_url,title,vendor,price_current_text,price_current_value,price_compare_text,price_compare_value,currency,sale_badge,sold_out,weight_carat,clarity,size_mm,colour,shape_cut,origin,heated,certificate,sku,desc_h2,desc_h4,raw_description_text,product_id,variant_id,og_image,image_urls_concat,scraped_at
ceylon-sapphire,Collection: Sapphires,https://jngems.com/collections/ceylon-sapphire,https://jngems.com/products/natural-teal-sapphire-5-88-carat,Natural Teal sapphire 5.88 carat,J N Gems,"Rs 1,155,800.00",1155800.0,,,LKR,True,False,5.88,Clean,mm mm,Greenish Blue,Cushion mix cut,Madagascar,true,Available upon request,JNTEAL588,,,"Weight (carat): 5.88 Clarity: Clean Size: mm mm Colour: Greenish Blue Shape and Cut: Cushion mix cut Origin: Madagascar Heated: true Certificate: Available upon request SKU: JNTEAL588 Natural Blue-Green Sapphire – 5.88 Carats Experience the captivating beauty of this natural blue-green sapphire , sourced from Madagascar . This stunning gemstone features an enchanting greenish-blue hue , brought to life with excellent cutting quality and a cushion mixed cut that maximizes brilliance and fire. With its mesmerizing color, precision cut , and outstanding clarity, this sapphire is perfect for a statement jewelry piece or a valuable addition to any gemstone collection. Contact us for more details or to secure this exquisite gem today!",7582712922321,42529353629905,http://jngems.com/cdn/shop/files/natural-teal-sapphire-588-carat-288252.jpg?v=1746414775,,2025-09-02T05:25:26.686853+00:00
ceylon-sapphire,Collection: Sapphires,https://jngems.com/collections/ceylon-sapphire,https://jngems.com/products/teal-sapphire,Teal Sapphire,J N Gems,"Rs 46,300.00",46300.0,,,LKR,True,False,0.86,clean,6.9x4.9 mm,Greenish Blue,"Oval ,step",,true,NA,JNTEAL086,,,"Weight (carat): 0.86 Clarity: clean Size: 6.9x4.9 mm Colour: Greenish Blue Shape and Cut: Oval ,step Origin: Heated: true Certificate: NA SKU: JNTEAL086 Discover the rare beauty of our Teal Sapphire, a stunning and natural gemstone with a unique teal color. With its one-of-a-kind hue and natural properties, this 0.87 carat 6.9x4.9mm gemstone is sure to make a statement in any piece of jewelry. Elevate your collection with this natural wonder.",7565984694481,42493501800657,http://jngems.com/cdn/shop/files/teal-sapphire-510024.jpg?v=1746414790,,2025-09-02T05:25:28.800374+00:00
ceylon-sapphire,Collection: Sapphires,https://jngems.com/collections/ceylon-sapphire,https://jngems.com/products/padparadscha,Padparadscha,J N Gems,"Rs 80,200.00",80200.0,,,LKR,True,False,0.77,clean,6.8x5.2 mm,pinkish orange,oval step,sri lankan,true,N/A,JNPAD077,,,"Weight (carat): 0.77 Clarity: clean Size: 6.8x5.2 mm Colour: pinkish orange Shape and Cut: oval step Origin: sri lankan Heated: true Certificate: N/A SKU: JNPAD077 Experience the rare beauty of Padparadscha, a natural sapphire that boasts a stunning 5.2x6.8mm oval step cut. This 0.77 carat gem has been expertly heated to bring out its true color and clarity, making it the perfect addition to any fine jewelry collection.",7565986988241,42493504717009,http://jngems.com/cdn/shop/files/padparadscha-328822.jpg?v=1746414826,,2025-09-02T05:25:31.857380+00:00
ceylon-sapphire,Collection: Sapphires,https://jngems.com/collections/ceylon-sapphire,https://jngems.com/products/blue-sapphire-3,Blue sapphire,J N Gems,"Rs 84,800.00",84800.0,,,LKR,True,False,1.24,clean,7.5x5.8 mm,vivid,oval step,sri lankan,true,n/a,JNBS124,,,"Weight (carat): 1.24 Clarity: clean Size: 7.5x5.8 mm Colour: vivid Shape and Cut: oval step Origin: sri lankan Heated: true Certificate: n/a SKU: JNBS124 Blue sapphire, a stunning oval 1.24 carat gemstone. With its loupe clean clarity and heated treatment, this blue sapphire offers an exceptional visual experience. Its intense blue hue, coupled with its scientific and objective properties, makes it a prized possession for any jewelry collection.",7565988593873,42493506781393,http://jngems.com/cdn/shop/files/blue-sapphire-992415.jpg?v=1746414830,,2025-09-02T05:25:34.926758+00:00
ceylon-sapphire,Collection: Sapphires,https://jngems.com/collections/ceylon-sapphire,https://jngems.com/products/blue-sapphire-5,Blue sapphire,J N Gems,"Rs 107,900.00",107900.0,,,LKR,True,False,1.77,clean,8.7x7.0 mm,ICE BLUE,oval step,sri lankan,true,N/A,JNBS177,,,"Weight (carat): 1.77 Clarity: clean Size: 8.7x7.0 mm Colour: ICE BLUE Shape and Cut: oval step Origin: sri lankan Heated: true Certificate: N/A SKU: JNBS177 As an expert in precious gemstones 1.77 carat , I present to you the stunning Blue Sapphire. With a super luster and rare ice blue oval shape, this gemstone measures 8.8x7.0x4.2 mm and features one inclusion on the bottom side. Add this elegant and unique sapphire to your collection and enjoy its beauty and rarity.",7565990559953,42493508911313,http://jngems.com/cdn/shop/files/blue-sapphire-366563.jpg?v=1746414795,,2025-09-02T05:25:37.913915+00:00
ceylon-sapphire,Collection: Sapphires,https://jngems.com/collections/ceylon-sapphire,https://jngems.com/products/blue-sapphire-4,Blue sapphire,J N Gems,"Rs 80,200.00",80200.0,,,LKR,True,False,1.18,clean,7.8x5.2x3.8 mm,medium,"pear ,step",sri lankan,true,N/A,JNBS118,,,"Weight (carat): 1.18 Clarity: clean Size: 7.8x5.2x3.8 mm Colour: medium Shape and Cut: pear ,step Origin: sri lankan Heated: true Certificate: N/A SKU: JNBS118 Blue Sapphire Expertly crafted from a 1.18 carat natural blue sapphire, this stunning pear-shaped gem boasts a vibrant and Medium blue hue. Measuring 7.8x5.2x3.8mm, it is top clean and radiates pure elegance. A must-have for any gemstone collector or jewelry enthusiast.",7565989511377,42493507829969,http://jngems.com/cdn/shop/files/blue-sapphire-698317.jpg?v=1746414785,,2025-09-02T05:25:40.643874+00:00
ceylon-sapphire,Collection: Sapphires,https://jngems.com/collections/ceylon-sapphire,https://jngems.com/products/white-sapphire-1-23-carat,White Sapphire 1.23 carat,jngems,"Rs 67,900.00",67900.0,,,LKR,True,False,1.23,Loupe Clean,6.0x5.5mm mm,White,Asscher diamond cut,Sri Lanka,true,N/A,JNWS123,,,"Weight (carat): 1.23 Clarity: Loupe Clean Size: 6.0x5.5mm mm Colour: White Shape and Cut: Asscher diamond cut Origin: Sri Lanka Heated: true Certificate: N/A SKU: JNWS123 ""Explore the beauty of Sri Lankan origin with our White Sapphire, a 1.23 carat colorless Asscher cut gemstone. Its impeccable luster and flawless clarity make it a perfect choice for any jewelry piece. Elevate your style with this stunning and ethically-sourced gemstone.""",7565688864977,42493065035985,http://jngems.com/cdn/shop/files/white-sapphire-123-carat-426668.jpg?v=1746414824,,2025-09-02T05:25:47.273750+00:00
ceylon-sapphire,Collection: Sapphires,https://jngems.com/collections/ceylon-sapphire,https://jngems.com/products/blue-sapphire-1-55carat,Blue Sapphire 1.55carat,jngems,"Rs 107,900.00",107900.0,,,LKR,True,False,1.55,Loupe Clean,8.5x6.5x3.3mm mm,Vivid Blue,Oval Step,Sri Lanka,true,,JNBS155,Blue sapphire,,"Weight (carat): 1.55 Clarity: Loupe Clean Size: 8.5x6.5x3.3mm mm Colour: Vivid Blue Shape and Cut: Oval Step Origin: Sri Lanka Heated: true Certificate: SKU: JNBS155 Blue sapphire Weight : 1.55 carat Size : 8.5x6.5x3.3mm Shape & cut : Oval/ step Brilliant Clarity : loupe clean Treatment : Heated Color : vivid Blue This stunning blue sapphire boasts a weight of 1.55 carat, measuring 8.5x6.5x3.3mm in a classic Oval/Step Brilliant cut. With a clarity of loupe clean and a vivid blue color, this gem is the perfect choice for a bold and eye-catching piece. Its deep, rich hue is achieved through a heating treatment, ensuring a vibrant and mesmerizing look. Enhance your jewelry collection with this exquisite blue sapphire.",7562029957329,42484604829905,http://jngems.com/cdn/shop/files/blue-sapphire-155carat-930564.jpg?v=1746414826,,2025-09-02T05:25:50.350338+00:00
ceylon-sapphire,Collection: Sapphires,https://jngems.com/collections/ceylon-sapphire,https://jngems.com/products/blue-sapphire-1-88-carat-ice-blue,Blue Sapphire 1.88 carat - Ice Blue,jngems,"Rs 85,700.00",85700.0,,,LKR,True,False,1.88,Loupe Clean,7x5 mm mm,Ice Blue,Oval Step,Sri Lanka,true,,JNBS188,,,"Weight (carat): 1.88 Clarity: Loupe Clean Size: 7x5 mm mm Colour: Ice Blue Shape and Cut: Oval Step Origin: Sri Lanka Heated: true Certificate: SKU: JNBS188 Blue sapphire ice Blue Weight : 1.88 carat Size : 7x5 mm Shape & cut : Step / Flower Brilliant Clarity : loupe clean Treatment : Heated Color : Pastel Blue This blue sapphire, weighing 1.88 carats and having a size of 7x5 mm, is cut in a unique Step/Flower Brilliant shape. With its loupe clean clarity and heat-treated treatment, this gemstone shines with a delicate pastel blue color, perfect for adding a touch of elegance to any jewelry piece. With its natural beauty and high-quality features, this blue sapphire is a must-have for any gemstone collector or jewelry enthusiast.",7562029367505,42484596932817,http://jngems.com/cdn/shop/files/blue-sapphire-188-carat-ice-blue-130954.jpg?v=1746414786,,2025-09-02T05:25:52.753693+00:00
ceylon-sapphire,Collection: Sapphires,https://jngems.com/collections/ceylon-sapphire,https://jngems.com/products/blue-sapphire-2-24carat-silky-blue,Blue Sapphire 2.24carat- silky Blue,jngems,"Rs 271,300.00",271300.0,,,LKR,True,False,2.24,Eye Clean,7.8x6.5x5.4mm mm,Pastel Blue,Oval Step,Sri Lanka,true,,,Silky Blue sapphire ( smorky),,"Weight (carat): 2.24 Clarity: Eye Clean Size: 7.8x6.5x5.4mm mm Colour: Pastel Blue Shape and Cut: Oval Step Origin: Sri Lanka Heated: true Certificate: SKU: Silky Blue sapphire ( smorky) Weight : 2.24carat Size : 7.8x6.6x5.4mm Shape & cut : Step / Flower Brilliant Clarity : loupe clean Treatment : Heated Color : Pastel Blue Expertly crafted with a silky blue hue, this Blue Sapphire weighs 2.24 carats and measures 7.8x6.6x5.4mm. Its Step/Flower Brilliant cut and loupe clean clarity provide a stunning and radiant sparkle. With a pastel blue color and heated treatment, this gemstone is pure elegance.",7561962455249,42484425720017,http://jngems.com/cdn/shop/files/blue-sapphire-224carat-silky-blue-604967.jpg?v=1746414814,,2025-09-02T05:25:57.752289+00:00
ceylon-sapphire,Collection: Sapphires,https://jngems.com/collections/ceylon-sapphire,https://jngems.com/products/blue-sapphire-1-84-carat,Blue Sapphire 1.84 carat,J N Gems,"Rs 200,400.00",200400.0,,,LKR,True,False,1.84,,6.7mm mm,Medium Blue,Round step cut,,,N/A,JNBS164,,,"Weight (carat): 1.84 Clarity: Size: 6.7mm mm Colour: Medium Blue Shape and Cut: Round step cut Origin: Heated: Certificate: N/A SKU: JNBS164 Expertly cut from natural blue sapphire, this 1.84 carat round pastel stone boasts a brilliant luster. Ideal for a ladies' ring, its step cut and 6.7mm size make for a stunning addition to any jewelry collection. Add a touch of sophistication with this Blue Sapphire.",7561960161489,42484403699921,http://jngems.com/cdn/shop/files/blue-sapphire-184-carat-498219.jpg?v=1746414828,,2025-09-02T05:26:00.821188+00:00
ceylon-sapphire,Collection: Sapphires,https://jngems.com/collections/ceylon-sapphire,https://jngems.com/products/natural-teal-sapphire-1-58-carat,Natural Teal sapphire 1.58 carat,J N Gems,"Rs 178,800.00",178800.0,,,LKR,True,False,1.58,Loupe Clean,6.7x6.35mm mm,Greenish Blue,Emerald cut,,true,,JNTE158,Teal sapphire,,Weight (carat): 1.58 Clarity: Loupe Clean Size: 6.7x6.35mm mm Colour: Greenish Blue Shape and Cut: Emerald cut Origin: Heated: true Certificate: SKU: JNTE158 Teal sapphire Natural Blue Green Sapphires. Octagon shape . Excellent cutting quality. Loupe clean. Weight 1.58 carat Size : 6.7x6.35mm,7547190673617,42441345204433,http://jngems.com/cdn/shop/files/natural-teal-sapphire-158-carat-705896.jpg?v=1746414812,,2025-09-02T05:26:03.074839+00:00
ceylon-sapphire,Collection: Sapphires,https://jngems.com/collections/ceylon-sapphire,https://jngems.com/products/blue-sapphire-1-37-carat,Blue Sapphire 1.37 carat,J N Gems,"Rs 131,000.00",131000.0,,,LKR,True,False,1.37,Loupe clean,6.0mm mm,Blue,Round step,Ceylon,true,,JNBS137 -1,"Blue Sapphire. With an impressive weight of 1.37 carats, this majestic gem commands attention with its captivating round step cut, measuring 6.0mm. Its top-tier eye clean and exceptional cutting quality ensure a mesmerizing brilliance that dazzles from every angle. Originating from Sri Lanka, renowned for producing some of the world's finest blue sapphires, this gem showcases a rich, deep hue that embodies timeless elegance.",,"Weight (carat): 1.37 Clarity: Loupe clean Size: 6.0mm mm Colour: Blue Shape and Cut: Round step Origin: Ceylon Heated: true Certificate: SKU: JNBS137 -1 Blue Sapphire. With an impressive weight of 1.37 carats, this majestic gem commands attention with its captivating round step cut, measuring 6.0mm. Its top-tier eye clean and exceptional cutting quality ensure a mesmerizing brilliance that dazzles from every angle. Originating from Sri Lanka, renowned for producing some of the world's finest blue sapphires, this gem showcases a rich, deep hue that embodies timeless elegance.",7510756524241,42362192298193,http://jngems.com/cdn/shop/files/blue-sapphire-137-carat-244315.jpg?v=1746414847,,2025-09-02T05:26:05.789476+00:00
ceylon-sapphire,Collection: Sapphires,https://jngems.com/collections/ceylon-sapphire,https://jngems.com/products/blue-sapphire-4-44-carat,Blue Sapphire 4.44 carat,J N Gems,"Rs 889,500.00",889500.0,,,LKR,True,False,4.44,Eye Clean,9.1x7.1x5.2 mm,Vivid blue,Oval mix,Sri Lanka,true,,JNBS444,,,Weight (carat): 4.44 Clarity: Eye Clean Size: 9.1x7.1x5.2 mm Colour: Vivid blue Shape and Cut: Oval mix Origin: Sri Lanka Heated: true Certificate: SKU: JNBS444 Blue Sapphire 4.44 carat Size : 11x9.0x5.2mm Shape : Oval mix cut Treatment : Heated Color : vivid Blue,7510755606737,42362190135505,http://jngems.com/cdn/shop/files/blue-sapphire-444-carat-345373.jpg?v=1746414792,,2025-09-02T05:26:11.333213+00:00
ceylon-sapphire,Collection: Sapphires,https://jngems.com/collections/ceylon-sapphire,https://jngems.com/products/blue-sapphire-2,Blue Sapphire 3.03 carat,J N Gems,"Rs 755,200.00",755200.0,,,LKR,True,False,3.03,Eye Clean,9.1x7.1x5.2 mm,Royal blue,Oval mix,Sri Lanka,true,,JNBS303,,,Weight (carat): 3.03 Clarity: Eye Clean Size: 9.1x7.1x5.2 mm Colour: Royal blue Shape and Cut: Oval mix Origin: Sri Lanka Heated: true Certificate: SKU: JNBS303 Blue Sapphire 3.03 carat Size : 9.1x7.1x5.2 mm Shape : Oval mix cut Treatment : Heated Color : Royal Blue,7510754394321,42362181681361,http://jngems.com/cdn/shop/files/blue-sapphire-303-carat-445917.jpg?v=1746414820,,2025-09-02T05:26:14.492182+00:00
ceylon-sapphire,Collection: Sapphires,https://jngems.com/collections/ceylon-sapphire,https://jngems.com/products/alexandrite-cats-eye-1-68-carats,Alexandrite Cat's Eye 1.68 carats,J N Gems,"Rs 178,800.00",178800.0,,,LKR,True,False,1.68,Eye Clean,4 mm,Color change,Cabochon,Sri Lanka,,,JNALCAT168,,,"Weight (carat): 1.68 Clarity: Eye Clean Size: 4 mm Colour: Color change Shape and Cut: Cabochon Origin: Sri Lanka Heated: Certificate: SKU: JNALCAT168 Natural Alexandrite Cat's Eye A natural Alexandrite Cat’s Eye at 1.68 carats is indeed a rare and valuable find. This gemstone combines both the color-changing properties of Alexandrite and the distinct cat’s eye effect, which is especially desirable among collectors and gem enthusiasts. When evaluating the quality of a 1.68 carat Alexandrite Cat’s Eye, consider the following: 1. Color Change: Look for a noticeable color shift, typically from greenish in daylight to reddish under incandescent light. The color change is one of the most unique and valuable features of Alexandrite. 2. Cat’s Eye Effect (Chatoyancy ): A sharp, well-defined eye across the stone is ideal. The eye should move smoothly as the gem is rotated under a light source. 3. Clarity: Alexandrite tends to have inclusions, but clarity is still important. Inclusions shouldn’t interfere with the visibility of the cat’s eye. 4. Cut and Shape: A cabochon cut is commonly used to bring out the cat’s eye effect. An oval or round shape typically works best to enhance this phenomenon.",7509937651921,42358062842065,http://jngems.com/cdn/shop/files/alexandrite-cats-eye-168-carats-553567.jpg?v=1746414870,,2025-09-02T05:26:17.601482+00:00
ceylon-sapphire,Collection: Sapphires,https://jngems.com/collections/ceylon-sapphire,https://jngems.com/products/alexandrite-cats-eye-2-56-carats,Alexandrite Cat's Eye 2.56 carats,J N Gems,"Rs 209,600.00",209600.0,,,LKR,True,False,2.56,Eye Clean,4 mm,Honey,Cabochon,Sri Lanka,,,JNALCAT256,,,"Weight (carat): 2.56 Clarity: Eye Clean Size: 4 mm Colour: Honey Shape and Cut: Cabochon Origin: Sri Lanka Heated: Certificate: SKU: JNALCAT256 Natural Alexandrite Cat's Eye A natural Alexandrite Cat’s Eye at 2.56 carats is indeed a rare and valuable find. This gemstone combines both the color-changing properties of Alexandrite and the distinct cat’s eye effect, which is especially desirable among collectors and gem enthusiasts. When evaluating the quality of a 2.56 carat Alexandrite Cat’s Eye, consider the following: 1. Color Change: Look for a noticeable color shift, typically from greenish in daylight to reddish under incandescent light. The color change is one of the most unique and valuable features of Alexandrite. 2. Cat’s Eye Effect (Chatoyancy ): A sharp, well-defined eye across the stone is ideal. The eye should move smoothly as the gem is rotated under a light source. 3. Clarity: Alexandrite tends to have inclusions, but clarity is still important. Inclusions shouldn’t interfere with the visibility of the cat’s eye. 4. Cut and Shape: A cabochon cut is commonly used to bring out the cat’s eye effect. An oval or round shape typically works best to enhance this phenomenon.",7509935358161,42358059958481,http://jngems.com/cdn/shop/files/alexandrite-cats-eye-256-carats-452712.jpg?v=1746414840,,2025-09-02T05:26:20.847375+00:00
ceylon-sapphire,Collection: Sapphires,https://jngems.com/collections/ceylon-sapphire,https://jngems.com/products/alexandrite-cats-eye,Alexandrite Cat's Eye 1.93 carats,J N Gems,"Rs 172,600.00",172600.0,,,LKR,True,False,1.93,Eye Clean,4 mm,Honey,Cabochon,Sri Lanka,,,JNALCAT193,,,"Weight (carat): 1.93 Clarity: Eye Clean Size: 4 mm Colour: Honey Shape and Cut: Cabochon Origin: Sri Lanka Heated: Certificate: SKU: JNALCAT193 Natural Alexandrite Cat's Eye A natural Alexandrite Cat’s Eye at 1.93 carats is indeed a rare and valuable find. This gemstone combines both the color-changing properties of Alexandrite and the distinct cat’s eye effect, which is especially desirable among collectors and gem enthusiasts. When evaluating the quality of a 1.93-carat Alexandrite Cat’s Eye, consider the following: 1. Color Change: Look for a noticeable color shift, typically from greenish in daylight to reddish under incandescent light. The color change is one of the most unique and valuable features of Alexandrite. 2. Cat’s Eye Effect (Chatoyancy ): A sharp, well-defined eye across the stone is ideal. The eye should move smoothly as the gem is rotated under a light source. 3. Clarity: Alexandrite tends to have inclusions, but clarity is still important. Inclusions shouldn’t interfere with the visibility of the cat’s eye. 4. Cut and Shape: A cabochon cut is commonly used to bring out the cat’s eye effect. An oval or round shape typically works best to enhance this phenomenon.",7509931589841,42358054518993,http://jngems.com/cdn/shop/files/FullSizeRender_ba76501e-461e-404b-b73a-b081853ce910.heic?v=1730102331,,2025-09-02T05:26:23.556086+00:00
ceylon-sapphire,Collection: Sapphires,https://jngems.com/collections/ceylon-sapphire,https://jngems.com/products/chrysoberyl-cats-eye,Chrysoberyl Cat's Eye,J N Gems,"Rs 100,200.00",100200.0,,,LKR,True,False,,Eye Clean,3 mm,Honey,Cabochon,Sri Lanka,,,,,,"Weight (carat): Clarity: Eye Clean Size: 3 mm Colour: Honey Shape and Cut: Cabochon Origin: Sri Lanka Heated: Certificate: SKU: Natural Chrysoberyl Cat's Eye Sri Lankan Origin Chrysoberyl Cat’s Eye gemstones are highly valued, especially when they exhibit a strong, well-centered “ cat’s eye ” effect. The silver ray or “milk and honey” effect is desirable, enhancing the stone’s appeal and visibility of the cat’s eye effect. For a high-quality Chrysoberyl Cat’s Eye over one carat, an oval shape is often preferred to display the optical effect to its best advantage. The intensity of the cat’s eye line, combined with a well-polished cabochon cut, ensures the best appearance.",7509920448721,42358035022033,http://jngems.com/cdn/shop/files/FullSizeRender_12a09a9b-b8c4-4530-9d70-38edd432bc06.heic?v=1730101054,,2025-09-02T05:26:26.028234+00:00
ceylon-sapphire,Collection: Sapphires,https://jngems.com/collections/ceylon-sapphire,https://jngems.com/products/blue-sapphire-13-26-carat,Blue Sapphire 13.26 carat,jngems,"Rs 692,000.00",692000.0,,,LKR,True,False,13.26,Eye Clean,Mix size mm,Vivid Blue,Oval,Sri Lanka,true,,JNBS1326,Blue Sapphire,,"Weight (carat): 13.26 Clarity: Eye Clean Size: Mix size mm Colour: Vivid Blue Shape and Cut: Oval Origin: Sri Lanka Heated: true Certificate: SKU: JNBS1326 Blue Sapphire This Blue Sapphire bracelet or necklace features 16 pieces of oval-shaped, 13.26 carat stones with a vivid royal blue hue. Made of exquisite sapphires from Sri Lanka, this stunning piece is a perfect addition to any jewelry collection. Experience the timeless elegance and luxurious quality of these gemstones.",7507322699985,42352178430161,http://jngems.com/cdn/shop/files/blue-sapphire-1326-carat-930670.jpg?v=1746414795,,2025-09-02T05:26:29.598040+00:00
ceylon-sapphire,Collection: Sapphires,https://jngems.com/collections/ceylon-sapphire,https://jngems.com/products/blue-sapphire-11-63-carat,Blue Sapphire 11.63 carat,jngems,"Rs 692,000.00",692000.0,,,LKR,True,False,11.63,Eye Clean,Mix size mm,Royal Blue,Oval,Sri Lanka,true,,JNBS1163,Blue Sapphire,,"Weight (carat): 11.63 Clarity: Eye Clean Size: Mix size mm Colour: Royal Blue Shape and Cut: Oval Origin: Sri Lanka Heated: true Certificate: SKU: JNBS1163 Blue Sapphire Expertly crafted with 19 pieces of stunning Royal Blue sapphires from Sri Lanka, the Blue Sapphire 11.63 carat is the perfect addition to any bracelet or necklace. Boasting vibrant colors and an elegant oval shape, this piece is sure to impress. Elevate your jewelry collection with this exquisite gemstone.",7507290816721,42352137797841,http://jngems.com/cdn/shop/files/blue-sapphire-1163-carat-876539.jpg?v=1746414782,,2025-09-02T05:26:31.950065+00:00
ceylon-sapphire,Collection: Sapphires,https://jngems.com/collections/ceylon-sapphire,https://jngems.com/products/blue-sapphire-8-98-carat,Blue Sapphire 8.98 carat,jngems,"Rs 692,000.00",692000.0,,,LKR,True,False,8.98,Eye Clean,Mix size mm,Royal Blue,Oval,Sri Lanka,true,,JNBS898,Blue Sapphire,,"Weight (carat): 8.98 Clarity: Eye Clean Size: Mix size mm Colour: Royal Blue Shape and Cut: Oval Origin: Sri Lanka Heated: true Certificate: SKU: JNBS898 Blue Sapphire This Blue Sapphire bracelet or necklace features 16 pieces of oval-shaped, 8.98 carat stones with a vivid royal blue hue. Made of exquisite sapphires from Sri Lanka, this stunning piece is a perfect addition to any jewelry collection. Experience the timeless elegance and luxurious quality of these gemstones.",7507280822481,42352126230737,http://jngems.com/cdn/shop/files/blue-sapphire-898-carat-294820.jpg?v=1746414816,,2025-09-02T05:26:38.088276+00:00
ceylon-sapphire,Collection: Sapphires,https://jngems.com/collections/ceylon-sapphire,https://jngems.com/products/blue-sapphire-17-82-carat,Blue Sapphire 17.82 carat,jngems,"Rs 678,100.00",678100.0,,,LKR,True,False,17.82,Clean,Mix mm,Royal Blue,Oval carving,Sri Lanka,true,,JNBS1782,Cornflower Blue sapphire,,"Weight (carat): 17.82 Clarity: Clean Size: Mix mm Colour: Royal Blue Shape and Cut: Oval carving Origin: Sri Lanka Heated: true Certificate: SKU: JNBS1782 Cornflower Blue sapphire Weight : 17.82 carat Size : Free sizes Shape & cut : oval carving Color : Royal Blue Clarity : clean Treatment : Heated This exquisite 17.82 carat Royal blue Ceylon sapphire, free sizes features a unique step oval With clean clarity and enhanced through heating, this sapphire showcases a vibrant Royal blue hue. Its exceptional brilliance and pristine quality make it an ideal choice for elegant fine jewelry.",7469499875537,42238110564561,http://jngems.com/cdn/shop/files/blue-sapphire-1782-carat-583032.jpg?v=1746414835,,2025-09-02T05:26:41.121967+00:00
ceylon-sapphire,Collection: Sapphires,https://jngems.com/collections/ceylon-sapphire,https://jngems.com/products/blue-sapphire-1-19-carat-1,Blue Sapphire 1.19 carat,J N Gems,"Rs 131,000.00",131000.0,,,LKR,True,False,1.19,Clean,6.7x5.7x4.2 mm,Medium Blue,Pear step,Sri Lanka,true,,JNBS119,Blue Sapphire,,Weight (carat): 1.19 Clarity: Clean Size: 6.7x5.7x4.2 mm Colour: Medium Blue Shape and Cut: Pear step Origin: Sri Lanka Heated: true Certificate: SKU: JNBS119 Blue Sapphire Size :6.7x5.7x4.30mm Weight : 1.19carat Shape: pear shape,7469499318481,42238106337489,http://jngems.com/cdn/shop/files/blue-sapphire-119-carat-143011.jpg?v=1746414783,,2025-09-02T05:26:43.988511+00:00
ceylon-sapphire,Collection: Sapphires,https://jngems.com/collections/ceylon-sapphire,https://jngems.com/products/blue-sapphire-1-07-carat,Blue Sapphire 1.07 carat,jngems,"Rs 197,300.00",197300.0,,,LKR,True,False,1.07,Clean,7.3x5.5 mm,Royal Blue,Oval Step,Sri Lanka,true,,JNBS107,Cornflower Blue sapphire,,"Weight (carat): 1.07 Clarity: Clean Size: 7.3x5.5 mm Colour: Royal Blue Shape and Cut: Oval Step Origin: Sri Lanka Heated: true Certificate: SKU: JNBS107 Cornflower Blue sapphire Weight : 1.07 carat Size : 7.3x 5.5 mm Shape & cut : oval step Color : Royal Blue Clarity : loupe clean Treatment : Heated This exquisite 1.07 carat Royal blue Ceylon sapphire, measuring 7.3x 5.5mm features a unique step oval With loupe clean clarity and enhanced through heating, this sapphire showcases a vibrant Royal blue hue. Its exceptional brilliance and pristine quality make it an ideal choice for elegant fine jewelry.",7469499056337,42238105256145,http://jngems.com/cdn/shop/files/blue-sapphire-107-carat-539539.jpg?v=1746414840,,2025-09-02T05:26:46.306970+00:00
ceylon-sapphire,Collection: Sapphires,https://jngems.com/collections/ceylon-sapphire,https://jngems.com/products/blue-sapphire-1-60-carat,Blue Sapphire 1.60 carat,jngems,"Rs 197,300.00",197300.0,,,LKR,True,False,1.60,Clean,7.5x5.8 mm,Royal Blue,Cushion Step,Sri Lanka,true,,JNBS160,Cornflower Blue sapphire,,"Weight (carat): 1.60 Clarity: Clean Size: 7.5x5.8 mm Colour: Royal Blue Shape and Cut: Cushion Step Origin: Sri Lanka Heated: true Certificate: SKU: JNBS160 Cornflower Blue sapphire Weight : 1.60carat Size : 7.5x5.8mm Shape & cut : cushion step Color : Royal Blue Clarity : loupe clean Treatment : Heated This exquisite 1.60 carat Royal blue Ceylon sapphire, measuring 7.5x5.8mm, features a unique step cushion With loupe clean clarity and enhanced through heating, this sapphire showcases a vibrant Royal blue hue. Its exceptional brilliance and pristine quality make it an ideal choice for elegant fine jewelry.",7469498663121,42238103847121,http://jngems.com/cdn/shop/files/blue-sapphire-160-carat-258349.jpg?v=1746414854,,2025-09-02T05:26:49.856664+00:00
ceylon-sapphire,Collection: Sapphires,https://jngems.com/collections/ceylon-sapphire,https://jngems.com/products/natural-blue-sapphire-1-51-carat,Natural Blue Sapphire 1.51 carat,J N Gems,"Rs 231,200.00",231200.0,,,LKR,True,False,1.51,Clean,8x6x3mm mm,Medium Blue,Cushion step,Sri Lanka,true,,JNBS152,Blue Sapphire,,"Weight (carat): 1.51 Clarity: Clean Size: 8x6x3mm mm Colour: Medium Blue Shape and Cut: Cushion step Origin: Sri Lanka Heated: true Certificate: SKU: JNBS152 Blue Sapphire Blue sapphire, Size :8x6x3.0mm Weight : 1.51 carat Cushion mixed cut",7469498106065,42238101487825,http://jngems.com/cdn/shop/files/natural-blue-sapphire-151-carat-759181.jpg?v=1746414773,,2025-09-02T05:26:52.260904+00:00
ceylon-sapphire,Collection: Sapphires,https://jngems.com/collections/ceylon-sapphire,https://jngems.com/products/natural-pink-sapphire-1,5.76 carat Natural Pink Sapphire lot,jngems,"Rs 266,600.00",266600.0,,,LKR,True,False,5.76,Eye Clean,Mix sizes mm,Powder Pink,Mix shape,Sri Lanka,,,JNPS576,Natural Pink sapphire lot 5.76 carat.,,"Weight (carat): 5.76 Clarity: Eye Clean Size: Mix sizes mm Colour: Powder Pink Shape and Cut: Mix shape Origin: Sri Lanka Heated: Certificate: SKU: JNPS576 Natural Pink sapphire lot 5.76 carat. These are beautiful pink sapphires! With their top clean clarity, beautiful color, and luster, they would be excellent for use in high-quality jewelry or for gem therapy purposes. If you need any information or assistance related to their healing properties or any other aspects, feel free to let us know .",7456665895121,42202386727121,http://jngems.com/cdn/shop/files/576-carat-natural-pink-sapphire-lot-817357.jpg?v=1746414819,,2025-09-02T05:26:55.699377+00:00
ceylon-sapphire,Collection: Sapphires,https://jngems.com/collections/ceylon-sapphire,https://jngems.com/products/blue-sapphire-1-19-carat,Blue Sapphire 1.19 carat,jngems,"Rs 200,400.00",200400.0,,,LKR,True,False,1.19,Loupe Clean,6.3x.6.4mm mm,Medium Blue,Heart Step,Sri Lanka,true,,JNBS119,Blue sapphire,,"Weight (carat): 1.19 Clarity: Loupe Clean Size: 6.3x.6.4mm mm Colour: Medium Blue Shape and Cut: Heart Step Origin: Sri Lanka Heated: true Certificate: SKU: JNBS119 Blue sapphire Weight : 1.19 carat Size : 6.3x6.4mm Shape & cut : Heart / Flower Brilliant Clarity : loupe clean Treatment : Un Heated Presenting an exquisite Medium Blue Sapphire, weighing 1.19 carats, with dimensions of 6.3x.6.4mm. This gem features a unique step and flower brilliant cut, enhancing its natural beauty and maximizing its brilliance. Its vibrant cornflower blue hue is both captivating and rare, making it a highly desirable gemstone. This sapphire is loupe clean, indicating flawless clarity with no visible inclusions even under 10x magnification, ensuring the stone's pure and unblemished appearance. The gem has undergone professional heating, a common and accepted treatment to enhance its color and clarity, ensuring its stunning blue shade is permanently preserved. Sourced from Sri Lanka, known for producing some of the world's finest sapphires, this 1.19 carat Blue Sapphire is a perfect choice for high-end jewelry. Whether set in a ring, pendant, or another piece of fine jewelry, this sapphire's exceptional color, clarity, and cut make it an elegant and timeless treasure.",7448956633297,42183978451153,http://jngems.com/cdn/shop/files/blue-sapphire-119-carat-368232.jpg?v=1746414838,,2025-09-02T05:27:01.273980+00:00
ceylon-sapphire,Collection: Sapphires,https://jngems.com/collections/ceylon-sapphire,https://jngems.com/products/natural-cornflower-blue-sapphire-2-80-carat,Natural Cornflower Blue Sapphire 2.80 carat,jngems,"Rs 949,300.00",949300.0,,,LKR,True,False,2.80,Loupe Clean,8.8x7.5x5.4mm mm,Cornflower Blue,Oval Mixed,Sri Lanka,true,,JNBS280,Cornflower Blue Sapphire,,"Weight (carat): 2.80 Clarity: Loupe Clean Size: 8.8x7.5x5.4mm mm Colour: Cornflower Blue Shape and Cut: Oval Mixed Origin: Sri Lanka Heated: true Certificate: SKU: JNBS280 Cornflower Blue Sapphire Weight :2.80 carat size 8.8x7.0x5.40 mm This cornflower blue spinel you described sounds exquisite and ideal for a high-end jewelry piece, particularly a ladies' ring. Here are the key features summarized and their implications: 1.Weight: 2.80 carat This is a substantial size for a gemstone, making it quite noticeable and likely the centerpiece of any jewelry piece. 2. Size: 8.8 x 7.0 x 5.40 mm These dimensions indicate a well-proportioned stone with a good depth, which can contribute to its brilliance and presence. 3. Color : Beautiful cornflower blue Cornflower blue is a highly prized color in gemstones, often associated with high-quality sapphires. This color is characterized by its medium-light tone and pure blue hue. 4. Clarity: Loupe clean The absence of visible inclusions under 10x magnification denotes a high level of clarity, enhancing the stone's overall appearance and value. 5. Luster : Good luster This refers to the way light interacts with the surface of the gemstone, contributing to its brilliance and visual appeal. 6.Setting Recommendation: Good for a ladies' ring with white gold White gold is a great choice for setting this spinel, as it complements the blue color, providing a sleek and modern look. White gold also offers durability, which is important for everyday wear in rings. Design Considerations for the Ring: Prong Setting: A prong setting will maximize the visibility of the gemstone, showcasing its color and clarity. Halo Setting : Surrounding the spinel with small diamonds can add sparkle and enhance the overall visual impact of the ring. Solitaire Setting : A solitaire setting focuses all attention on the spinel, allowing its beauty to stand out. Vintage or Contemporary Design : Depending on personal taste, the ring can feature intricate vintage details or sleek modern lines. Maintenance Tips: Regular Cleaning : Keep the stone and setting clean to maintain their brilliance. Use mild soap and water, and avoid harsh chemicals. Check the Setting: Periodically ensure that the setting is secure, especially with prong settings, to prevent the gemstone from becoming loose. Store Properly : When not wearing the ring, store it in a soft cloth or padded jewelry box to avoid scratches and damage. This stunning cornflower blue spinel will make a remarkable and elegant statement piece in a white gold ring, perfect for a sophisticated and timeless look.",7444118864081,42171656700113,http://jngems.com/cdn/shop/files/natural-cornflower-blue-sapphire-280-carat-624885.jpg?v=1746414925,,2025-09-02T05:27:04.391040+00:00
ceylon-sapphire,Collection: Sapphires,https://jngems.com/collections/ceylon-sapphire,https://jngems.com/products/royal-blue-sapphire-0-96carat,Royal Blue Sapphire 0.96carat,J N Gems,"Rs 104,800.00",104800.0,,,LKR,True,False,0.96,Loupe clean,7.8x6.0mm mm,Royal Blue,Pear mix brilliant,Ceylon,true,,JNBS096,"the Royal Blue Sapphire. With an impressive weight of 0.96 carats, this majestic gem commands attention with its captivating Pear step cut, measuring 7.8x.6.0mm. Its top-tier clarity and exceptional cutting quality ensure a mesmerizing brilliance that dazzles from every angle. Originating from Sri Lanka, renowned for producing some of the world's finest blue sapphires, this gem showcases a rich, deep hue that embodies timeless elegance. this Royal Blue Sapphire is a true masterpiece of nature's finest craftsmanship.",,"Weight (carat): 0.96 Clarity: Loupe clean Size: 7.8x6.0mm mm Colour: Royal Blue Shape and Cut: Pear mix brilliant Origin: Ceylon Heated: true Certificate: SKU: JNBS096 the Royal Blue Sapphire. With an impressive weight of 0.96 carats, this majestic gem commands attention with its captivating Pear step cut, measuring 7.8x.6.0mm. Its top-tier clarity and exceptional cutting quality ensure a mesmerizing brilliance that dazzles from every angle. Originating from Sri Lanka, renowned for producing some of the world's finest blue sapphires, this gem showcases a rich, deep hue that embodies timeless elegance. this Royal Blue Sapphire is a true masterpiece of nature's finest craftsmanship.",7444113817809,42171604402385,http://jngems.com/cdn/shop/files/royal-blue-sapphire-096carat-579494.jpg?v=1746414822,,2025-09-02T05:27:07.559045+00:00
ceylon-sapphire,Collection: Sapphires,https://jngems.com/collections/ceylon-sapphire,https://jngems.com/products/ceylon-royal-blue-sapphire-1-37-carat,Ceylon Royal Blue Sapphire 1.37 carat,J N Gems,"Rs 161,900.00",161900.0,,,LKR,True,False,1.37,Loupe clean,7x6mm mm,Royal Blue,Cushion mix brilliant,,,,JNBS137,"the Royal Blue Sapphire. With an impressive weight of 1.37 carats, this majestic gem commands attention with its captivating cushion step cut, measuring 7.0x.6.0mm. Its top-tier clarity and exceptional cutting quality ensure a mesmerizing brilliance that dazzles from every angle. Originating from Sri Lanka, renowned for producing some of the world's finest blue sapphires, this gem showcases a rich, deep hue that embodies timeless elegance. this Royal Blue Sapphire is a true masterpiece of nature's finest craftsmanship.",,"Weight (carat): 1.37 Clarity: Loupe clean Size: 7x6mm mm Colour: Royal Blue Shape and Cut: Cushion mix brilliant Origin: Heated: Certificate: SKU: JNBS137 the Royal Blue Sapphire. With an impressive weight of 1.37 carats, this majestic gem commands attention with its captivating cushion step cut, measuring 7.0x.6.0mm. Its top-tier clarity and exceptional cutting quality ensure a mesmerizing brilliance that dazzles from every angle. Originating from Sri Lanka, renowned for producing some of the world's finest blue sapphires, this gem showcases a rich, deep hue that embodies timeless elegance. this Royal Blue Sapphire is a true masterpiece of nature's finest craftsmanship.",7444111556817,42171581661393,http://jngems.com/cdn/shop/files/ceylon-royal-blue-sapphire-137-carat-411075.jpg?v=1746414815,,2025-09-02T05:27:10.116621+00:00
ceylon-sapphire,Collection: Sapphires,https://jngems.com/collections/ceylon-sapphire,https://jngems.com/products/3-13-carat-blue-sapphire,Blue Sapphire 3.13 carat,J N Gems,"Rs 770,600.00",770600.0,,,LKR,True,False,3.13,Clean,10.2x7.7x4.5mm mm,Medium,Oval Brilliant mixed,Sri Lanka,true,,JNBS313,Blue Sapphire 3.13 carat,,Weight (carat): 3.13 Clarity: Clean Size: 10.2x7.7x4.5mm mm Colour: Medium Shape and Cut: Oval Brilliant mixed Origin: Sri Lanka Heated: true Certificate: SKU: JNBS313 Blue Sapphire 3.13 carat Size : 10.2x7.7mm Shape : Oval step brilliant cut Treatment : Heated Color : Medium Blue,7444108280017,42171552006353,http://jngems.com/cdn/shop/files/blue-sapphire-313-carat-436857.jpg?v=1746414781,,2025-09-02T05:27:12.576092+00:00
ceylon-sapphire,Collection: Sapphires,https://jngems.com/collections/ceylon-sapphire,https://jngems.com/products/2-68-carat-unheated-blue-sapphire,2.68 carat Unheated Blue Sapphire,J N Gems,"Rs 266,600.00",266600.0,,,LKR,True,False,2.68,Clean,7.8x7.5x5.2mm mm,Medium,Cushion Brilliant mixed,Sri Lanka,false,,,Unheated Blue Sapphire 2.68 carat,,Weight (carat): 2.68 Clarity: Clean Size: 7.8x7.5x5.2mm mm Colour: Medium Shape and Cut: Cushion Brilliant mixed Origin: Sri Lanka Heated: false Certificate: SKU: Unheated Blue Sapphire 2.68 carat Size : 7.8x7.5x5.2mm Shape : cushion step brilliant cut,7444103168209,42171511537873,http://jngems.com/cdn/shop/files/268-carat-unheated-blue-sapphire-114723.jpg?v=1746414773,,2025-09-02T05:27:14.441743+00:00
ceylon-sapphire,Collection: Sapphires,https://jngems.com/collections/ceylon-sapphire,https://jngems.com/products/royal-blue-sapphire-2-16-carat,Royal Blue Sapphire 2.16 carat,jngems,"Rs 332,900.00",332900.0,,,LKR,True,False,2.87,Eye Clean,8.0mm mm,Royal Blue,Oval Step,Sri Lanka,true,,JNBS216,Royal Blue sapphire,,Weight (carat): 2.87 Clarity: Eye Clean Size: 8.0mm mm Colour: Royal Blue Shape and Cut: Oval Step Origin: Sri Lanka Heated: true Certificate: SKU: JNBS216 Royal Blue sapphire Weight : 2.16 carat Size : 7.0x6.5mm Shape & cut : Step / Flower Brilliant Clarity : eye clean Treatment : Heated,7443218956497,42169785581777,http://jngems.com/cdn/shop/files/royal-blue-sapphire-216-carat-717981.jpg?v=1746414810,,2025-09-02T05:27:17.203508+00:00
ceylon-sapphire,Collection: Sapphires,https://jngems.com/collections/ceylon-sapphire,https://jngems.com/products/royal-blue-sapphire-2-87-carat,Royal Blue Sapphire 2.87 carat,jngems,"Rs 456,200.00",456200.0,,,LKR,True,False,2.87,Eye Clean,8.0mm mm,Royal Blue,Round Step,Sri Lanka,true,,JNBS287,Royal Blue sapphire,,"Weight (carat): 2.87 Clarity: Eye Clean Size: 8.0mm mm Colour: Royal Blue Shape and Cut: Round Step Origin: Sri Lanka Heated: true Certificate: SKU: JNBS287 Royal Blue sapphire Weight : 2.87carat Size : 8.0mm Shape & cut : Step / Flower Brilliant Clarity : eye clean Treatment : Heated Introducing a magnificent Royal Blue Sapphire, weighing 2.87 carats and measuring 8.0mm in diameter. This exceptional gemstone is masterfully cut in a step and flower brilliant style, which enhances its inherent brilliance and radiance. The sapphire displays a deep, enchanting royal blue hue, renowned for its intensity and allure. It is eye-clean, indicating no visible inclusions to the naked eye, ensuring a pristine and striking appearance. Professionally heated, this treatment has been applied to enhance the stone's vibrant color and clarity, securing its beautiful royal blue shade permanently. Sourced from renowned origins, this 2.87-carat Royal Blue Sapphire is an ideal centerpiece for luxurious jewelry designs. Whether set in a ring, pendant, or any bespoke piece, its exquisite color, clarity, and cut make it a timeless and elegant gem, destined to captivate and impress.",7443213287633,42169762840785,http://jngems.com/cdn/shop/files/royal-blue-sapphire-287-carat-252579.jpg?v=1746414794,,2025-09-02T05:27:19.351278+00:00
ceylon-sapphire,Collection: Sapphires,https://jngems.com/collections/ceylon-sapphire,https://jngems.com/products/cornflower-blue-sapphire-2-09,Cornflower Blue Sapphire 2.09,jngems,"Rs 425,400.00",425400.0,,,LKR,True,False,2.09,Loupe Clean,8.7x6.5mm mm,Royal Blue,Oval Step,Sri Lanka,true,,JNBS209,Cornflower Blue sapphire,,"Weight (carat): 2.09 Clarity: Loupe Clean Size: 8.7x6.5mm mm Colour: Royal Blue Shape and Cut: Oval Step Origin: Sri Lanka Heated: true Certificate: SKU: JNBS209 Cornflower Blue sapphire Weight : 2.09 carat Size : 8.7x6.5mm Shape & cut : Step / Flower Brilliant Clarity : loupe clean Treatment : Heated Presenting an exquisite Cornflower Blue Sapphire, weighing 2.09 carats, with dimensions of 8.7x6.5mm. This gem features a unique step and flower brilliant cut, enhancing its natural beauty and maximizing its brilliance. Its vibrant cornflower blue hue is both captivating and rare, making it a highly desirable gemstone. This sapphire is loupe clean, indicating flawless clarity with no visible inclusions even under 10x magnification, ensuring the stone's pure and unblemished appearance. The gem has undergone professional heating, a common and accepted treatment to enhance its color and clarity, ensuring its stunning blue shade is permanently preserved. Sourced from Sri Lanka, known for producing some of the world's finest sapphires, this 2.09-carat Cornflower Blue Sapphire is a perfect choice for high-end jewelry. Whether set in a ring, pendant, or another piece of fine jewelry, this sapphire's exceptional color, clarity, and cut make it an elegant and timeless treasure.",7443194216657,42169677283537,http://jngems.com/cdn/shop/files/cornflower-blue-sapphire-209-675231.jpg?v=1746414790,,2025-09-02T05:27:24.847586+00:00
ceylon-sapphire,Collection: Sapphires,https://jngems.com/collections/ceylon-sapphire,https://jngems.com/products/cornflower-blue-sapphire-4-39,Cornflower Blue Sapphire 4.35,jngems,"Rs 1,186,600.00",1186600.0,,,LKR,True,False,4.35,Eye Clean,11x9.0mm mm,Cornflower Blue,Oval Step,Sri Lanka,true,,JNBS439,Cornflower Blue sapphire,,"Weight (carat): 4.35 Clarity: Eye Clean Size: 11x9.0mm mm Colour: Cornflower Blue Shape and Cut: Oval Step Origin: Sri Lanka Heated: true Certificate: SKU: JNBS439 Cornflower Blue sapphire Weight : 4.35 Size : 11x9.0mm Shape & cut : Step / Flower Brilliant Clarity : Eye clean Treatment : Heated This stunning 4.35-carat Cornflower Blue Sapphire is a true masterpiece, featuring an oval step cut that measures 11x9mm. Its mesmerizing cornflower blue hue, renowned for its vivid and pure color, is complemented by its eye-clean clarity, free from visible inclusions. This sapphire's exceptional quality and brilliance are further accentuated by its precise oval step cut, which enhances the stone's natural beauty and depth. Sourced from Sri Lanka, a region celebrated for producing some of the finest sapphires in the world, this gem embodies the pinnacle of elegance and luxury. Ideal for fine jewelry, this 4.39-carat Cornflower Blue Sapphire is perfect for creating an exquisite centerpiece in a ring, pendant, or other bespoke pieces. Its captivating color and impeccable clarity make it a highly sought-after gemstone, destined to be cherished for generations.",7443189498065,42169649856721,http://jngems.com/cdn/shop/files/cornflower-blue-sapphire-435-486599.jpg?v=1746414829,,2025-09-02T05:27:28.089064+00:00
ceylon-sapphire,Collection: Sapphires,https://jngems.com/collections/ceylon-sapphire,https://jngems.com/products/cornflower-blue-sapphire-3-26,Cornflower Blue Sapphire 3.26,jngems,"Rs 685,800.00",685800.0,,,LKR,True,False,3.26,Eye Clean,10x7.5mm mm,Cornflower Blue,Oval Step,Sri Lanka,true,,JNBS326,Cornflower Blue sapphire,,"Weight (carat): 3.26 Clarity: Eye Clean Size: 10x7.5mm mm Colour: Cornflower Blue Shape and Cut: Oval Step Origin: Sri Lanka Heated: true Certificate: SKU: JNBS326 Cornflower Blue sapphire Weight : 3.26 carat Size : 10x7.50mm Shape & cut : Step / Flower Brilliant Clarity : Eye clean Treatment : Heated The 3.26-carat Cornflower Blue Sapphire is an exquisite gemstone with a stunning, vivid blue color that captures the essence of a perfect cornflower. This eye-clean stone, free from visible inclusions, showcases exceptional clarity that enhances its brilliance and appeal. Cut into an elegant oval step cut, this sapphire reveals a sophisticated symmetry and a polished finish that highlights its natural beauty. Originating from Sri Lanka, known for producing some of the world's finest sapphires, this Cornflower Blue Sapphire is a rare find. Its vibrant hue, combined with its size and clarity, makes it a highly desirable piece for collectors and jewelry enthusiasts. Whether set in a ring, pendant, or any other jewelry piece, this beautiful stone is sure to be a standout, exuding elegance and timeless charm.",7443180028113,42169611682001,http://jngems.com/cdn/shop/files/cornflower-blue-sapphire-326-146941.jpg?v=1746414811,,2025-09-02T05:27:30.377534+00:00
ceylon-sapphire,Collection: Sapphires,https://jngems.com/collections/ceylon-sapphire,https://jngems.com/products/blue-sapphire-2-60-carat,Blue Sapphire 2.60 carat,jngems,"Rs 425,400.00",425400.0,,,LKR,True,False,2.60,Eye Clean,8.1x7.5 mm,Cornflower Blue,Oval Step,Sri Lanka,true,,,Cornflower Blue sapphire,,"Weight (carat): 2.60 Clarity: Eye Clean Size: 8.1x7.5 mm Colour: Cornflower Blue Shape and Cut: Oval Step Origin: Sri Lanka Heated: true Certificate: SKU: Cornflower Blue sapphire Weight : 2.60 carat Size : 8.1x7.5mm Shape & cut : Step / Flower Brilliant Clarity : eye clean Treatment : Heated This stunning Ceylon sapphire weighs 2.60 carats and measures8.1x7.5 mm. Its step and flower brilliant cut enhances its natural beauty, showcasing a mesmerizing cornflower blue hue. Loupe clean clarity ensures there are no visible inclusions, and the gemstone has been heated to enhance its vibrant color and brilliance. This exquisite sapphire is a perfect choice for fine jewelry, offering a timeless and elegant addition to any collection.",7443178127569,42169603195089,http://jngems.com/cdn/shop/files/blue-sapphire-260-carat-681829.jpg?v=1746414853,,2025-09-02T05:27:32.514930+00:00
ceylon-sapphire,Collection: Sapphires,https://jngems.com/collections/ceylon-sapphire,https://jngems.com/products/blue-sapphire-1,Blue sapphire,jngems,"Rs 234,300.00",234300.0,,,LKR,True,False,1.67,Eye Clean,8.5x5.8 mm,Medium Blue,Oval Step,Sri Lanka,true,,JNBS167.1,Weight : 1.67 carat Size : 8.5x5.80mm Shape & cut : Step Brilliant Clarity : Loupe clean Treatment : Heated,,Weight (carat): 1.67 Clarity: Eye Clean Size: 8.5x5.8 mm Colour: Medium Blue Shape and Cut: Oval Step Origin: Sri Lanka Heated: true Certificate: SKU: JNBS167.1 Blue sapphire Weight : 1.67 carat Size : 8.5x5.80mm Shape & cut : Step Brilliant Clarity : Loupe clean Treatment : Heated,7442664620241,42167978492113,http://jngems.com/cdn/shop/files/blue-sapphire-876077.jpg?v=1746414840,,2025-09-02T05:27:35.342420+00:00
ceylon-sapphire,Collection: Sapphires,https://jngems.com/collections/ceylon-sapphire,https://jngems.com/products/cornflower-blue-sapphire-1-60-carat,Cornflower Blue Sapphire 1.60 carat,jngems,"Rs 197,300.00",197300.0,,,LKR,True,False,1.97,Eye Clean,8.2x7.1x4 mm,Royal Blue,Oval Step,Sri Lanka,true,,JNBS167,Cornflower Blue sapphire,,"Weight (carat): 1.97 Clarity: Eye Clean Size: 8.2x7.1x4 mm Colour: Royal Blue Shape and Cut: Oval Step Origin: Sri Lanka Heated: true Certificate: SKU: JNBS167 Cornflower Blue sapphire Weight : 1.60 carat Size : 7.5 x 5.85 x 4.0 mm Shape & cut : Step / Flower Brilliant Clarity : loupe clean Treatment : Heated This exquisite 1.60 carat cornflower blue Ceylon sapphire, measuring 7.5 x 5.85 x 4.0 mm, features a unique step and flower brilliant cut. With loupe clean clarity and enhanced through heating, this sapphire showcases a vibrant cornflower blue hue. Its exceptional brilliance and pristine quality make it an ideal choice for elegant fine jewelry.",7442039898321,42165168603345,http://jngems.com/cdn/shop/files/cornflower-blue-sapphire-160-carat-822004.jpg?v=1746414802,,2025-09-02T05:27:37.341839+00:00
ceylon-sapphire,Collection: Sapphires,https://jngems.com/collections/ceylon-sapphire,https://jngems.com/products/sapphire,Sapphire,J N Gems,"Rs 57,018,000.00",57018000.0,,,LKR,True,False,,,1 mm,,,Sri lanka,,,,Sapphires Moth er Rock Over 300KG,,"Weight (carat): Clarity: Size: 1 mm Colour: Shape and Cut: Origin: Sri lanka Heated: Certificate: SKU: Sapphires Moth er Rock Over 300KG This exceptional specimen, weighing over 300 kg, is a rare and magnificent natural corundum crystal from the famed Rathanapura Gem Mine in Sri Lanka. Known for producing some of the world's finest sapphires, this mother rock showcases the stunning beauty and geological significance of Ceylon sapphires. Geological Significance Origin :Rathanapura, also known as the ""City of Gems,"" is renowned for its rich gem deposits. It is located in the Sabaragamuwa Province of Sri Lanka, a region celebrated for its high-quality sapphire production. Composition : The primary mineral in this specimen is corundum, an aluminum oxide (Al₂O₃) that ranks 9 on the Mohs scale of hardness, making it one of the hardest minerals on Earth. Sapphires are a variety of corundum, typically exhibiting a blue hue due to the presence of trace elements like iron and titanium. Physical Characteristics: Weight :Over 300 kg Size The dimensions of this massive corundum crystal highlight the incredible size and quality of the material sourced from this region. Color: While the exterior may appear rugged and unassuming, the interior of such mother rocks can contain medium blue sapphires, varying from light blue to deep royal blue. Extraction and Significance: Mining Process : Extracting such a large specimen requires careful and skilled mining techniques to preserve the integrity of the crystal. This process highlights the expertise of miners in Rathanapura. Economic Value: Ceylon sapphires are highly prized in the global gemstone market. Their exceptional clarity, color, and size make them desirable for both collectors and jewelers. Cultural Importance : Sapphires from Sri Lanka hold a historical significance, being treasured by royalty and gem enthusiasts for centuries. They symbolize wisdom, virtue, and good fortune. Conclusion : This 300 kg mother rock is not only a testament to the natural beauty and geological richness of the Rathanapura region but also an emblem of the enduring legacy of Ceylon sapphires in the gemstone world. It represents the pinnacle of natural sapphire formation and the meticulous effort required to unearth such treasures.",7426756477137,42127260549329,http://jngems.com/cdn/shop/files/sapphire-580656.jpg?v=1746414853,,2025-09-02T05:27:40.844729+00:00
ceylon-sapphire,Collection: Sapphires,https://jngems.com/collections/ceylon-sapphire,https://jngems.com/products/natural-medium-blue-sapphire-2-96-carat,Natural Blue Sapphire 2.96 carat,J N Gems,"Rs 545,600.00",545600.0,,,LKR,True,False,2.96,Eye clean,8.7x7.3x5.5 mm,Medium Blue,Oval mix brilliant,,,,,Blue Sapphire,,"Weight (carat): 2.96 Clarity: Eye clean Size: 8.7x7.3x5.5 mm Colour: Medium Blue Shape and Cut: Oval mix brilliant Origin: Heated: Certificate: SKU: Blue Sapphire Blue Sapphire. Weighing 2.96 carats, this stunning gem showcases an elegant oval step cut, measuring 8.7x7.3x5.5mm. Eye-clean clarity and exquisite cutting quality, it exudes brilliance that captivates the senses. Perfect for a pendant, Elevate your style with the timeless charm of this Blue Sapphire, a treasure to be cherished for a lifetime. Mined from the depths of the earth, this exquisite sapphire radiates elegance and sophistication, capturing the essence of timeless beauty. Each facet of this gemstone has been meticulously cut to perfection, enhancing its brilliance and fire to mesmerizing levels. With superb clarity that allows light to dance effortlessly within the stone, this blue sapphire possesses a luminous depth that is truly breathtaking. Whether set in a stunning ring, pendant, or earrings, this superlative gemstone is sure to become the centerpiece of any jewelry collection, evoking a sense of luxury and refinement with every glance. Elevate your style and embrace the allure of natural blue sapphire with this exceptional specimen of superb quality and craftsmanship.",7408868425937,42078811554001,http://jngems.com/cdn/shop/files/natural-blue-sapphire-296-carat-515915.jpg?v=1746414847,,2025-09-02T05:27:45.965516+00:00
ceylon-sapphire,Collection: Sapphires,https://jngems.com/collections/ceylon-sapphire,https://jngems.com/products/natural-royal-blue-sapphire-1-44-carat,Natural Royal Blue Sapphire 1.44 carat,J N Gems,"Rs 274,400.00",274400.0,,,LKR,True,False,1.44,Loupe clean,7.0x6.5x3.8 mm,Royal Blue,Oval mix brilliant,,,,,The Royal Blue Sapphire.,,"Weight (carat): 1.44 Clarity: Loupe clean Size: 7.0x6.5x3.8 mm Colour: Royal Blue Shape and Cut: Oval mix brilliant Origin: Heated: Certificate: SKU: The Royal Blue Sapphire. The Royal Blue Sapphire weighing 1.44 carats, this exquisite jewel features an alluring oval step cut, measuring 7.0x6.5x3.8mm. Its top-tier clarity and impeccable cutting quality ensure a brilliance that captivates the eye.Renowned for producing some of the world's most coveted blue sapphires, this Royal Blue Sapphire is a testament to the timeless allure of nature's finest creations.",7408865181905,42078803755217,http://jngems.com/cdn/shop/files/natural-royal-blue-sapphire-144-carat-351088.jpg?v=1746414824,,2025-09-02T05:27:49.173922+00:00
ceylon-sapphire,Collection: Sapphires,https://jngems.com/collections/ceylon-sapphire,https://jngems.com/products/natural-ice-blue-sapphire-1-66-carat,Natural Ice Blue Sapphire 1.66 carat,J N Gems,"Rs 152,600.00",152600.0,,,LKR,True,False,1.66,Loupe clean,7.5x6.5x4.0 mm,Ice Blue,Oval mix brilliant,,,,,Natural Blue Sapphire.,,"Weight (carat): 1.66 Clarity: Loupe clean Size: 7.5x6.5x4.0 mm Colour: Ice Blue Shape and Cut: Oval mix brilliant Origin: Heated: Certificate: SKU: Natural Blue Sapphire. Introducing a natural wonder , the Natural Blue Sapphire. Weighing 1.66 carats, this gem boasts a mesmerizing ice blue color, exuding a serene and enchanting allure. With a medium color intensity, it strikes the perfect balance, captivating the eye without overwhelming. Its oval step cut, measuring 7.5x6.5x4.0mm, showcases the gem's inherent elegance and sophistication. Whether gracing a piece of jewelry or admired in its natural splendor, this Natural Blue Sapphire is a captivating testament to the beauty of nature's treasures.",7408858235089,42078791499985,http://jngems.com/cdn/shop/files/natural-ice-blue-sapphire-166-carat-819652.jpg?v=1746414855,,2025-09-02T05:27:51.789670+00:00
ceylon-sapphire,Collection: Sapphires,https://jngems.com/collections/ceylon-sapphire,https://jngems.com/products/natural-royal-blue-sapphire-1-84-carat,Natural Royal Blue Sapphire 1.84 carat,J N Gems,"Rs 397,000.00",397000.0,,,LKR,True,False,1.84,Loupe clean,7.5x6.2x4.3 mm,Royal Blue,Oval mix brilliant,,,,JNBS184,Royal Blue Sapphire.,,"Weight (carat): 1.84 Clarity: Loupe clean Size: 7.5x6.2x4.3 mm Colour: Royal Blue Shape and Cut: Oval mix brilliant Origin: Heated: Certificate: SKU: JNBS184 Royal Blue Sapphire. the Royal Blue Sapphire. With a weight of 1.84 carats and an elegant oval step cut measuring 7.5x6.2x4.3mm, this gem exudes sophistication and grace. Its top-tier clarity and precise cutting quality ensure a mesmerizing brilliance that captivates all who behold it. Originating from Sri Lanka, renowned for producing some of the finest blue sapphires in the world, this gem showcases a deep, lustrous hue that is truly captivating. Whether adorning a piece of jewelry or cherished as a collector's item, this Royal Blue Sapphire is a timeless treasure of unparalleled beauty.",7408845258961,42078765940945,http://jngems.com/cdn/shop/files/natural-royal-blue-sapphire-184-carat-385272.jpg?v=1746414812,,2025-09-02T05:27:55.045794+00:00
ceylon-sapphire,Collection: Sapphires,https://jngems.com/collections/ceylon-sapphire,https://jngems.com/products/1-10-carat-natural-peach-sapphire,Natural Peach Sapphire 1.10 carat,jngems,"Rs 262,000.00",262000.0,,,LKR,True,False,1.10,Loupe Clean,7.4x.5.4x.4.1 mm,Light Pinkish,Octagon Radiant,Sri Lanka,false,,JNPEACH110,Natural peach sapphire,,Weight (carat): 1.10 Clarity: Loupe Clean Size: 7.4x.5.4x.4.1 mm Colour: Light Pinkish Shape and Cut: Octagon Radiant Origin: Sri Lanka Heated: false Certificate: SKU: JNPEACH110 Natural peach sapphire Natural peach sapphire Octagon shape Radiant cut,7399793492177,42059683791057,http://jngems.com/cdn/shop/files/natural-peach-sapphire-110-carat-383989.jpg?v=1746414863,,2025-09-02T05:27:57.845345+00:00
ceylon-sapphire,Collection: Sapphires,https://jngems.com/collections/ceylon-sapphire,https://jngems.com/products/1-10-carst-unheated-natural-padparadscha-sapphire,1.10 carst Unheated Natural Padparadscha Sapphire,J N Gems,"Rs 274,400.00",274400.0,,,LKR,True,False,0.66,Eye Clean,7x5x2.7mm mm,Orangish Pink,Pear step,Sri Lanka,false,,JNPAD-110,Padparadscha,,"Weight (carat): 0.66 Clarity: Eye Clean Size: 7x5x2.7mm mm Colour: Orangish Pink Shape and Cut: Pear step Origin: Sri Lanka Heated: false Certificate: SKU: JNPAD-110 Padparadscha Exuding the enchanting allure of an unheated Padparadscha, this 1.10 carat gemstone displays a captivating orangish-pink base hue. With a clean oval cut, its facets shimmer with brilliance, enhancing its natural beauty. Measuring 7.24x5.74x3.20mm, this Padparadscha gemstone is a rare and exquisite treasure, perfect for adding a touch of elegance to any jewelry piece or collection.",7399777501393,42059606884561,http://jngems.com/cdn/shop/files/110-carst-unheated-natural-padparadscha-sapphire-630794.jpg?v=1746414817,,2025-09-02T05:28:01.703544+00:00
ceylon-sapphire,Collection: Sapphires,https://jngems.com/collections/ceylon-sapphire,https://jngems.com/products/0-66-carat-natural-padparadscha-sapphire,Exuding the enchanting allure of a Padparadscha 0.66 carat,J N Gems,"Rs 169,600.00",169600.0,,,LKR,True,False,0.66,Eye Clean,7x5x2.7mm mm,Orangish Pink,Pear step,Sri Lanka,false,,JNPAD066,Padparadscha,,"Weight (carat): 0.66 Clarity: Eye Clean Size: 7x5x2.7mm mm Colour: Orangish Pink Shape and Cut: Pear step Origin: Sri Lanka Heated: false Certificate: SKU: JNPAD066 Padparadscha Exuding the enchanting allure of a Padparadscha, this 0.66 carat pear-shaped gemstone displays a captivating orangish-pink hue. With eye-clean clarity, its facets shimmer with brilliance, enhancing its natural beauty. Whether admired as a standalone treasure or incorporated into a stunning jewelry piece, this Padparadscha gemstone radiates elegance and sophistication, making it a cherished addition to any collection.",7398063145169,42056578597073,http://jngems.com/cdn/shop/files/exuding-the-enchanting-allure-of-a-padparadscha-066-carat-876185.jpg?v=1746414846,,2025-09-02T05:28:04.579429+00:00
ceylon-sapphire,Collection: Sapphires,https://jngems.com/collections/ceylon-sapphire,https://jngems.com/products/1-38-carat-natural-padparadscha-sapphire,Exuding rare beauty Natural Padparadscha Sapphire-1.38 carat,J N Gems,"Rs 274,400.00",274400.0,,,LKR,True,False,1.38,Loupe Clean,7.6x6.4x3.2 mm,Orangish Pink,Oval step,Sri Lanka,false,CGSB91505,JNPAD138,Padparadscha,,"Weight (carat): 1.38 Clarity: Loupe Clean Size: 7.6x6.4x3.2 mm Colour: Orangish Pink Shape and Cut: Oval step Origin: Sri Lanka Heated: false Certificate: CGSB91505 SKU: JNPAD138 Padparadscha Exuding rare beauty, this 1.38 carat natural pinkish-orange Natural Padparadscha gemstone enchants with its unique hue reminiscent of a delicate sunset. Crafted into a step-cut oval shape measuring 7.6x6.4x3.2mm, its facets are arranged to showcase its mesmerizing color and clarity. With a clean appearance, this stone sparkles with brilliance, captivating admirers with its ethereal charm. Whether set in a statement ring or cherished as a collector's item, this Padparadscha gem embodies timeless elegance and allure.",7398046499025,42056483668177,http://jngems.com/cdn/shop/files/exuding-rare-beauty-natural-padparadscha-sapphire-138-carat-420294.jpg?v=1746414811,,2025-09-02T05:28:10.137038+00:00
ceylon-sapphire,Collection: Sapphires,https://jngems.com/collections/ceylon-sapphire,https://jngems.com/products/1-08-carat-natural-pink-sapphire,1.08 carat Natural Hot Pink Sapphire,jngems,"Rs 107,900.00",107900.0,,,LKR,True,False,1.08,Eye Clean,8x6x3.0 mm,Hot pink,Tear Drop step,Sri Lanka,true,,JNPS108,pink sapphire,,"Weight (carat): 1.08 Clarity: Eye Clean Size: 8x6x3.0 mm Colour: Hot pink Shape and Cut: Tear Drop step Origin: Sri Lanka Heated: true Certificate: SKU: JNPS108 pink sapphire Exuding fiery elegance, this 1.08 carat natural hot pink sapphire showcases a mesmerizing tear drop shape. With its vibrant hue reminiscent of passion and intensity, it captivates the beholder. Boasting eye-clean clarity, its facets shimmer with brilliance, illuminating every angle. Measuring 8x6x3mm, this gemstone is perfectly suited for adding a bold statement to any jewelry piece. Whether adorning a necklace or enhancing a pair of earrings, this hot pink sapphire embodies sophistication and charm, making it a coveted addition to any collection.",7398039060689,42056454865105,http://jngems.com/cdn/shop/files/108-carat-natural-hot-pink-sapphire-913887.jpg?v=1746414856,,2025-09-02T05:28:12.932674+00:00
ceylon-sapphire,Collection: Sapphires,https://jngems.com/collections/ceylon-sapphire,https://jngems.com/products/1-06-carat-natural-pink-sapphire,1.06 carat Natural Pink Sapphire,jngems,"Rs 89,400.00",89400.0,,,LKR,True,False,1.06,Clean,6.5x5x3.5 mm,Powder Pink,Oval step,Sri Lanka,true,,JNPS106,Natural Pink Sapphire,,Weight (carat): 1.06 Clarity: Clean Size: 6.5x5x3.5 mm Colour: Powder Pink Shape and Cut: Oval step Origin: Sri Lanka Heated: true Certificate: SKU: JNPS106 Natural Pink Sapphire,7398033981649,42056433270993,http://jngems.com/cdn/shop/files/106-carat-natural-pink-sapphire-152248.jpg?v=1746414800,,2025-09-02T05:28:15.668595+00:00
ceylon-sapphire,Collection: Sapphires,https://jngems.com/collections/ceylon-sapphire,https://jngems.com/products/1-10-carat-natural-pink-sapphire,1.10 carat Natural Pink Sapphire,jngems,"Rs 111,000.00",111000.0,,,LKR,True,False,1.10,Clean,7x4.8x.30 mm,Powder Pink,Octagon Radiant,Sri Lanka,false,,JNPS110,"Crafted with exquisite precision, this 1.10 carat natural pink sapphire 7x4.8x3.0mm mesmerizes with its vivid hue, evoking images of blooming petals and romantic sunsets. Fashioned into an octagonal radiant cut, its facets dance with light, enhancing its brilliance and allure.",,"Weight (carat): 1.10 Clarity: Clean Size: 7x4.8x.30 mm Colour: Powder Pink Shape and Cut: Octagon Radiant Origin: Sri Lanka Heated: false Certificate: SKU: JNPS110 pink sapphire Crafted with exquisite precision, this 1.10 carat natural pink sapphire 7x4.8x3.0mm mesmerizes with its vivid hue, evoking images of blooming petals and romantic sunsets. Fashioned into an octagonal radiant cut, its facets dance with light, enhancing its brilliance and allure. With a clean clarity, this gemstone sparkles with vibrancy and charm, perfect for adding a pop of color to any jewelry piece. Whether worn as a statement pendant or incorporated into a stunning ring, this pink sapphire exudes elegance and sophistication, making it a cherished treasure for years to come.",7398020350161,42056386707665,http://jngems.com/cdn/shop/files/110-carat-natural-pink-sapphire-525806.jpg?v=1746414810,,2025-09-02T05:28:17.678859+00:00
ceylon-sapphire,Collection: Sapphires,https://jngems.com/collections/ceylon-sapphire,https://jngems.com/products/natural-golden-yellow-sapphire-2-91-carat,Natural Lemon Yellow Sapphire 2.91 carat,J N Gems,"Rs 274,400.00",274400.0,,,LKR,True,False,1.26,Eye Clean,8.8x7.84.8 mm,Lemon,Oval step,,,,JNYS291,Natural lemon yellow sapphire,,"Weight (carat): 1.26 Clarity: Eye Clean Size: 8.8x7.84.8 mm Colour: Lemon Shape and Cut: Oval step Origin: Heated: Certificate: SKU: JNYS291 Natural lemon yellow sapphire Crafted from a stunning 2.91 carat And size 8.8x7.8x4.8mm natural lemon yellow sapphire, this gem exudes a vibrant hue reminiscent of sun-kissed citrus. Its oval step cut enhances its allure, capturing and refracting light with precision. With eye-clean clarity, every facet of this gem sparkles with brilliance. Whether set in jewelry or admired in its natural state, this lemon yellow sapphire is sure to captivate with its radiant charm and timeless beauty.",7397993709777,42056293253329,http://jngems.com/cdn/shop/files/natural-lemon-yellow-sapphire-291-carat-699682.jpg?v=1746414807,,2025-09-02T05:28:20.644249+00:00
ceylon-sapphire,Collection: Sapphires,https://jngems.com/collections/ceylon-sapphire,https://jngems.com/products/natural-golden-yellow-sapphire-1-18-carat,Natural Golden Yellow Sapphire 1.18 carat,J N Gems,"Rs 83,300.00",83300.0,,,LKR,True,False,1.18,Clean,7.3x5.7 mm,Golden,Oval step,,,,JNYS118,yellow sapphire,,"Weight (carat): 1.18 Clarity: Clean Size: 7.3x5.7 mm Colour: Golden Shape and Cut: Oval step Origin: Heated: Certificate: SKU: JNYS118 yellow sapphire This golden yellow sapphire weighs 1.18 carats and boasts a top clean clarity. Its oval shape, measuring 7.3x5.7mm is enhanced by a precise step cut, highlighting the gem's natural beauty with every facet. With a hue reminiscent of sunlit fields, this sapphire exudes a captivating allure. Whether set in jewelry or cherished in its natural form, its luminous presence adds an unmistakable touch of elegance and sophistication. Allow the radiant glow of this golden yellow sapphire to illuminate your collection with timeless charm.",7397973131473,42056231518417,http://jngems.com/cdn/shop/files/natural-golden-yellow-sapphire-118-carat-134609.jpg?v=1746414836,,2025-09-02T05:28:23.542328+00:00
ceylon-sapphire,Collection: Sapphires,https://jngems.com/collections/ceylon-sapphire,https://jngems.com/products/natural-golden-yellow-sapphire-1-26carat,Natural Golden Yellow Sapphire 1.26carat,J N Gems,"Rs 84,800.00",84800.0,,,LKR,True,False,1.26,Clean,6.8x5.6x3.5 mm,Golden,Oval step,,,,JNYS126,yellow sapphire,,"Weight (carat): 1.26 Clarity: Clean Size: 6.8x5.6x3.5 mm Colour: Golden Shape and Cut: Oval step Origin: Heated: Certificate: SKU: JNYS126 yellow sapphire this golden yellow sapphire weighs 1.26 carats and boasts a top clean clarity. Its oval shape, measuring 6.8x5.6x3.5mm is enhanced by a precise step cut, highlighting the gem's natural beauty with every facet. With a hue reminiscent of sunlit fields, this sapphire exudes a captivating allure. Whether set in jewelry or cherished in its natural form.",7397967364305,42056215625937,http://jngems.com/cdn/shop/files/natural-golden-yellow-sapphire-126carat-523370.jpg?v=1746414838,,2025-09-02T05:28:26.230479+00:00
ceylon-sapphire,Collection: Sapphires,https://jngems.com/collections/ceylon-sapphire,https://jngems.com/products/yellow-sapphire-1-46-carat,Natural Golden Yellow Sapphire 1.46 carat,J N Gems,"Rs 89,400.00",89400.0,,,LKR,True,False,1.46,Clean,7.5x5.3x3.7 mm,Golden,Oval step,,,,JNYS146,yellow sapphire,,"Weight (carat): 1.46 Clarity: Clean Size: 7.5x5.3x3.7 mm Colour: Golden Shape and Cut: Oval step Origin: Heated: Certificate: SKU: JNYS146 yellow sapphire Radiating warmth and brilliance, this golden yellow sapphire weighs 1.46 carats and boasts a top clean clarity. Its oval shape, measuring 7.5x5.3x3.7mm, is enhanced by a precise step cut, highlighting the gem's natural beauty with every facet. With a hue reminiscent of sunlit fields, this sapphire exudes a captivating allure.",7397955731665,42056183316689,http://jngems.com/cdn/shop/files/natural-golden-yellow-sapphire-146-carat-877908.jpg?v=1746414865,,2025-09-02T05:28:29.178810+00:00
ceylon-sapphire,Collection: Sapphires,https://jngems.com/collections/ceylon-sapphire,https://jngems.com/products/3-65-carat-unheated-blue-sapphire,3.65 carat Unheated Blue Sapphire,J N Gems,"Rs 678,100.00",678100.0,,,LKR,True,False,3.65,Clean,9.4x7.6x5.7 mm,Medium,Cushion Brilliant mixed,Sri Lanka,false,,JNBS365,"Emanating a serene aura, this unheated blue sapphire weighs 3.65 carats and boasts a mesmerizing ice blue hue. Its cushion shape, measuring 9.4x7.6x5.7mm, accentuates its elegance, while the step brilliant cut ensures maximum brilliance and sparkle. With a top clean clarity, every facet of this exquisite gemstone shines with clarity and brilliance. Perfect for a pendant, it exudes sophistication and charm.",,"Weight (carat): 3.65 Clarity: Clean Size: 9.4x7.6x5.7 mm Colour: Medium Shape and Cut: Cushion Brilliant mixed Origin: Sri Lanka Heated: false Certificate: SKU: JNBS365 Emanating a serene aura, this unheated blue sapphire weighs 3.65 carats and boasts a mesmerizing ice blue hue. Its cushion shape, measuring 9.4x7.6x5.7mm, accentuates its elegance, while the step brilliant cut ensures maximum brilliance and sparkle. With a top clean clarity, every facet of this exquisite gemstone shines with clarity and brilliance. Perfect for a pendant, it exudes sophistication and charm.",7397842976977,42055834763473,http://jngems.com/cdn/shop/files/preview_images/34f645f535cf407c9573a4bae64cd2a5.thumbnail.0000000000.jpg?v=1713691449,,2025-09-02T05:28:34.624257+00:00
ceylon-sapphire,Collection: Sapphires,https://jngems.com/collections/ceylon-sapphire,https://jngems.com/products/natural-carving-yellow-sapphire-6-85-carat,Natural Yellow Sapphire 6.85 carat,J N Gems,"Rs 423,800.00",423800.0,,,LKR,True,False,6.85,,2 mm,,Cabichon Carving,,true,,JNYS685,yellow sapphire,,"Weight (carat): 6.85 Clarity: Size: 2 mm Colour: Shape and Cut: Cabichon Carving Origin: Heated: true Certificate: SKU: JNYS685 yellow sapphire Crafted from a pristine 6.85 carat natural golden yellow sapphire, this exquisite gem mesmerizes with its drop shape and intricate carving. Radiating warmth and brilliance, it evokes images of sun-kissed landscapes and golden hues. Each facet reflects light with precision, showcasing the artisan's skillful craftsmanship. this golden yellow sapphire captivates with its timeless allure and unparalleled beauty.",7397770100945,42055567573201,http://jngems.com/cdn/shop/files/natural-yellow-sapphire-685-carat-544032.jpg?v=1746414823,,2025-09-02T05:28:36.750647+00:00
ceylon-sapphire,Collection: Sapphires,https://jngems.com/collections/ceylon-sapphire,https://jngems.com/products/unheated-yellow-sapphire-1-57-carat,Unheated Yellow Sapphire 1.57 carat,J N Gems,"Rs 111,000.00",111000.0,,,LKR,True,False,1.57,Clean,8.1x6.1x3.7 mm,Pastel,Octagon Radiant cut,,,,JNYS157,yellow sapphire,,"Weight (carat): 1.57 Clarity: Clean Size: 8.1x6.1x3.7 mm Colour: Pastel Shape and Cut: Octagon Radiant cut Origin: Heated: Certificate: SKU: JNYS157 yellow sapphire This unheated yellow sapphire boasts a delicate pastel hue, exuding elegance and charm. With a carat weight of 1.57, its octagonal shape adds a unique allure, complemented by its top clean clarity. Measuring 8.1x6.1x3.7 mm, . Its unenhanced state ensures the purity of its color, making it a prized addition to any collection. Whether set in jewelry or admired in its natural state.",7397769806033,42055562854609,http://jngems.com/cdn/shop/files/unheated-yellow-sapphire-157-carat-458515.jpg?v=1746414831,,2025-09-02T05:28:38.719279+00:00
ceylon-sapphire,Collection: Sapphires,https://jngems.com/collections/ceylon-sapphire,https://jngems.com/products/unheated-yellow-sapphire-3-90-carat,Unheated Yellow sapphire 3.90 carat,J N Gems,"Rs 554,800.00",554800.0,,,LKR,True,False,,Loupe clean,4 mm,Medium,Cushion step cut,Sri Lankan,false,,JNYS390,yellow sapphire,,"Weight (carat): Clarity: Loupe clean Size: 4 mm Colour: Medium Shape and Cut: Cushion step cut Origin: Sri Lankan Heated: false Certificate: SKU: JNYS390 yellow sapphire An unheated yellow sapphire weighing 3.90 carats could hold significant value, especially if it has good clarity, color, and cut. Unheated gemstones are often prized for their natural beauty and rarity compared to heat-treated counterparts. It’s essential to have it evaluated by a gemologist to determine its quality and potential worth accurately.",7359484494033,41955275374801,http://jngems.com/cdn/shop/files/unheated-yellow-sapphire-390-carat-373055.jpg?v=1746414805,,2025-09-02T05:28:41.530273+00:00
ceylon-sapphire,Collection: Sapphires,https://jngems.com/collections/ceylon-sapphire,https://jngems.com/products/blue-sapphire-5-38-carat,Blue Sapphire 5.38 carat,J N Gems,"Rs 1,128,100.00",1128100.0,,,LKR,True,False,5.38,Loupe clean,11.7x8.3x6.0mm mm,Medium Blue,Oval Brilliance,,,,JNBS538,Blue Sapphire .,,"Weight (carat): 5.38 Clarity: Loupe clean Size: 11.7x8.3x6.0mm mm Colour: Medium Blue Shape and Cut: Oval Brilliance Origin: Heated: Certificate: SKU: JNBS538 Blue Sapphire . Unheated Blue Sapphire . Sizs 11.7x8.3x6.0mm Cutting style : oval step Clarity : Loupe clean Treatment : heated Certificate : A 5.38 carat blue sapphire with medium color originating from Sri Lanka sounds like a beautiful and valuable gemstone. Sri Lanka is renowned for producing high-quality sapphires, and the medium color suggests it could have a pleasing hue with good clarity. It’s important to have such gems properly appraised and certified for authenticity and quality.",7359059198161,41953878442193,http://jngems.com/cdn/shop/files/blue-sapphire-538-carat-185390.jpg?v=1746414773,,2025-09-02T05:28:45.479874+00:00
ceylon-sapphire,Collection: Sapphires,https://jngems.com/collections/ceylon-sapphire,https://jngems.com/products/unheated-hot-pink-sapphire-1-13-carat,Unheated Hot Pink sapphire 1.13 carat,J N Gems,"Rs 231,200.00",231200.0,,,LKR,True,False,1.13,,6.2 mm,Vibrant Pink,Round step,,,,JN112,Pink sapphire,,Weight (carat): 1.13 Clarity: Size: 6.2 mm Colour: Vibrant Pink Shape and Cut: Round step Origin: Heated: Certificate: SKU: JN112 Pink sapphire Hot Pink sapphire -1.13 carat Size : 6.2mm Round step cut Treatment : Heated,7349291450577,41926617170129,http://jngems.com/cdn/shop/files/unheated-hot-pink-sapphire-113-carat-751551.jpg?v=1746414837,,2025-09-02T05:28:52.733716+00:00
ceylon-sapphire,Collection: Sapphires,https://jngems.com/collections/ceylon-sapphire,https://jngems.com/products/5-57-carat-natural-yellow-sapphire,Natural Yellow Sapphire 5.57 carat,J N Gems,"Rs 708,900.00",708900.0,,,LKR,True,False,5.56,Eye clean,12.4x8.5x6.0mm mm,Medium Yellow,Octagon step,,false,,,Yellow Sapphire,,Weight (carat): 5.56 Clarity: Eye clean Size: 12.4x8.5x6.0mm mm Colour: Medium Yellow Shape and Cut: Octagon step Origin: Heated: false Certificate: SKU: Yellow Sapphire Natural Halfmoon Shape clean Natural Yellow Sapphires. Step cut Size 12.4x8.5x6.0mm Clarity : Loupe clean Treatment : Unheated,7345148920017,41908187005137,http://jngems.com/cdn/shop/files/natural-yellow-sapphire-557-carat-456282.jpg?v=1746414848,,2025-09-02T05:28:56.168918+00:00
ceylon-sapphire,Collection: Sapphires,https://jngems.com/collections/ceylon-sapphire,https://jngems.com/products/copy-2-73-carat-natural-teal-sapphire,Natural Teal Sapphire 2.99 carat,J N Gems,"Rs 369,900.00",369900.0,,,LKR,True,False,2.99,Loupe Clean,9x7 mm,Greenish Blue,Pear Brilliant step,Madagascar,true,,JNTEAL299,Teal Sapphires-2.99 carat,,"Weight (carat): 2.99 Clarity: Loupe Clean Size: 9x7 mm Colour: Greenish Blue Shape and Cut: Pear Brilliant step Origin: Madagascar Heated: true Certificate: SKU: JNTEAL299 Teal Sapphires-2.99 carat Size 10x7mm teal sapphire shaped into an elegant pear cut, displays a mesmerizing greenish-blue hue. natural Teal sapphire With its impressive clarity and vibrant color, this clean gemstone is an excellent choice for an engagement ring. Its unique color and shape add a touch of sophistication and individuality, making it a perfect symbol of your unique love story.",7345139613905,41908177141969,http://jngems.com/cdn/shop/files/natural-teal-sapphire-299-carat-743752.jpg?v=1746414847,,2025-09-02T05:28:58.067899+00:00
ceylon-sapphire,Collection: Sapphires,https://jngems.com/collections/ceylon-sapphire,https://jngems.com/products/2-99-carat-natural-teal-sapphire,2.73 carat Natural Teal Sapphire,J N Gems,"Rs 292,800.00",292800.0,,,LKR,True,False,2.73,Loupe Clean,5 mm,Greenish Blue,Mix oval Cut,Madagascar,true,,,Teal Sapphire,,"Weight (carat): 2.73 Clarity: Loupe Clean Size: 5 mm Colour: Greenish Blue Shape and Cut: Mix oval Cut Origin: Madagascar Heated: true Certificate: SKU: Teal Sapphire teal Sapphires. Oval shape . Excellent cutting quality Teal sapphire With its impressive clarity and vibrant color, Size 9.9x7.2mm this clean gemstone is an excellent choice for an engagement ring. Its unique color and shape add a touch of sophistication and individuality, making it a perfect symbol of your unique love story.",7345138860241,41908176224465,http://jngems.com/cdn/shop/files/273-carat-natural-teal-sapphire-516661.jpg?v=1746414820,,2025-09-02T05:29:01.347253+00:00
ceylon-sapphire,Collection: Sapphires,https://jngems.com/collections/ceylon-sapphire,https://jngems.com/products/1-73-natural-light-pastal-sapphire,1.73 Natural Light Pastal Sapphire,J N Gems,"Rs 148,000.00",148000.0,,,LKR,True,False,3.56,Eye Clean,6x6.5mm mm,Light Blue,Cushion Mixed,Sri Lanka,true,,JNBS0173,sapphire,,Weight (carat): 3.56 Clarity: Eye Clean Size: 6x6.5mm mm Colour: Light Blue Shape and Cut: Cushion Mixed Origin: Sri Lanka Heated: true Certificate: SKU: JNBS0173 sapphire Medium color Blue sapphire cushion stone,7344953491665,41907929612497,http://jngems.com/cdn/shop/files/173-natural-light-pastal-sapphire-830804.jpg?v=1746414830,,2025-09-02T05:29:03.895829+00:00
ceylon-sapphire,Collection: Sapphires,https://jngems.com/collections/ceylon-sapphire,https://jngems.com/products/3-28-carat-natural-white-sapphire,3.28 carat Natural White Sapphire,jngems,"Rs 131,000.00",131000.0,,,LKR,True,False,3.28,Eye Clean,8.0mm mm,White,Round Mixed,Sri Lanka,true,,,White Sapphire 3.20 carat,,"Weight (carat): 3.28 Clarity: Eye Clean Size: 8.0mm mm Colour: White Shape and Cut: Round Mixed Origin: Sri Lanka Heated: true Certificate: SKU: White Sapphire 3.20 carat Size :8.0x7.8mm Shape : Rounded Oval Treatment : Unheated Colorless Sapphires. White sapphires, Brilliant cut Round stone",7338133029073,41883758690513,http://jngems.com/cdn/shop/files/328-carat-natural-white-sapphire-650518.jpg?v=1746414814,,2025-09-02T05:29:06.476470+00:00
ceylon-sapphire,Collection: Sapphires,https://jngems.com/collections/ceylon-sapphire,https://jngems.com/products/2-73-carat-natural-teal-sapphire,2.73 carat Natural Teal Sapphire,J N Gems,"Rs 292,800.00",292800.0,,,LKR,True,False,2.73,Loupe Clean,5 mm,Greenish Blue,Mix oval Cut,Madagascar,true,,,Teal Sapphire,,"Weight (carat): 2.73 Clarity: Loupe Clean Size: 5 mm Colour: Greenish Blue Shape and Cut: Mix oval Cut Origin: Madagascar Heated: true Certificate: SKU: Teal Sapphire Natural Green Sapphires. Oval shape . Excellent cutting quality Teal sapphire With its impressive clarity and vibrant color, this clean gemstone is an excellent choice for an engagement ring. Its unique color and shape add a touch of sophistication and individuality, making it a perfect symbol of your unique love story.",7325352067281,41842260050129,http://jngems.com/cdn/shop/files/273-carat-natural-teal-sapphire-774967.jpg?v=1746414785,,2025-09-02T05:29:09.529896+00:00
ceylon-sapphire,Collection: Sapphires,https://jngems.com/collections/ceylon-sapphire,https://jngems.com/products/3-31-carat-natural-blue-sapphire-1,3.31 carat Natural Blue Sapphire,J N Gems,"Rs 662,700.00",662700.0,,,LKR,True,False,1.30,Loupe Clean,9.8x7.7x4.8mm mm,Deep Blue,Oval mixed Cut,Sri Lanka,true,,,Blue Sapphire,,Weight (carat): 1.30 carat Clarity: Loupe Clean Size: 9.8x7.7x4.8mm mm Colour: Deep Blue Shape and Cut: Oval mixed Cut Origin: Sri Lanka Heated: true Certificate: SKU: Blue Sapphire Natural Blue Sapphires. Cushion shape . Excellent cutting quality,7325350691025,41842257002705,http://jngems.com/cdn/shop/files/331-carat-natural-blue-sapphire-298985.jpg?v=1746414867,,2025-09-02T05:29:14.977714+00:00
ceylon-sapphire,Collection: Sapphires,https://jngems.com/collections/ceylon-sapphire,https://jngems.com/products/1-58-carat-natural-padparadscha-sapphire,1.58 carat Natural Padparadscha Sapphire,jngems,"Rs 240,500.00",240500.0,,,LKR,True,False,1.58,Loupe Clean,7.96x6.14x3.37mm mm,Orangish Pink,Oval Step,Sri Lanka,true,,RVPD158,Padparadscha,,Weight (carat): 1.58 Clarity: Loupe Clean Size: 7.96x6.14x3.37mm mm Colour: Orangish Pink Shape and Cut: Oval Step Origin: Sri Lanka Heated: true Certificate: SKU: RVPD158 Padparadscha Natural orangish pink Padparadscha stone,7268225712337,41606896484561,http://jngems.com/cdn/shop/files/158-carat-natural-padparadscha-sapphire-742298.jpg?v=1746414856,,2025-09-02T05:29:17.411333+00:00
ceylon-sapphire,Collection: Sapphires,https://jngems.com/collections/ceylon-sapphire,https://jngems.com/products/3-53-carat-natural-white-sapphire,3.53 carat Natural White Sapphire,jngems,"Rs 339,100.00",339100.0,,,LKR,True,False,3.53,Eye Clean,9.8x8.6x5.3mm mm,White,Oval mixed cut,Sri Lanka,true,,,White Sapphire,,"Weight (carat): 3.53 Clarity: Eye Clean Size: 9.8x8.6x5.3mm mm Colour: White Shape and Cut: Oval mixed cut Origin: Sri Lanka Heated: true Certificate: SKU: White Sapphire Colorless Sapphires. White sapphires, Brilliant cut Round stone",7229407887569,41513549430993,http://jngems.com/cdn/shop/files/353-carat-natural-white-sapphire-735343.jpg?v=1746414785,,2025-09-02T05:29:19.527615+00:00
ceylon-sapphire,Collection: Sapphires,https://jngems.com/collections/ceylon-sapphire,https://jngems.com/products/natural-teal-sapphire-3,2.66 carat Natural Teal Sapphire,J N Gems,"Rs 254,300.00",254300.0,,,LKR,True,False,2.66,Loupe Clean,5 mm,Greenish Blue,Octagon,Madagascar,true,,,Teal Sapphire,,"Weight (carat): 2.66 Clarity: Loupe Clean Size: 5 mm Colour: Greenish Blue Shape and Cut: Octagon Origin: Madagascar Heated: true Certificate: SKU: Teal Sapphire Natural teal Sapphires. Octagon shape . Excellent cutting quality. teal sapphire shaped into an elegant Octagon cut, displays a mesmerizing greenish-blue hue. natural Teal sapphire With its impressive clarity and vibrant color, this clean gemstone is an excellent choice for an engagement ring. Its unique color and shape add a touch of sophistication and individuality, making it a perfect symbol of your unique love story.",7200018333905,41451417043153,http://jngems.com/cdn/shop/products/image_8a528154-ec0a-4ac2-afe0-8fcd29451eee.heic?v=1714621332,"https://jngems.com/cdn/shop/products/7ba66f0d4e0f440089b81c09a464d193.thumbnail.0000000000_530x530.jpg?v=1677989778,https://jngems.com/cdn/shop/products/image_8a528154-ec0a-4ac2-afe0-8fcd29451eee_530x@2x.heic?v=1714621332,https://jngems.com/cdn/shop/products/image_8a528154-ec0a-4ac2-afe0-8fcd29451eee_110x110@2x.heic?v=1714621332,https://jngems.com/cdn/shop/products/image_262de77a-1cc6-434b-925e-bd9e9f084806_110x110@2x.heic?v=1714621320,https://jngems.com/cdn/shop/products/image_2a901916-f066-416e-a1d7-7e76ae08905e_110x110@2x.heic?v=1714621325,https://jngems.com/cdn/shop/products/image_f91e5ca3-5803-465f-8c2b-4389cd1c0090_110x110@2x.heic?v=1714621329,https://jngems.com/cdn/shop/products/7ba66f0d4e0f440089b81c09a464d193.thumbnail.0000000000_110x110@2x.jpg?v=1677989778",2025-09-02T05:29:22.329086+00:00
ceylon-sapphire,Collection: Sapphires,https://jngems.com/collections/ceylon-sapphire,https://jngems.com/products/2-26-natural-teal-sapphire,Natural Teal Sapphire 2.58 carat,J N Gems,"Rs 262,000.00",262000.0,,,LKR,True,False,2.26,Loupe Clean,5 mm,Greenish Blue,Cushion Mixed Cut,Madagascar,true,,,Teal Sapphire,,"Weight (carat): 2.26 Clarity: Loupe Clean Size: 5 mm Colour: Greenish Blue Shape and Cut: Cushion Mixed Cut Origin: Madagascar Heated: true Certificate: SKU: Teal Sapphire Natural Teal Sapphires. Octagon shape . Excellent cutting quality. teal sapphire shaped into an elegant pear cut, Size 9.5x7.5x3.8mm displays a mesmerizing greenish-blue hue. natural Teal sapphire With its impressive clarity and vibrant color, this clean gemstone is an excellent choice for an engagement ring. Its unique color and shape add a touch of sophistication and individuality, making it a perfect symbol of your unique love story.",7200018071761,41451415863505,http://jngems.com/cdn/shop/products/natural-teal-sapphire-258-carat-881318.jpg?v=1746414818,"https://jngems.com/cdn/shop/products/2311ed3449274966ad7e0f0a04514111.thumbnail.0000000000_530x530.jpg?v=1677989292,https://jngems.com/cdn/shop/products/natural-teal-sapphire-258-carat-881318_530x@2x.jpg?v=1746414818,https://jngems.com/cdn/shop/products/natural-teal-sapphire-258-carat-881318_110x110@2x.jpg?v=1746414818,https://jngems.com/cdn/shop/products/natural-teal-sapphire-258-carat-394131_110x110@2x.jpg?v=1746414818,https://jngems.com/cdn/shop/products/natural-teal-sapphire-258-carat-740952_110x110@2x.jpg?v=1746414818,https://jngems.com/cdn/shop/products/2311ed3449274966ad7e0f0a04514111.thumbnail.0000000000_110x110@2x.jpg?v=1677989292",2025-09-02T05:29:25.108583+00:00
ceylon-sapphire,Collection: Sapphires,https://jngems.com/collections/ceylon-sapphire,https://jngems.com/products/2-37-carat-natural-white-sapphire,2.37 carat Natural White Sapphire,jngems,"Rs 246,600.00",246600.0,,,LKR,True,False,2.37,Loupe clean,8.00 mm,White,Round Mixed,Sri Lanka,true,,,White Sapphire,,"Weight (carat): 2.37 Clarity: Loupe clean Size: 8.00 mm Colour: White Shape and Cut: Round Mixed Origin: Sri Lanka Heated: true Certificate: SKU: White Sapphire Colorless Sapphires. White sapphires, Brilliant cut Round stone",7200017645777,41451414290641,http://jngems.com/cdn/shop/products/237-carat-natural-white-sapphire-871028.jpg?v=1746414783,"https://jngems.com/cdn/shop/products/9e8486700f0341a1a4fdfc8b7216261c.thumbnail.0000000000_530x530.jpg?v=1677988599,https://jngems.com/cdn/shop/products/237-carat-natural-white-sapphire-871028_530x@2x.jpg?v=1746414783,https://jngems.com/cdn/shop/products/237-carat-natural-white-sapphire-871028_110x110@2x.jpg?v=1746414783,https://jngems.com/cdn/shop/products/237-carat-natural-white-sapphire-717717_110x110@2x.jpg?v=1746414782,https://jngems.com/cdn/shop/products/237-carat-natural-white-sapphire-803052_110x110@2x.jpg?v=1746414783,https://jngems.com/cdn/shop/products/237-carat-natural-white-sapphire-760109_110x110@2x.jpg?v=1746414782,https://jngems.com/cdn/shop/products/237-carat-natural-white-sapphire-683840_110x110@2x.jpg?v=1746414783,https://jngems.com/cdn/shop/products/9e8486700f0341a1a4fdfc8b7216261c.thumbnail.0000000000_110x110@2x.jpg?v=1677988599",2025-09-02T05:29:27.672310+00:00
ceylon-sapphire,Collection: Sapphires,https://jngems.com/collections/ceylon-sapphire,https://jngems.com/products/blue-sapphire,Unheated Blue Sapphire 4.00 carat,J N Gems,"Rs 724,300.00",724300.0,,,LKR,True,False,,Eye Clean,3 mm,Medium Blue,Octagon mixed,,true,,JNBS400,Unheated Natural Blue sapphire 4.0 carat,,"Weight (carat): Clarity: Eye Clean Size: 3 mm Colour: Medium Blue Shape and Cut: Octagon mixed Origin: Heated: true Certificate: SKU: JNBS400 Unheated Natural Blue sapphire 4.0 carat Unheated natural blue sapphires in an octagon shape with excellent cutting quality and eye-clean clarity are highly desirable. A 4.0 carat stone of such quality would undoubtedly be a breathtaking centerpiece for any jewelry design, prized for its rarity and beauty. world famous sapphire for Ceylon Blue sapphires all the time",7177580937425,41396406452433,http://jngems.com/cdn/shop/products/image_8687863f-5b1e-49c8-b733-3373713bf8f9.heic?v=1724391889,"https://jngems.com/cdn/shop/products/ba191e71060e4844b913f643a765469f.thumbnail.0000000000_530x530.jpg?v=1673603582,https://jngems.com/cdn/shop/products/image_8687863f-5b1e-49c8-b733-3373713bf8f9_530x@2x.heic?v=1724391889,https://jngems.com/cdn/shop/products/image_8687863f-5b1e-49c8-b733-3373713bf8f9_110x110@2x.heic?v=1724391889,https://jngems.com/cdn/shop/products/image_8d3761ba-e518-41c1-b6bf-fa1b83a48c6a_110x110@2x.heic?v=1724391892,https://jngems.com/cdn/shop/products/image_06f0baba-b6c8-4d91-a05f-a53eba5a9faf_110x110@2x.heic?v=1724391895,https://jngems.com/cdn/shop/products/ba191e71060e4844b913f643a765469f.thumbnail.0000000000_110x110@2x.jpg?v=1673603582",2025-09-02T05:29:31.442775+00:00
ceylon-sapphire,Collection: Sapphires,https://jngems.com/collections/ceylon-sapphire,https://jngems.com/products/2-21-carat-of-natural-teal-sapphire,2.21 carat of Natural Teal sapphire,J N Gems,"Rs 185,000.00",185000.0,,,LKR,True,False,2.21,Loupe Clean,9x7x4.0mm mm,Greenish Blue,Cushion Mixed Cut,,true,,,Teal sapphire,,Weight (carat): 2.21 carat Clarity: Loupe Clean Size: 9x7x4.0mm mm Colour: Greenish Blue Shape and Cut: Cushion Mixed Cut Origin: Heated: true Certificate: SKU: Teal sapphire Natural Green Sapphires. Octagon shape . Excellent cutting quality.,7169149468881,41377570193617,http://jngems.com/cdn/shop/products/image_91cbe0ff-7c6d-4017-a9db-b1b3761b9d22.heic?v=1714621235,"https://jngems.com/cdn/shop/products/742f5616e200421d9fcfe0bef9fe4a1e.thumbnail.0000000000_530x530.jpg?v=1672049724,https://jngems.com/cdn/shop/products/image_91cbe0ff-7c6d-4017-a9db-b1b3761b9d22_530x@2x.heic?v=1714621235,https://jngems.com/cdn/shop/products/image_91cbe0ff-7c6d-4017-a9db-b1b3761b9d22_110x110@2x.heic?v=1714621235,https://jngems.com/cdn/shop/products/image_74742611-1f13-4054-a93e-206aecfed7f3_110x110@2x.heic?v=1714621228,https://jngems.com/cdn/shop/products/image_f9e09ee3-2d70-4c83-a221-45de16cf79c4_110x110@2x.heic?v=1714621231,https://jngems.com/cdn/shop/products/742f5616e200421d9fcfe0bef9fe4a1e.thumbnail.0000000000_110x110@2x.jpg?v=1672049724",2025-09-02T05:29:36.755676+00:00
ceylon-sapphire,Collection: Sapphires,https://jngems.com/collections/ceylon-sapphire,https://jngems.com/products/2-57-carat-natural-teal-sapphire,Natural Royal Blue Sapphire 2.57 carat,J N Gems,"Rs 610,300.00",610300.0,,,LKR,True,False,2.57,Loupe Clean,9.0x6.8x4.5 mm mm,Royal Blue,Cushion mixed Cut,Sri Lanka,true,,JNBS257,"Blue Royal Sapphires. Natural Blue Royal Sapphires. Cushion shape . Excellent cutting quality. Originating from Sri Lanka, renowned for producing some of the world's finest blue sapphires, this gem showcases a rich, deep hue that embodies timeless elegance. this Royal Blue Sapphire is a true masterpiece of nature's finest craftsmanship.",,"Weight (carat): 2.57 carat Clarity: Loupe Clean Size: 9.0x6.8x4.5 mm mm Colour: Royal Blue Shape and Cut: Cushion mixed Cut Origin: Sri Lanka Heated: true Certificate: SKU: JNBS257 Blue Royal Sapphires. Natural Blue Royal Sapphires. Cushion shape . Excellent cutting quality. Originating from Sri Lanka, renowned for producing some of the world's finest blue sapphires, this gem showcases a rich, deep hue that embodies timeless elegance. this Royal Blue Sapphire is a true masterpiece of nature's finest craftsmanship.",7128641536209,41278226890961,http://jngems.com/cdn/shop/products/natural-royal-blue-sapphire-257-carat-216483.jpg?v=1746414847,"https://jngems.com/cdn/shop/products/543c0bc768db4617812ff719b7335c3a.thumbnail.0000000000_530x530.jpg?v=1665892063,https://jngems.com/cdn/shop/products/natural-royal-blue-sapphire-257-carat-216483_530x@2x.jpg?v=1746414847,https://jngems.com/cdn/shop/products/natural-royal-blue-sapphire-257-carat-216483_110x110@2x.jpg?v=1746414847,https://jngems.com/cdn/shop/products/natural-royal-blue-sapphire-257-carat-622419_110x110@2x.jpg?v=1746414847,https://jngems.com/cdn/shop/products/543c0bc768db4617812ff719b7335c3a.thumbnail.0000000000_110x110@2x.jpg?v=1665892063",2025-09-02T05:29:39.328233+00:00
ceylon-sapphire,Collection: Sapphires,https://jngems.com/collections/ceylon-sapphire,https://jngems.com/products/carat-natural-teal-sapphire,1.30 carat Natural Teal Sapphire,J N Gems,"Rs 148,000.00",148000.0,,,LKR,True,False,1.30,Loupe Clean,6.5x6.0 mm mm,Medium Blue,Cushion mixed Cut,Sri Lanka,true,,,Natural Blue Sapphires. Cushion shape . Excellent cutting quality Teal Sapphire,,Weight (carat): 1.30 carat Clarity: Loupe Clean Size: 6.5x6.0 mm mm Colour: Medium Blue Shape and Cut: Cushion mixed Cut Origin: Sri Lanka Heated: true Certificate: SKU: Natural Blue Sapphires. Cushion shape . Excellent cutting quality Teal Sapphire,7128635408593,41278203461841,http://jngems.com/cdn/shop/products/image_2c7dfbd3-71a3-40fd-accc-4d47790619a5.heic?v=1714621126,"https://jngems.com/cdn/shop/products/image_2c7dfbd3-71a3-40fd-accc-4d47790619a5_530x@2x.heic?v=1714621126,https://jngems.com/cdn/shop/products/image_2c7dfbd3-71a3-40fd-accc-4d47790619a5_110x110@2x.heic?v=1714621126,https://jngems.com/cdn/shop/products/image_5006cc8b-44a2-4177-a090-8decf0d22cc6_110x110@2x.heic?v=1714621131,https://jngems.com/cdn/shop/products/image_f4d7b51d-dcaf-45bb-a6d4-c763f317c57e_110x110@2x.heic?v=1714621135",2025-09-02T05:29:41.390383+00:00
ceylon-sapphire,Collection: Sapphires,https://jngems.com/collections/ceylon-sapphire,https://jngems.com/products/4-46-carat-natural-teal-sapphire,4.46 carat Natural Teal Sapphire,J N Gems,"Rs 446,900.00",446900.0,,,LKR,True,False,4.46,Loupe Clean,9.5x8.3x6.2mm mm,Greenish Blue,Cushion mixed Cut,Madagascar,false,,,Teal Sapphire,,Weight (carat): 4.46 carat Clarity: Loupe Clean Size: 9.5x8.3x6.2mm mm Colour: Greenish Blue Shape and Cut: Cushion mixed Cut Origin: Madagascar Heated: false Certificate: SKU: Teal Sapphire Natural Green Sapphires. Octagon shape . Excellent cutting quality,7100640690385,41207102046417,http://jngems.com/cdn/shop/products/446-carat-natural-teal-sapphire-154528.jpg?v=1746414856,"https://jngems.com/cdn/shop/products/446-carat-natural-teal-sapphire-154528_530x@2x.jpg?v=1746414856,https://jngems.com/cdn/shop/products/446-carat-natural-teal-sapphire-154528_110x110@2x.jpg?v=1746414856,https://jngems.com/cdn/shop/products/446-carat-natural-teal-sapphire-560202_110x110@2x.jpg?v=1746414856,https://jngems.com/cdn/shop/products/446-carat-natural-teal-sapphire-445148_110x110@2x.jpg?v=1746414856,https://jngems.com/cdn/shop/products/446-carat-natural-teal-sapphire-902081_110x110@2x.jpg?v=1746414856,https://jngems.com/cdn/shop/products/446-carat-natural-teal-sapphire-913433_110x110@2x.jpg?v=1746414855,https://jngems.com/cdn/shop/products/image_0666b166-b7c8-4085-b6cd-b214a97f0130_110x110@2x.heic?v=1714621042",2025-09-02T05:29:43.396458+00:00
ceylon-sapphire,Collection: Sapphires,https://jngems.com/collections/ceylon-sapphire,https://jngems.com/products/2-14-carat-natural-blue-sapphire,2.14 carat Natural Blue Sapphire,J N Gems,"Rs 277,400.00",277400.0,,,LKR,True,False,2.14,Clean,7.93x6.69x4.56 mm,Intense Cornflower Blue,Cushion step,Sri Lanka,true,CGSG2917,,Blue Sapphire,,Weight (carat): 2.14 Clarity: Clean Size: 7.93x6.69x4.56 mm Colour: Intense Cornflower Blue Shape and Cut: Cushion step Origin: Sri Lanka Heated: true Certificate: CGSG2917 SKU: Blue Sapphire Natural Blue Sapphires Cushion shape,7100639281361,41207089201361,http://jngems.com/cdn/shop/products/image_739346d5-e31c-470d-858e-e2aa1b151d55.heic?v=1714620982,"https://jngems.com/cdn/shop/products/5e2a3ec87f964b38b79ad11f2e44b5ef.thumbnail.0000000000_530x530.jpg?v=1665892685,https://jngems.com/cdn/shop/products/image_739346d5-e31c-470d-858e-e2aa1b151d55_530x@2x.heic?v=1714620982,https://jngems.com/cdn/shop/products/image_739346d5-e31c-470d-858e-e2aa1b151d55_110x110@2x.heic?v=1714620982,https://jngems.com/cdn/shop/products/image_6f2e68c9-5ba6-44f8-9294-94f423b76ba9_110x110@2x.heic?v=1714620987,https://jngems.com/cdn/shop/products/5e2a3ec87f964b38b79ad11f2e44b5ef.thumbnail.0000000000_110x110@2x.jpg?v=1665892685,https://jngems.com/cdn/shop/products/image_b58614f4-ee24-4259-a725-d70d13811b53_110x110@2x.heic?v=1714620992,https://jngems.com/cdn/shop/products/image_72798e26-44ac-4cd7-a934-419588cb078c_110x110@2x.heic?v=1714620996,https://jngems.com/cdn/shop/products/214-carat-natural-blue-sapphire-499134_110x110@2x.jpg?v=1746414801",2025-09-02T05:29:47.230893+00:00
ceylon-sapphire,Collection: Sapphires,https://jngems.com/collections/ceylon-sapphire,https://jngems.com/products/2-14-carat-natural-blue-sapphire-round,2.14 carat Natural Blue Sapphire Round,J N Gems,"Rs 302,100.00",302100.0,,,LKR,True,False,2.14,Clean,7.91x7.88x4.01 mm,Intense Cornflower Blue,Round step,Sri Lanka,true,CGJ-78417,JNBS214,Blue Sapphire,,"Weight (carat): 2.14 Clarity: Clean Size: 7.91x7.88x4.01 mm Colour: Intense Cornflower Blue Shape and Cut: Round step Origin: Sri Lanka Heated: true Certificate: CGJ-78417 SKU: JNBS214 Blue Sapphire Cornflower Blue sapphire, Round mixed cut",6992880206033,40914964381905,http://jngems.com/cdn/shop/products/214-carat-natural-blue-sapphire-round-343651.jpg?v=1746414857,"https://jngems.com/cdn/shop/products/d6eda035e3f74ce69c701ca36e7c9748.thumbnail.0000000_530x530.jpg?v=1651562702,https://jngems.com/cdn/shop/products/214-carat-natural-blue-sapphire-round-343651_530x@2x.jpg?v=1746414857,https://jngems.com/cdn/shop/products/214-carat-natural-blue-sapphire-round-343651_110x110@2x.jpg?v=1746414857,https://jngems.com/cdn/shop/products/214-carat-natural-blue-sapphire-round-739731_110x110@2x.jpg?v=1746414857,https://jngems.com/cdn/shop/products/214-carat-natural-blue-sapphire-round-162493_110x110@2x.jpg?v=1746414858,https://jngems.com/cdn/shop/products/214-carat-natural-blue-sapphire-round-773285_110x110@2x.jpg?v=1746414857,https://jngems.com/cdn/shop/products/214-carat-natural-blue-sapphire-round-984534_110x110@2x.jpg?v=1746414857,https://jngems.com/cdn/shop/products/214-carat-natural-blue-sapphire-round-464836_110x110@2x.jpg?v=1746414857,https://jngems.com/cdn/shop/products/d6eda035e3f74ce69c701ca36e7c9748.thumbnail.0000000_110x110@2x.jpg?v=1651562702",2025-09-02T05:29:53.073685+00:00
ceylon-sapphire,Collection: Sapphires,https://jngems.com/collections/ceylon-sapphire,https://jngems.com/products/2-37carat-natural-blue-sapphire,2.37carat Natural Blue Sapphire,J N Gems,"Rs 191,100.00",191100.0,,,LKR,True,False,2.37,Eye clean,8.10x8.66x4.49 mm,Cornflower Blue,Pear -Step,Sri lanka,true,CGJ78418,JNBS237,Blue Sapphire,,"Weight (carat): 2.37 Clarity: Eye clean Size: 8.10x8.66x4.49 mm Colour: Cornflower Blue Shape and Cut: Pear -Step Origin: Sri lanka Heated: true Certificate: CGJ78418 SKU: JNBS237 Blue Sapphire Natural Blue Sapphire, pear shape,Cornflower blue",6992887808209,40914979815633,http://jngems.com/cdn/shop/products/237carat-natural-blue-sapphire-205162.jpg?v=1746414856,"https://jngems.com/cdn/shop/products/d99697c1fcd44113a608b9fee21f865b.thumbnail.0000000_530x530.jpg?v=1651563247,https://jngems.com/cdn/shop/products/237carat-natural-blue-sapphire-205162_530x@2x.jpg?v=1746414856,https://jngems.com/cdn/shop/products/237carat-natural-blue-sapphire-205162_110x110@2x.jpg?v=1746414856,https://jngems.com/cdn/shop/products/237carat-natural-blue-sapphire-954025_110x110@2x.jpg?v=1746414856,https://jngems.com/cdn/shop/products/237carat-natural-blue-sapphire-663768_110x110@2x.jpg?v=1746414856,https://jngems.com/cdn/shop/products/237carat-natural-blue-sapphire-740523_110x110@2x.jpg?v=1746414856,https://jngems.com/cdn/shop/products/d99697c1fcd44113a608b9fee21f865b.thumbnail.0000000_110x110@2x.jpg?v=1651563247",2025-09-02T05:29:55.277412+00:00
ceylon-sapphire,Collection: Sapphires,https://jngems.com/collections/ceylon-sapphire,https://jngems.com/products/natural-sapphires-mother-rock,Natural Sapphires Mother Rock,J N Gems,Rs 0.00,0.0,,,LKR,True,False,,,1 mm,,,Sri lanka,,,,Sapphires rock,,Weight (carat): Clarity: Size: 1 mm Colour: Shape and Cut: Origin: Sri lanka Heated: Certificate: SKU: Sapphires rock Natural Ceylon Sapphires Mother Rock from Rathanapura Gem mine,6876758081745,40566429450449,http://jngems.com/cdn/shop/products/natural-sapphires-mother-rock-843635.jpg?v=1746414914,"https://jngems.com/cdn/shop/products/88b008fcedd4418fac522a6158b088e0.thumbnail.0000000_530x530.jpg?v=1638627362,https://jngems.com/cdn/shop/products/natural-sapphires-mother-rock-843635_530x@2x.jpg?v=1746414914,https://jngems.com/cdn/shop/products/natural-sapphires-mother-rock-843635_110x110@2x.jpg?v=1746414914,https://jngems.com/cdn/shop/products/natural-sapphires-mother-rock-767808_110x110@2x.jpg?v=1746414913,https://jngems.com/cdn/shop/products/natural-sapphires-mother-rock-521454_110x110@2x.jpg?v=1746414913,https://jngems.com/cdn/shop/products/natural-sapphires-mother-rock-491444_110x110@2x.jpg?v=1746414913,https://jngems.com/cdn/shop/products/88b008fcedd4418fac522a6158b088e0.thumbnail.0000000_110x110@2x.jpg?v=1638627362",2025-09-02T05:29:57.530561+00:00
ceylon-sapphire,Collection: Sapphires,https://jngems.com/collections/ceylon-sapphire,https://jngems.com/products/1-50ct-natural-blue-sapphire,13.77 carat Natural Blue Sapphire,J N Gems,"Rs 3,390,300.00",3390300.0,,,LKR,True,False,13.77,Eye clean,14x13.20x7.3 mm,Medium Blue,Square cushion-Step,Sri lanka,true,,JNBS1377,Natural Blue Sapphire - 13.77 Carats,,"Weight (carat): 13.77 Clarity: Eye clean Size: 14x13.20x7.3 mm Colour: Medium Blue Shape and Cut: Square cushion-Step Origin: Sri lanka Heated: true Certificate: SKU: JNBS1377 Natural Blue Sapphire - 13.77 Carats Introducing an exquisite gem from JN Gems - Jagath Nilantha Gems: a stunning 13.77-carat Natural Blue Sapphire. This remarkable gemstone showcases a slightly windowed facet, adding a unique character to its already captivating allure. Renowned for their vivid blue hues and exceptional clarity, our Natural Blue Sapphires are hand-selected to ensure the highest quality. This particular gem, weighing 13.77 carats, exemplifies the beauty and brilliance that makes Ceylon sapphires world-famous. Ideal for creating a statement piece of jewelry, this sapphire's rich color and significant carat weight promise to be the centerpiece of any collection. Whether set in a ring, pendant, or bespoke creation, this Natural Blue Sapphire offers an unparalleled blend of luxury and elegance. At JN Gems, our commitment to authenticity and craftsmanship ensures that each gemstone we offer is a treasure to be cherished for a lifetime. Discover the unique beauty of this 13.77-carat Natural Blue Sapphire and let its legacy of brilliance become a part of your own.",6844220735697,40469961277649,http://jngems.com/cdn/shop/products/image.jpg?v=1714620536,"https://jngems.com/cdn/shop/products/image_530x@2x.jpg?v=1714620536,https://jngems.com/cdn/shop/products/image_110x110@2x.jpg?v=1714620536,https://jngems.com/cdn/shop/products/1377-carat-natural-blue-sapphire-311823_110x110@2x.jpg?v=1746414937,https://jngems.com/cdn/shop/products/1377-carat-natural-blue-sapphire-569977_110x110@2x.jpg?v=1746414937",2025-09-02T05:30:01.658492+00:00
ceylon-sapphire,Collection: Sapphires,https://jngems.com/collections/ceylon-sapphire,https://jngems.com/products/3-58ct-natural-padparadscha-sapphire,Padparadscha 3.58ct Natural Sapphire,J N Gems,"Rs 938,500.00",938500.0,,,LKR,True,False,3.58,Loupe Clean,11.5x8.4x5.4 mm,Orangish Pink,Pear Step,Sri Lanka,false,CGSB91505,,padparadscha sapphire,,"Weight (carat): 3.58 Clarity: Loupe Clean Size: 11.5x8.4x5.4 mm Colour: Orangish Pink Shape and Cut: Pear Step Origin: Sri Lanka Heated: false Certificate: CGSB91505 SKU: padparadscha sapphire This exquisite 3.68 carat padparadscha sapphire, cut into a pear shape with a drop step cut, radiates a captivating pinkish-orangish hue. Its unique coloration and expert cutting enhance its brilliance, making it a stunning choice for fine jewelry. This exceptional gemstone combines the elegance of its shape with the rare beauty of its vibrant color, perfect for creating a truly distinctive piece.",6825297707217,40409713049809,http://jngems.com/cdn/shop/products/padparadscha-358ct-natural-sapphire-804560.jpg?v=1746414922,"https://jngems.com/cdn/shop/products/padparadscha-358ct-natural-sapphire-804560_530x@2x.jpg?v=1746414922,https://jngems.com/cdn/shop/products/padparadscha-358ct-natural-sapphire-804560_110x110@2x.jpg?v=1746414922,https://jngems.com/cdn/shop/products/padparadscha-358ct-natural-sapphire-715314_110x110@2x.jpg?v=1746414922,https://jngems.com/cdn/shop/products/padparadscha-358ct-natural-sapphire-882509_110x110@2x.jpg?v=1746414922,https://jngems.com/cdn/shop/products/padparadscha-358ct-natural-sapphire-912607_110x110@2x.jpg?v=1746414922,https://jngems.com/cdn/shop/products/padparadscha-358ct-natural-sapphire-544490_110x110@2x.jpg?v=1746414922,https://jngems.com/cdn/shop/products/padparadscha-358ct-natural-sapphire-218597_110x110@2x.jpg?v=1746414923,https://jngems.com/cdn/shop/products/padparadscha-358ct-natural-sapphire-224760_110x110@2x.jpg?v=1746414923",2025-09-02T05:30:10.755062+00:00
ceylon-sapphire,Collection: Sapphires,https://jngems.com/collections/ceylon-sapphire,https://jngems.com/products/2-96ct-natural-blue-sapphire,Blue sapphire 2.96 carat Natural,J N Gems,"Rs 477,800.00",477800.0,,,LKR,True,False,2.96,Eye Clean,7.9x7.1x6.0 mm,Royal Blue,Oval Step,Sri Lanka,true,,JNBS0014,Blue sapphire,,Weight (carat): 2.96 Clarity: Eye Clean Size: 7.9x7.1x6.0 mm Colour: Royal Blue Shape and Cut: Oval Step Origin: Sri Lanka Heated: true Certificate: SKU: JNBS0014 Blue sapphire Royal Blue Sapphires. Oval gemstone. Good for Ladies Ring,6786087387345,40284280258769,http://jngems.com/cdn/shop/products/blue-sapphire-296-carat-natural-350668.jpg?v=1746414905,"https://jngems.com/cdn/shop/products/blue-sapphire-296-carat-natural-350668_530x@2x.jpg?v=1746414905,https://jngems.com/cdn/shop/products/blue-sapphire-296-carat-natural-350668_110x110@2x.jpg?v=1746414905,https://jngems.com/cdn/shop/products/blue-sapphire-296-carat-natural-345696_110x110@2x.jpg?v=1746414905,https://jngems.com/cdn/shop/products/blue-sapphire-296-carat-natural-127134_110x110@2x.jpg?v=1746414905,https://jngems.com/cdn/shop/products/blue-sapphire-296-carat-natural-453632_110x110@2x.jpg?v=1746414905,https://jngems.com/cdn/shop/products/blue-sapphire-296-carat-natural-622981_110x110@2x.jpg?v=1746414904,https://jngems.com/cdn/shop/products/blue-sapphire-296-carat-natural-386841_110x110@2x.jpg?v=1746414904",2025-09-02T05:30:20.914221+00:00
ceylon-sapphire,Collection: Sapphires,https://jngems.com/collections/ceylon-sapphire,https://jngems.com/products/4-19ct-natural-blue-sapphire,Blue Sapphire 4.19 carat Natural,J N Gems,"Rs 678,100.00",678100.0,,,LKR,True,False,4.19,Eye Clean,10.6x9.2x4.4 mm,Vivid Blue,Oval Mixed,Sri lanka,true,,JNBS0013,Blue Sapphire,,Weight (carat): 4.19 Clarity: Eye Clean Size: 10.6x9.2x4.4 mm Colour: Vivid Blue Shape and Cut: Oval Mixed Origin: Sri lanka Heated: true Certificate: SKU: JNBS0013 Blue Sapphire Natural Ceylon Blue sapphires. Oval stone good for Pendant,6786085126353,40284268855505,http://jngems.com/cdn/shop/products/blue-sapphire-419-carat-natural-894990.jpg?v=1746414923,"https://jngems.com/cdn/shop/products/blue-sapphire-419-carat-natural-894990_530x@2x.jpg?v=1746414923,https://jngems.com/cdn/shop/products/blue-sapphire-419-carat-natural-894990_110x110@2x.jpg?v=1746414923,https://jngems.com/cdn/shop/products/blue-sapphire-419-carat-natural-655296_110x110@2x.jpg?v=1746414923,https://jngems.com/cdn/shop/products/blue-sapphire-419-carat-natural-812538_110x110@2x.jpg?v=1746414922,https://jngems.com/cdn/shop/products/blue-sapphire-419-carat-natural-174018_110x110@2x.jpg?v=1746414923,https://jngems.com/cdn/shop/products/blue-sapphire-419-carat-natural-277213_110x110@2x.jpg?v=1746414922",2025-09-02T05:30:23.149891+00:00
ceylon-sapphire,Collection: Sapphires,https://jngems.com/collections/ceylon-sapphire,https://jngems.com/products/3-56ct-natural-blue-sapphire,Blue Sapphire 3.56 carat Natural,J N Gems,"Rs 909,300.00",909300.0,,,LKR,True,False,3.56,Eye Clean,9.1x6.98x5.91 mm,Medium,Cushion Mixed,Sri Lanka,true,CGJ-76902,JNBS0012,Blue Sapphire,,Weight (carat): 3.56 Clarity: Eye Clean Size: 9.1x6.98x5.91 mm Colour: Medium Shape and Cut: Cushion Mixed Origin: Sri Lanka Heated: true Certificate: CGJ-76902 SKU: JNBS0012 Blue Sapphire Medium color Blue sapphire cushion stone,6786074607825,40284246671569,http://jngems.com/cdn/shop/products/blue-sapphire-356-carat-natural-685945.jpg?v=1746414909,"https://jngems.com/cdn/shop/products/blue-sapphire-356-carat-natural-685945_530x@2x.jpg?v=1746414909,https://jngems.com/cdn/shop/products/blue-sapphire-356-carat-natural-685945_110x110@2x.jpg?v=1746414909,https://jngems.com/cdn/shop/products/blue-sapphire-356-carat-natural-471547_110x110@2x.jpg?v=1746414909,https://jngems.com/cdn/shop/products/blue-sapphire-356-carat-natural-636952_110x110@2x.jpg?v=1746414909,https://jngems.com/cdn/shop/products/blue-sapphire-356-carat-natural-753056_110x110@2x.jpg?v=1746414910,https://jngems.com/cdn/shop/products/blue-sapphire-356-carat-natural-474277_110x110@2x.jpg?v=1746414910,https://jngems.com/cdn/shop/products/blue-sapphire-356-carat-natural-937720_110x110@2x.jpg?v=1746414910",2025-09-02T05:30:26.246183+00:00
ceylon-sapphire,Collection: Sapphires,https://jngems.com/collections/ceylon-sapphire,https://jngems.com/products/yellow-sapphires-3-14-carat-natural,Yellow sapphires 3.14 carat Natural,J N Gems,"Rs 246,600.00",246600.0,,,LKR,True,False,3.14,Loupe Clean,8.3x5.6 mm,Vivid Yellow,Round Step Brilliant,Sri Lankan,false,,JNS0019,Yellow Sapphire,,Weight (carat): 3.14 Clarity: Loupe Clean Size: 8.3X5.6 mm Colour: Vivid Yellow Shape and Cut: Round Step Brilliant Origin: Sri Lankan Heated: false Certificate: SKU: JNS0019 Yellow Sapphire Beautiful luster yellow sapphires Round stone,6763813208273,40198557728977,http://jngems.com/cdn/shop/products/yellow-sapphires-314-carat-natural-832971.jpg?v=1746414938,"https://jngems.com/cdn/shop/products/217319dfc8d74dfbbe01600fe3925e5d.thumbnail.0000000_530x530.jpg?v=1630824628,https://jngems.com/cdn/shop/products/yellow-sapphires-314-carat-natural-832971_530x@2x.jpg?v=1746414938,https://jngems.com/cdn/shop/products/yellow-sapphires-314-carat-natural-832971_110x110@2x.jpg?v=1746414938,https://jngems.com/cdn/shop/products/yellow-sapphires-314-carat-natural-546643_110x110@2x.jpg?v=1746414939,https://jngems.com/cdn/shop/products/yellow-sapphires-314-carat-natural-992094_110x110@2x.jpg?v=1746414939,https://jngems.com/cdn/shop/products/217319dfc8d74dfbbe01600fe3925e5d.thumbnail.0000000_110x110@2x.jpg?v=1630824628",2025-09-02T05:30:28.885350+00:00
ceylon-sapphire,Collection: Sapphires,https://jngems.com/collections/ceylon-sapphire,https://jngems.com/products/natural-pink-sapphire,Pink Sapphire 2.34 carat Natural,jngems,"Rs 231,200.00",231200.0,,,LKR,True,False,2.34,Eye Clean,9.5x6.8x4.3 mm,Powder Pink,Octagon Radiant,Sri Lanka,false,,JNPS0001,Pink Sapphire,,"Weight (carat): 2.34 Clarity: Eye Clean Size: 9.5x6.8x4.3 mm Colour: Powder Pink Shape and Cut: Octagon Radiant Origin: Sri Lanka Heated: false Certificate: SKU: JNPS0001 Pink Sapphire Capturing the essence of elegance, this 2.34 carat natural pink sapphire exhibits a captivating power pink hue. Fashioned into an octagon radiant cut, its facets dance with light, showcasing its brilliance and allure. With eye-clean clarity, this gemstone sparkles with vibrancy and charm. Whether adorning a piece of jewelry or cherished in its natural form, this pink sapphire radiates sophistication and grace, making it a timeless addition to any collection.",6770057183441,40222979457233,http://jngems.com/cdn/shop/products/pink-sapphire-234-carat-natural-652770.jpg?v=1746414904,"https://jngems.com/cdn/shop/products/5f3f23b2951f4a3d9e152980e985e36f.thumbnail.0000000_530x530.jpg?v=1631207916,https://jngems.com/cdn/shop/products/pink-sapphire-234-carat-natural-652770_530x@2x.jpg?v=1746414904,https://jngems.com/cdn/shop/products/pink-sapphire-234-carat-natural-652770_110x110@2x.jpg?v=1746414904,https://jngems.com/cdn/shop/products/pink-sapphire-234-carat-natural-557577_110x110@2x.jpg?v=1746414904,https://jngems.com/cdn/shop/products/pink-sapphire-234-carat-natural-762964_110x110@2x.jpg?v=1746414904,https://jngems.com/cdn/shop/products/pink-sapphire-234-carat-natural-155494_110x110@2x.jpg?v=1746414904,https://jngems.com/cdn/shop/products/pink-sapphire-234-carat-natural-965019_110x110@2x.jpg?v=1746414904,https://jngems.com/cdn/shop/products/5f3f23b2951f4a3d9e152980e985e36f.thumbnail.0000000_110x110@2x.jpg?v=1631207916",2025-09-02T05:30:31.519496+00:00
ceylon-sapphire,Collection: Sapphires,https://jngems.com/collections/ceylon-sapphire,https://jngems.com/products/2-38ct-natural-green-sapphire,Green Sapphire 2.38 carat Natural,jngems,"Rs 107,900.00",107900.0,,,LKR,True,False,6.90,Eye Clean,9.3x6.8x3.5 mm,Yellowish Green,Octagon Radiant,Sri Lanka,false,LGL-1206,,Green Sapphire,,"Weight (carat): 6.90 Clarity: Eye Clean Size: 9.3x6.8x3.5 mm Colour: Yellowish Green Shape and Cut: Octagon Radiant Origin: Sri Lanka Heated: false Certificate: LGL-1206 SKU: Green Sapphire Natural Green sapphires,Octagon shape,Emerald cut,clean stone",6770049777873,40222967562449,http://jngems.com/cdn/shop/products/green-sapphire-238-carat-natural-256225.jpg?v=1746414892,"https://jngems.com/cdn/shop/products/green-sapphire-238-carat-natural-256225_530x@2x.jpg?v=1746414892,https://jngems.com/cdn/shop/products/green-sapphire-238-carat-natural-256225_110x110@2x.jpg?v=1746414892,https://jngems.com/cdn/shop/products/green-sapphire-238-carat-natural-586740_110x110@2x.jpg?v=1746414893,https://jngems.com/cdn/shop/products/green-sapphire-238-carat-natural-286214_110x110@2x.jpg?v=1746414892,https://jngems.com/cdn/shop/products/green-sapphire-238-carat-natural-669077_110x110@2x.jpg?v=1746414893,https://jngems.com/cdn/shop/products/green-sapphire-238-carat-natural-884370_110x110@2x.jpg?v=1746414893,https://jngems.com/cdn/shop/products/green-sapphire-238-carat-natural-528129_110x110@2x.jpg?v=1746414893",2025-09-02T05:30:35.664471+00:00
ceylon-sapphire,Collection: Sapphires,https://jngems.com/collections/ceylon-sapphire,https://jngems.com/products/natural-green-sapphire,Green Sapphire 6.90 carat Natural Unheated,jngems,"Rs 601,100.00",601100.0,,,LKR,True,False,6.90,Eye Clean,13.80x8.6x4.7 mm,Yellowish Green,Octagon Radiant,Sri Lanka,false,CGS-1805,JNGS0001,Green Sapphire,,Weight (carat): 6.90 Clarity: Eye Clean Size: 13.80x8.6x4.7 mm Colour: Yellowish Green Shape and Cut: Octagon Radiant Origin: Sri Lanka Heated: false Certificate: CGS-1805 SKU: JNGS0001 Green Sapphire Radiant cut beautiful gemstone,6770036342993,40222923030737,http://jngems.com/cdn/shop/products/green-sapphire-690-carat-natural-unheated-538480.jpg?v=1746414932,"https://jngems.com/cdn/shop/products/green-sapphire-690-carat-natural-unheated-538480_530x@2x.jpg?v=1746414932,https://jngems.com/cdn/shop/products/green-sapphire-690-carat-natural-unheated-538480_110x110@2x.jpg?v=1746414932,https://jngems.com/cdn/shop/products/green-sapphire-690-carat-natural-unheated-285413_110x110@2x.jpg?v=1746414932,https://jngems.com/cdn/shop/products/green-sapphire-690-carat-natural-unheated-336504_110x110@2x.jpg?v=1746414931,https://jngems.com/cdn/shop/products/green-sapphire-690-carat-natural-unheated-131205_110x110@2x.jpg?v=1746414931,https://jngems.com/cdn/shop/products/green-sapphire-690-carat-natural-unheated-602670_110x110@2x.jpg?v=1746414931,https://jngems.com/cdn/shop/products/green-sapphire-690-carat-natural-unheated-920529_110x110@2x.jpg?v=1746414931,https://jngems.com/cdn/shop/products/green-sapphire-690-carat-natural-unheated-916551_110x110@2x.jpg?v=1746414932",2025-09-02T05:30:38.818772+00:00
ceylon-sapphire,Collection: Sapphires,https://jngems.com/collections/ceylon-sapphire,https://jngems.com/products/ct-natural-peach-sapphire,Peach Sapphire 2.06 carat Natural,jngems,"Rs 146,400.00",146400.0,,,LKR,True,False,2.06,Loupe Clean,9.8x7x4.2 mm,Light Pinkish,Pear Brilliant,Sri Lanka,false,,JNPE0001,Peach Sapphire,,Weight (carat): 2.06 Clarity: Loupe Clean Size: 9.8x7x4.2 mm Colour: Light Pinkish Shape and Cut: Pear Brilliant Origin: Sri Lanka Heated: false Certificate: SKU: JNPE0001 Peach Sapphire Beautiful Peach sapphire. Pear shape for pendant,6770102042833,40223047319761,http://jngems.com/cdn/shop/products/peach-sapphire-206-carat-natural-397684.jpg?v=1746414914,"https://jngems.com/cdn/shop/products/62eec6323c5746c5b8f7d5eee762877f.thumbnail.0000000_530x530.jpg?v=1631209140,https://jngems.com/cdn/shop/products/peach-sapphire-206-carat-natural-397684_530x@2x.jpg?v=1746414914,https://jngems.com/cdn/shop/products/peach-sapphire-206-carat-natural-397684_110x110@2x.jpg?v=1746414914,https://jngems.com/cdn/shop/products/peach-sapphire-206-carat-natural-418035_110x110@2x.jpg?v=1746414914,https://jngems.com/cdn/shop/products/peach-sapphire-206-carat-natural-616754_110x110@2x.jpg?v=1746414914,https://jngems.com/cdn/shop/products/peach-sapphire-206-carat-natural-803011_110x110@2x.jpg?v=1746414915,https://jngems.com/cdn/shop/products/peach-sapphire-206-carat-natural-294137_110x110@2x.jpg?v=1746414914,https://jngems.com/cdn/shop/products/62eec6323c5746c5b8f7d5eee762877f.thumbnail.0000000_110x110@2x.jpg?v=1631209140",2025-09-02T05:30:42.118237+00:00
ceylon-sapphire,Collection: Sapphires,https://jngems.com/collections/ceylon-sapphire,https://jngems.com/products/natural-white-sapphire,White Sapphire 1.77 carat Natural,jngems,"Rs 117,200.00",117200.0,,,LKR,True,False,1.77,Eye Clean,7.1x4.5 mm,White,Round Mixed,Sri Lanka,true,,JNWS0001,White sapphire,,"Weight (carat): 1.77 Clarity: Eye Clean Size: 7.1x4.5 mm Colour: White Shape and Cut: Round Mixed Origin: Sri Lanka Heated: true Certificate: SKU: JNWS0001 White sapphire Colorless Sapphires. White sapphires, Brilliant cut Round stone",6770092671185,40223029887185,http://jngems.com/cdn/shop/products/white-sapphire-177-carat-natural-628988.jpg?v=1746414898,"https://jngems.com/cdn/shop/products/white-sapphire-177-carat-natural-628988_530x@2x.jpg?v=1746414898,https://jngems.com/cdn/shop/products/white-sapphire-177-carat-natural-628988_110x110@2x.jpg?v=1746414898,https://jngems.com/cdn/shop/products/white-sapphire-177-carat-natural-815109_110x110@2x.jpg?v=1746414898,https://jngems.com/cdn/shop/products/white-sapphire-177-carat-natural-683630_110x110@2x.jpg?v=1746414898,https://jngems.com/cdn/shop/products/white-sapphire-177-carat-natural-639013_110x110@2x.jpg?v=1746414898,https://jngems.com/cdn/shop/products/white-sapphire-177-carat-natural-165855_110x110@2x.jpg?v=1746414898",2025-09-02T05:30:45.578499+00:00
ceylon-sapphire,Collection: Sapphires,https://jngems.com/collections/ceylon-sapphire,https://jngems.com/products/natural-teal-sapphire-1,Teal Sapphire 3.11 carat Natural,jngems,"Rs 192,700.00",192700.0,,,LKR,True,False,3.11,Eye Clean,10.0x7.0x4.8 mm,Greenish Blue,Cushion Mixed,Sri Lanka,true,,JNTE0002,Teal Sapphire,,Weight (carat): 3.11 Clarity: Eye Clean Size: 10.0x7.0x4.8 mm Colour: Greenish Blue Shape and Cut: Cushion Mixed Origin: Sri Lanka Heated: true Certificate: SKU: JNTE0002 Teal Sapphire Teal green sapphires. Cushion shape stones,6770088214737,40223023595729,http://jngems.com/cdn/shop/products/teal-sapphire-311-carat-natural-414034.jpg?v=1746414898,"https://jngems.com/cdn/shop/products/5a0dcc6325b84ebd89f03c9d31429b2f.thumbnail.0000000_530x530.jpg?v=1631208591,https://jngems.com/cdn/shop/products/teal-sapphire-311-carat-natural-414034_530x@2x.jpg?v=1746414898,https://jngems.com/cdn/shop/products/teal-sapphire-311-carat-natural-414034_110x110@2x.jpg?v=1746414898,https://jngems.com/cdn/shop/products/teal-sapphire-311-carat-natural-577323_110x110@2x.jpg?v=1746414899,https://jngems.com/cdn/shop/products/teal-sapphire-311-carat-natural-448712_110x110@2x.jpg?v=1746414898,https://jngems.com/cdn/shop/products/teal-sapphire-311-carat-natural-142522_110x110@2x.jpg?v=1746414899,https://jngems.com/cdn/shop/products/5a0dcc6325b84ebd89f03c9d31429b2f.thumbnail.0000000_110x110@2x.jpg?v=1631208591",2025-09-02T05:30:48.022983+00:00
ceylon-sapphire,Collection: Sapphires,https://jngems.com/collections/ceylon-sapphire,https://jngems.com/products/1-97-carat-natural-blue-sapphire,Blue Sapphire 1.97 carat Natural,jngems,"Rs 209,600.00",209600.0,,,LKR,True,False,1.97,Eye Clean,8.2x7.1x4 mm,Royal Blue,Oval Step,Sri Lanka,true,,JNBS0010,Blue Sapphire,,Weight (carat): 1.97 Clarity: Eye Clean Size: 8.2x7.1x4 mm Colour: Royal Blue Shape and Cut: Oval Step Origin: Sri Lanka Heated: true Certificate: SKU: JNBS0010 Blue Sapphire Natural Blue sapphires. Cornflower blue . Mixed cut,6770021728465,40222903042257,http://jngems.com/cdn/shop/products/blue-sapphire-197-carat-natural-187936.jpg?v=1746414909,"https://jngems.com/cdn/shop/products/blue-sapphire-197-carat-natural-187936_530x@2x.jpg?v=1746414909,https://jngems.com/cdn/shop/products/blue-sapphire-197-carat-natural-187936_110x110@2x.jpg?v=1746414909,https://jngems.com/cdn/shop/products/blue-sapphire-197-carat-natural-760254_110x110@2x.jpg?v=1746414910,https://jngems.com/cdn/shop/products/blue-sapphire-197-carat-natural-851926_110x110@2x.jpg?v=1746414910",2025-09-02T05:30:51.829232+00:00
ceylon-sapphire,Collection: Sapphires,https://jngems.com/collections/ceylon-sapphire,https://jngems.com/products/ct-natural-blue-sapphire,Blue Sapphire 1.50 carat Natural,jngems,"Rs 160,300.00",160300.0,,,LKR,True,False,1.50,Eye Clean,"6,3x4.4 mm",Cornflower Blue,Round Step,Sri Lanka,true,,JNBS0009,Blue sapphire,,"Weight (carat): 1.50 Clarity: Eye Clean Size: 6,3x4.4 mm Colour: Cornflower Blue Shape and Cut: Round Step Origin: Sri Lanka Heated: true Certificate: SKU: JNBS0009 Blue sapphire Cornflower blue color Blue Sapphires",6770011865297,40222886691025,http://jngems.com/cdn/shop/products/blue-sapphire-150-carat-natural-444224.jpg?v=1746414902,"https://jngems.com/cdn/shop/products/blue-sapphire-150-carat-natural-444224_530x@2x.jpg?v=1746414902,https://jngems.com/cdn/shop/products/blue-sapphire-150-carat-natural-444224_110x110@2x.jpg?v=1746414902,https://jngems.com/cdn/shop/products/blue-sapphire-150-carat-natural-869295_110x110@2x.jpg?v=1746414901,https://jngems.com/cdn/shop/products/blue-sapphire-150-carat-natural-113384_110x110@2x.jpg?v=1746414902",2025-09-02T05:30:57.045327+00:00
ceylon-sapphire,Collection: Sapphires,https://jngems.com/collections/ceylon-sapphire,https://jngems.com/products/1-36ct-natural-blue-sapphire,Natural Blue Sapphire 1.36 carat,jngems,"Rs 84,800.00",84800.0,,,LKR,True,False,1.36,Eye Clean,7.4x5.6x3.4 mm,Medium Blue,Oval Step,Sri Lanka,true,,JNBS0008,Blue sapphire,,Weight (carat): 1.36 Clarity: Eye Clean Size: 7.4x5.6x3.4 mm Colour: Medium Blue Shape and Cut: Oval Step Origin: Sri Lanka Heated: true Certificate: SKU: JNBS0008 Blue sapphire Light Blue color sapphires,6769993941201,40222836097233,http://jngems.com/cdn/shop/products/natural-blue-sapphire-136-carat-781366.jpg?v=1746414912,"https://jngems.com/cdn/shop/products/6599731002e047918f96bfb22247e8d4.thumbnail.0000000_530x530.jpg?v=1631206396,https://jngems.com/cdn/shop/products/natural-blue-sapphire-136-carat-781366_530x@2x.jpg?v=1746414912,https://jngems.com/cdn/shop/products/natural-blue-sapphire-136-carat-781366_110x110@2x.jpg?v=1746414912,https://jngems.com/cdn/shop/products/natural-blue-sapphire-136-carat-240608_110x110@2x.jpg?v=1746414911,https://jngems.com/cdn/shop/products/natural-blue-sapphire-136-carat-947703_110x110@2x.jpg?v=1746414912,https://jngems.com/cdn/shop/products/natural-blue-sapphire-136-carat-922663_110x110@2x.jpg?v=1746414912,https://jngems.com/cdn/shop/products/natural-blue-sapphire-136-carat-368348_110x110@2x.jpg?v=1746414912,https://jngems.com/cdn/shop/products/natural-blue-sapphire-136-carat-579654_110x110@2x.jpg?v=1746414912,https://jngems.com/cdn/shop/products/6599731002e047918f96bfb22247e8d4.thumbnail.0000000_110x110@2x.jpg?v=1631206396",2025-09-02T05:30:59.992753+00:00
ceylon-sapphire,Collection: Sapphires,https://jngems.com/collections/ceylon-sapphire,https://jngems.com/products/blue-sapphire-1-66-carat-natural,Blue Sapphire 1.66 carat Natural,jngems,"Rs 177,300.00",177300.0,,,LKR,True,False,1.66,Eye Clean,7.0x4.6 mm,Medium Blue,Round Step,Sri Lanka,true,,JNBS0007,Blue Sapphire,,Weight (carat): 1.66 Clarity: Eye Clean Size: 7.0x4.6 mm Colour: Medium Blue Shape and Cut: Round Step Origin: Sri Lanka Heated: true Certificate: SKU: JNBS0007 Blue Sapphire 1.66 carat Natural Natural Fancy color Blue sapphire. Light shade of purplish blue,6769976180945,40222788518097,http://jngems.com/cdn/shop/products/blue-sapphire-166-carat-natural-893598.jpg?v=1746414922,"https://jngems.com/cdn/shop/products/b0c2f7c2d8c64d2eafd77338018a1982.thumbnail.0000000_530x530.jpg?v=1631205744,https://jngems.com/cdn/shop/products/blue-sapphire-166-carat-natural-893598_530x@2x.jpg?v=1746414922,https://jngems.com/cdn/shop/products/blue-sapphire-166-carat-natural-893598_110x110@2x.jpg?v=1746414922,https://jngems.com/cdn/shop/products/blue-sapphire-166-carat-natural-122876_110x110@2x.jpg?v=1746414923,https://jngems.com/cdn/shop/products/blue-sapphire-166-carat-natural-450283_110x110@2x.jpg?v=1746414923,https://jngems.com/cdn/shop/products/b0c2f7c2d8c64d2eafd77338018a1982.thumbnail.0000000_110x110@2x.jpg?v=1631205744,https://jngems.com/cdn/shop/products/blue-sapphire-166-carat-natural-829419_110x110@2x.jpg?v=1746414923,https://jngems.com/cdn/shop/products/blue-sapphire-166-carat-natural-704969_110x110@2x.jpg?v=1746414923,https://jngems.com/cdn/shop/products/blue-sapphire-166-carat-natural-462416_110x110@2x.jpg?v=1746414923",2025-09-02T05:31:02.918742+00:00
ceylon-sapphire,Collection: Sapphires,https://jngems.com/collections/ceylon-sapphire,https://jngems.com/products/4-02ct-natural-blue-sapphire,Blue Sapphire 4.02 carat Natural,jngems,"Rs 863,000.00",863000.0,,,LKR,True,False,4.02,Eye Clean,6 mm,Royal Blue,Round Mixed,Sri Lanka,true,GRS,JNBS0006,Blue Sapphire,,"Weight (carat): 4.02 Clarity: Eye Clean Size: 6 mm Colour: Royal Blue Shape and Cut: Round Mixed Origin: Sri Lanka Heated: true Certificate: GRS SKU: JNBS0006 Blue Sapphire Round Blue sapphires, Royal blue color sapphires",6769946558673,40222702141649,http://jngems.com/cdn/shop/products/blue-sapphire-402-carat-natural-117800.jpg?v=1746414902,"https://jngems.com/cdn/shop/products/blue-sapphire-402-carat-natural-117800_530x@2x.jpg?v=1746414902,https://jngems.com/cdn/shop/products/blue-sapphire-402-carat-natural-117800_110x110@2x.jpg?v=1746414902,https://jngems.com/cdn/shop/products/blue-sapphire-402-carat-natural-263369_110x110@2x.jpg?v=1746414902,https://jngems.com/cdn/shop/products/blue-sapphire-402-carat-natural-211718_110x110@2x.jpg?v=1746414902,https://jngems.com/cdn/shop/products/blue-sapphire-402-carat-natural-861240_110x110@2x.jpg?v=1746414902,https://jngems.com/cdn/shop/products/blue-sapphire-402-carat-natural-747147_110x110@2x.jpg?v=1746414901",2025-09-02T05:31:06.503163+00:00
ceylon-sapphire,Collection: Sapphires,https://jngems.com/collections/ceylon-sapphire,https://jngems.com/products/2-95-carat-natural-blue-sapphire,Blue Sapphire 2.95 carat Natural,jngems,"Rs 601,100.00",601100.0,,,LKR,True,False,2.95,Eye Clean,8.3x7.7x4.8 mm,Royal Blue,Cushion Mixed,Sri Lanka,true,,JNBS0005,Blue Sapphire,,Weight (carat): 2.95 Clarity: Eye Clean Size: 8.3x7.7x4.8 mm Colour: Royal Blue Shape and Cut: Cushion Mixed Origin: Sri Lanka Heated: true Certificate: SKU: JNBS0005 Blue Sapphire Vivid Royal Blue sapphires cushion shape stone,6769935483089,40222674911441,http://jngems.com/cdn/shop/products/blue-sapphire-295-carat-natural-978420.jpg?v=1746414920,"https://jngems.com/cdn/shop/products/18031c9fbc8c4c9b85ff771689237ab2.thumbnail.0000000_530x530.jpg?v=1631202885,https://jngems.com/cdn/shop/products/blue-sapphire-295-carat-natural-978420_530x@2x.jpg?v=1746414920,https://jngems.com/cdn/shop/products/blue-sapphire-295-carat-natural-978420_110x110@2x.jpg?v=1746414920,https://jngems.com/cdn/shop/products/blue-sapphire-295-carat-natural-243297_110x110@2x.jpg?v=1746414920,https://jngems.com/cdn/shop/products/blue-sapphire-295-carat-natural-249125_110x110@2x.jpg?v=1746414920,https://jngems.com/cdn/shop/products/18031c9fbc8c4c9b85ff771689237ab2.thumbnail.0000000_110x110@2x.jpg?v=1631202885,https://jngems.com/cdn/shop/products/blue-sapphire-295-carat-natural-181075_110x110@2x.jpg?v=1746414920",2025-09-02T05:31:09.744411+00:00
ceylon-sapphire,Collection: Sapphires,https://jngems.com/collections/ceylon-sapphire,https://jngems.com/products/peach-sapphire-2-34-carat-natural-sapphire,Peach Sapphire 2.34 carat Natural,jngems,"Rs 262,000.00",262000.0,,,LKR,True,False,2.34,Loupe Clean,9.8x7.0x4.2 mm,Light Pinkish,Octagon Radiant,Sri Lanka,false,,JNPE0002,Peach Sapphire,,"Weight (carat): 2.34 Clarity: Loupe Clean Size: 9.8x7.0x4.2 mm Colour: Light Pinkish Shape and Cut: Octagon Radiant Origin: Sri Lanka Heated: false Certificate: SKU: JNPE0002 Peach Sapphire Natural peach sapphire, Octagon shape Radiant cut",6763959877841,40198777864401,http://jngems.com/cdn/shop/products/peach-sapphire-234-carat-natural-644831.jpg?v=1746414908,"https://jngems.com/cdn/shop/products/e7f16f537cbf4986ad6a0d29bcc4b638.thumbnail.0000000_530x530.jpg?v=1630828063,https://jngems.com/cdn/shop/products/peach-sapphire-234-carat-natural-644831_530x@2x.jpg?v=1746414908,https://jngems.com/cdn/shop/products/peach-sapphire-234-carat-natural-644831_110x110@2x.jpg?v=1746414908,https://jngems.com/cdn/shop/products/peach-sapphire-234-carat-natural-388972_110x110@2x.jpg?v=1746414908,https://jngems.com/cdn/shop/products/peach-sapphire-234-carat-natural-278527_110x110@2x.jpg?v=1746414908,https://jngems.com/cdn/shop/products/peach-sapphire-234-carat-natural-912116_110x110@2x.jpg?v=1746414908,https://jngems.com/cdn/shop/products/peach-sapphire-234-carat-natural-750375_110x110@2x.jpg?v=1746414908,https://jngems.com/cdn/shop/products/e7f16f537cbf4986ad6a0d29bcc4b638.thumbnail.0000000_110x110@2x.jpg?v=1630828063",2025-09-02T05:31:11.944155+00:00
ceylon-sapphire,Collection: Sapphires,https://jngems.com/collections/ceylon-sapphire,https://jngems.com/products/nawarathne,Nawarathne Natural 3.5mm,jngems,"Rs 7,800.00",7800.0,,,LKR,True,False,2.70,Eye Clean,3.50 mm,Multicolor,Round,Sri Lanka,true,,JNNW0001,Nawarathne,,Weight (carat): 2.70 Clarity: Eye Clean Size: 3.50 mm Colour: Multicolor Shape and Cut: Round Origin: Sri Lanka Heated: true Certificate: SKU: JNNW0001 Nawarathne 9 gems for Pendant or Rings .Astrology Porpose using.,6759765704913,40179031539921,http://jngems.com/cdn/shop/products/nawarathne-natural-35mm-618793.jpg?v=1746414922,"https://jngems.com/cdn/shop/products/nawarathne-natural-35mm-618793_530x@2x.jpg?v=1746414922,https://jngems.com/cdn/shop/products/nawarathne-natural-35mm-618793_110x110@2x.jpg?v=1746414922,https://jngems.com/cdn/shop/products/nawarathne-natural-35mm-891610_110x110@2x.jpg?v=1746414922,https://jngems.com/cdn/shop/products/nawarathne-natural-35mm-344256_110x110@2x.jpg?v=1746414922",2025-09-02T05:31:15.321550+00:00
ceylon-sapphire,Collection: Sapphires,https://jngems.com/collections/ceylon-sapphire,https://jngems.com/products/3-09ct-natural-padparadscha-sapphire,Padparadscha Sapphire 3.09 carat Natural,jngems,"Rs 809,100.00",809100.0,,,LKR,True,False,3.09,Loupe Clean,10.39x7.57x4.24 mm,Yellowish Pink,Oval Step,Sri Lanka,true,CGS1806,JNPAD0001,Padparadscha,,Weight (carat): 3.09 Clarity: Loupe Clean Size: 10.39x7.57x4.24 mm Colour: Yellowish Pink Shape and Cut: Oval Step Origin: Sri Lanka Heated: true Certificate: CGS1806 SKU: JNPAD0001 Padparadscha Natural orangish pink Padparadscha stone,6759750238417,40178864324817,http://jngems.com/cdn/shop/products/padparadscha-sapphire-309-carat-natural-229869.jpg?v=1746414919,"https://jngems.com/cdn/shop/products/c507e24a26794fe5aea588c5195a240f.thumbnail.0000000_530x530.jpg?v=1630469900,https://jngems.com/cdn/shop/products/1dfbd658e3234d3fbd862bc06c7ca834.thumbnail.0000000_530x530.jpg?v=1630469886,https://jngems.com/cdn/shop/products/padparadscha-sapphire-309-carat-natural-229869_530x@2x.jpg?v=1746414919,https://jngems.com/cdn/shop/products/padparadscha-sapphire-309-carat-natural-229869_110x110@2x.jpg?v=1746414919,https://jngems.com/cdn/shop/products/padparadscha-sapphire-309-carat-natural-240875_110x110@2x.jpg?v=1746414920,https://jngems.com/cdn/shop/products/c507e24a26794fe5aea588c5195a240f.thumbnail.0000000_110x110@2x.jpg?v=1630469900,https://jngems.com/cdn/shop/products/1dfbd658e3234d3fbd862bc06c7ca834.thumbnail.0000000_110x110@2x.jpg?v=1630469886",2025-09-02T05:31:18.501170+00:00
ceylon-sapphire,Collection: Sapphires,https://jngems.com/collections/ceylon-sapphire,https://jngems.com/products/7-69ct-natural-yellow-sapphire,7.69ct Natural Yellow Sapphire,jngems,"Rs 1,078,800.00",1078800.0,,,LKR,True,False,7.69,Eye Clean,11.3x9.4x8.59mm mm,Yellow,Oval Step,Sri Lanka,false,CGS1803,JNYS0002,Natural Yellow sapphires. Tiny feather inside. Bigger size,,Weight (carat): 7.69 Clarity: Eye Clean Size: 11.3x9.4x8.59mm mm Colour: Yellow Shape and Cut: Oval Step Origin: Sri Lanka Heated: false Certificate: CGS1803 SKU: JNYS0002 Natural Yellow sapphires. Tiny feather inside. Bigger size,6758150275281,40171950112977,http://jngems.com/cdn/shop/products/769ct-natural-yellow-sapphire-928732.jpg?v=1746414917,"https://jngems.com/cdn/shop/products/d5859e1702824370bf9845407ac68a75.thumbnail.0000000_530x530.jpg?v=1630348536,https://jngems.com/cdn/shop/products/769ct-natural-yellow-sapphire-928732_530x@2x.jpg?v=1746414917,https://jngems.com/cdn/shop/products/769ct-natural-yellow-sapphire-928732_110x110@2x.jpg?v=1746414917,https://jngems.com/cdn/shop/products/769ct-natural-yellow-sapphire-297814_110x110@2x.jpg?v=1746414918,https://jngems.com/cdn/shop/products/769ct-natural-yellow-sapphire-640085_110x110@2x.jpg?v=1746414917,https://jngems.com/cdn/shop/products/d5859e1702824370bf9845407ac68a75.thumbnail.0000000_110x110@2x.jpg?v=1630348536,https://jngems.com/cdn/shop/products/769ct-natural-yellow-sapphire-446089_110x110@2x.jpg?v=1746414917,https://jngems.com/cdn/shop/products/769ct-natural-yellow-sapphire-907002_110x110@2x.jpg?v=1746414917",2025-09-02T05:31:22.939885+00:00
ceylon-sapphire,Collection: Sapphires,https://jngems.com/collections/ceylon-sapphire,https://jngems.com/products/3-63ct-natural-yellowsapphire,3.63ct Natural Yellow Sapphire,jngems,"Rs 246,600.00",246600.0,,,LKR,True,False,3.63,Eye Clean,8.9x8.6x4.9mm mm,Vivid Orange,Cushion Step,Sri Lanka,true,CGS1807,JNYS0001,Yellow sapphires,,"Weight (carat): 3.63 Clarity: Eye Clean Size: 8.9x8.6x4.9mm mm Colour: Vivid Orange Shape and Cut: Cushion Step Origin: Sri Lanka Heated: true Certificate: CGS1807 SKU: JNYS0001 Yellow sapphires JN Gems is delighted to announce that Yellow Sapphire it will be showcasing its stunning collection of natural yellow sapphires at the prestigious Gem Exhibition 2024 in Australia. Known for their vibrant color and brilliance, our yellow sapphires are a highlight of our extensive gemstone collection. Yellow sapphires, cherished for their sunny and radiant hues, are a symbol of wisdom, prosperity, and good fortune. Sourced from the finest mines globally, each yellow sapphire at JN Gems is carefully selected for its exceptional color, clarity, and cut. Our collection includes a range of shades from pale lemon to deep golden yellow, ensuring that there is a perfect gemstone for every taste and occasion.",6758148473041,40171934318801,http://jngems.com/cdn/shop/products/363ct-natural-yellow-sapphire-400383.jpg?v=1746414938,"https://jngems.com/cdn/shop/products/13009c5ce68247409ec46d5b163ffbaf.thumbnail.0000000_530x530.jpg?v=1630348159,https://jngems.com/cdn/shop/products/363ct-natural-yellow-sapphire-400383_530x@2x.jpg?v=1746414938,https://jngems.com/cdn/shop/products/363ct-natural-yellow-sapphire-400383_110x110@2x.jpg?v=1746414938,https://jngems.com/cdn/shop/products/363ct-natural-yellow-sapphire-256110_110x110@2x.jpg?v=1746414939,https://jngems.com/cdn/shop/products/363ct-natural-yellow-sapphire-986177_110x110@2x.jpg?v=1746414938,https://jngems.com/cdn/shop/products/363ct-natural-yellow-sapphire-543397_110x110@2x.jpg?v=1746414939,https://jngems.com/cdn/shop/products/13009c5ce68247409ec46d5b163ffbaf.thumbnail.0000000_110x110@2x.jpg?v=1630348159,https://jngems.com/cdn/shop/products/363ct-natural-yellow-sapphire-130631_110x110@2x.jpg?v=1746414939,https://jngems.com/cdn/shop/products/363ct-natural-yellow-sapphire-624631_110x110@2x.jpg?v=1746414938",2025-09-02T05:31:24.895600+00:00
ceylon-sapphire,Collection: Sapphires,https://jngems.com/collections/ceylon-sapphire,https://jngems.com/products/blue-sapphire-2-47carat-natural,Blue Sapphire 2.47carat Natural,jngems,"Rs 385,300.00",385300.0,,,LKR,True,False,2.47,Eye Clean,7.6x7.6x4.4 mm,Royal Blue,Cushion Mixed,Sri Lanka,true,,JNBS0004,Blue Sapphire,,"Weight (carat): 2.47 Clarity: Eye Clean Size: 7.6x7.6x4.4 mm Colour: Royal Blue Shape and Cut: Cushion Mixed Origin: Sri Lanka Heated: true Certificate: SKU: JNBS0004 Blue Sapphire Natural Blue Sapphire , Cushion shape , royal blue",6758159188177,40172101271761,http://jngems.com/cdn/shop/products/blue-sapphire-247carat-natural-514138.jpg?v=1746414928,"https://jngems.com/cdn/shop/products/f7bc3202be9841398a5c52af239f96f1.thumbnail.0000000_530x530.jpg?v=1630349392,https://jngems.com/cdn/shop/products/blue-sapphire-247carat-natural-514138_530x@2x.jpg?v=1746414928,https://jngems.com/cdn/shop/products/blue-sapphire-247carat-natural-514138_110x110@2x.jpg?v=1746414928,https://jngems.com/cdn/shop/products/blue-sapphire-247carat-natural-224542_110x110@2x.jpg?v=1746414927,https://jngems.com/cdn/shop/products/blue-sapphire-247carat-natural-559418_110x110@2x.jpg?v=1746414927,https://jngems.com/cdn/shop/products/blue-sapphire-247carat-natural-609915_110x110@2x.jpg?v=1746414928,https://jngems.com/cdn/shop/products/blue-sapphire-247carat-natural-564576_110x110@2x.jpg?v=1746414927,https://jngems.com/cdn/shop/products/blue-sapphire-247carat-natural-840658_110x110@2x.jpg?v=1746414927,https://jngems.com/cdn/shop/products/f7bc3202be9841398a5c52af239f96f1.thumbnail.0000000_110x110@2x.jpg?v=1630349392",2025-09-02T05:31:27.564145+00:00
ceylon-sapphire,Collection: Sapphires,https://jngems.com/collections/ceylon-sapphire,https://jngems.com/products/2-01ct-natural-blue-sapphire,Natural Blue Sapphire 2.01 carat,jngems,"Rs 231,200.00",231200.0,,,LKR,True,False,2.01,Eye Clean,8.2x6.1x4.0 mm,Medium Blue,Oval Mixed,Sri Lanka,true,CGJ-78385,JNBS0003,Natural Blue Sapphire,,Weight (carat): 2.01 Clarity: Eye Clean Size: 8.2x6.1x4.0 mm Colour: Medium Blue Shape and Cut: Oval Mixed Origin: Sri Lanka Heated: true Certificate: CGJ-78385 SKU: JNBS0003 Natural Blue Sapphire Beautiful cornflower blue color clean stone,6758155485393,40172084035793,http://jngems.com/cdn/shop/products/natural-blue-sapphire-201-carat-885136.jpg?v=1746414913,"https://jngems.com/cdn/shop/products/natural-blue-sapphire-201-carat-885136_530x@2x.jpg?v=1746414913,https://jngems.com/cdn/shop/products/natural-blue-sapphire-201-carat-885136_110x110@2x.jpg?v=1746414913,https://jngems.com/cdn/shop/products/natural-blue-sapphire-201-carat-930554_110x110@2x.jpg?v=1746414912,https://jngems.com/cdn/shop/products/natural-blue-sapphire-201-carat-289456_110x110@2x.jpg?v=1746414913,https://jngems.com/cdn/shop/products/natural-blue-sapphire-201-carat-327857_110x110@2x.jpg?v=1746414913,https://jngems.com/cdn/shop/products/natural-blue-sapphire-201-carat-882798_110x110@2x.jpg?v=1746414913,https://jngems.com/cdn/shop/products/natural-blue-sapphire-201-carat-342890_110x110@2x.jpg?v=1746414912",2025-09-02T05:31:29.511595+00:00
ceylon-sapphire,Collection: Sapphires,https://jngems.com/collections/ceylon-sapphire,https://jngems.com/products/2-35ct-natural-blue-sapphire,Blue Sapphire Natural 2.35 carat,jngems,"Rs 262,000.00",262000.0,,,LKR,True,False,2.35,Loupe Clean,8.7x6.7x4.3 mm,Eye Clean,Oval Mixed,Sri Lanka,false,CGJ78386,JNBS0002,Blue Sapphire,,"Weight (carat): 2.35 Clarity: Loupe Clean Size: 8.7x6.7x4.3 mm Colour: Eye Clean Shape and Cut: Oval Mixed Origin: Sri Lanka Heated: false Certificate: CGJ78386 SKU: JNBS0002 Blue Sapphire Natural Blue Sapphire, oval shape , mixed cut",6753918157009,40157685121233,http://jngems.com/cdn/shop/products/blue-sapphire-natural-235-carat-653677.jpg?v=1746414894,"https://jngems.com/cdn/shop/products/blue-sapphire-natural-235-carat-653677_530x@2x.jpg?v=1746414894,https://jngems.com/cdn/shop/products/blue-sapphire-natural-235-carat-653677_110x110@2x.jpg?v=1746414894,https://jngems.com/cdn/shop/products/blue-sapphire-natural-235-carat-999734_110x110@2x.jpg?v=1746414894,https://jngems.com/cdn/shop/products/blue-sapphire-natural-235-carat-525496_110x110@2x.jpg?v=1746414893,https://jngems.com/cdn/shop/products/blue-sapphire-natural-235-carat-508563_110x110@2x.jpg?v=1746414894,https://jngems.com/cdn/shop/products/blue-sapphire-natural-235-carat-531084_110x110@2x.jpg?v=1746414893",2025-09-02T05:31:32.573296+00:00
blue-sapphire,Collection: Blue Sapphire,https://jngems.com/collections/blue-sapphire,https://jngems.com/products/blue-sapphire-5,Blue sapphire,J N Gems,"Rs 107,900.00",107900.0,,,LKR,True,False,1.77,clean,8.7x7.0 mm,ICE BLUE,oval step,sri lankan,true,N/A,JNBS177,,,"Weight (carat): 1.77 Clarity: clean Size: 8.7x7.0 mm Colour: ICE BLUE Shape and Cut: oval step Origin: sri lankan Heated: true Certificate: N/A SKU: JNBS177 As an expert in precious gemstones 1.77 carat , I present to you the stunning Blue Sapphire. With a super luster and rare ice blue oval shape, this gemstone measures 8.8x7.0x4.2 mm and features one inclusion on the bottom side. Add this elegant and unique sapphire to your collection and enjoy its beauty and rarity.",7565990559953,42493508911313,http://jngems.com/cdn/shop/files/blue-sapphire-366563.jpg?v=1746414795,,2025-09-02T05:31:40.292477+00:00
blue-sapphire,Collection: Blue Sapphire,https://jngems.com/collections/blue-sapphire,https://jngems.com/products/blue-sapphire-4,Blue sapphire,J N Gems,"Rs 80,200.00",80200.0,,,LKR,True,False,1.18,clean,7.8x5.2x3.8 mm,medium,"pear ,step",sri lankan,true,N/A,JNBS118,,,"Weight (carat): 1.18 Clarity: clean Size: 7.8x5.2x3.8 mm Colour: medium Shape and Cut: pear ,step Origin: sri lankan Heated: true Certificate: N/A SKU: JNBS118 Blue Sapphire Expertly crafted from a 1.18 carat natural blue sapphire, this stunning pear-shaped gem boasts a vibrant and Medium blue hue. Measuring 7.8x5.2x3.8mm, it is top clean and radiates pure elegance. A must-have for any gemstone collector or jewelry enthusiast.",7565989511377,42493507829969,http://jngems.com/cdn/shop/files/blue-sapphire-698317.jpg?v=1746414785,,2025-09-02T05:31:43.053039+00:00
blue-sapphire,Collection: Blue Sapphire,https://jngems.com/collections/blue-sapphire,https://jngems.com/products/blue-sapphire-3,Blue sapphire,J N Gems,"Rs 84,800.00",84800.0,,,LKR,True,False,1.24,clean,7.5x5.8 mm,vivid,oval step,sri lankan,true,n/a,JNBS124,,,"Weight (carat): 1.24 Clarity: clean Size: 7.5x5.8 mm Colour: vivid Shape and Cut: oval step Origin: sri lankan Heated: true Certificate: n/a SKU: JNBS124 Blue sapphire, a stunning oval 1.24 carat gemstone. With its loupe clean clarity and heated treatment, this blue sapphire offers an exceptional visual experience. Its intense blue hue, coupled with its scientific and objective properties, makes it a prized possession for any jewelry collection.",7565988593873,42493506781393,http://jngems.com/cdn/shop/files/blue-sapphire-992415.jpg?v=1746414830,,2025-09-02T05:31:46.534726+00:00
blue-sapphire,Collection: Blue Sapphire,https://jngems.com/collections/blue-sapphire,https://jngems.com/products/blue-sapphire-1-55carat,Blue Sapphire 1.55carat,jngems,"Rs 107,900.00",107900.0,,,LKR,True,False,1.55,Loupe Clean,8.5x6.5x3.3mm mm,Vivid Blue,Oval Step,Sri Lanka,true,,JNBS155,Blue sapphire,,"Weight (carat): 1.55 Clarity: Loupe Clean Size: 8.5x6.5x3.3mm mm Colour: Vivid Blue Shape and Cut: Oval Step Origin: Sri Lanka Heated: true Certificate: SKU: JNBS155 Blue sapphire Weight : 1.55 carat Size : 8.5x6.5x3.3mm Shape & cut : Oval/ step Brilliant Clarity : loupe clean Treatment : Heated Color : vivid Blue This stunning blue sapphire boasts a weight of 1.55 carat, measuring 8.5x6.5x3.3mm in a classic Oval/Step Brilliant cut. With a clarity of loupe clean and a vivid blue color, this gem is the perfect choice for a bold and eye-catching piece. Its deep, rich hue is achieved through a heating treatment, ensuring a vibrant and mesmerizing look. Enhance your jewelry collection with this exquisite blue sapphire.",7562029957329,42484604829905,http://jngems.com/cdn/shop/files/blue-sapphire-155carat-930564.jpg?v=1746414826,,2025-09-02T05:31:50.584997+00:00
blue-sapphire,Collection: Blue Sapphire,https://jngems.com/collections/blue-sapphire,https://jngems.com/products/blue-sapphire-1-88-carat-ice-blue,Blue Sapphire 1.88 carat - Ice Blue,jngems,"Rs 85,700.00",85700.0,,,LKR,True,False,1.88,Loupe Clean,7x5 mm mm,Ice Blue,Oval Step,Sri Lanka,true,,JNBS188,,,"Weight (carat): 1.88 Clarity: Loupe Clean Size: 7x5 mm mm Colour: Ice Blue Shape and Cut: Oval Step Origin: Sri Lanka Heated: true Certificate: SKU: JNBS188 Blue sapphire ice Blue Weight : 1.88 carat Size : 7x5 mm Shape & cut : Step / Flower Brilliant Clarity : loupe clean Treatment : Heated Color : Pastel Blue This blue sapphire, weighing 1.88 carats and having a size of 7x5 mm, is cut in a unique Step/Flower Brilliant shape. With its loupe clean clarity and heat-treated treatment, this gemstone shines with a delicate pastel blue color, perfect for adding a touch of elegance to any jewelry piece. With its natural beauty and high-quality features, this blue sapphire is a must-have for any gemstone collector or jewelry enthusiast.",7562029367505,42484596932817,http://jngems.com/cdn/shop/files/blue-sapphire-188-carat-ice-blue-130954.jpg?v=1746414786,,2025-09-02T05:31:56.466687+00:00
blue-sapphire,Collection: Blue Sapphire,https://jngems.com/collections/blue-sapphire,https://jngems.com/products/blue-sapphire-2-24carat-silky-blue,Blue Sapphire 2.24carat- silky Blue,jngems,"Rs 271,300.00",271300.0,,,LKR,True,False,2.24,Eye Clean,7.8x6.5x5.4mm mm,Pastel Blue,Oval Step,Sri Lanka,true,,,Silky Blue sapphire ( smorky),,"Weight (carat): 2.24 Clarity: Eye Clean Size: 7.8x6.5x5.4mm mm Colour: Pastel Blue Shape and Cut: Oval Step Origin: Sri Lanka Heated: true Certificate: SKU: Silky Blue sapphire ( smorky) Weight : 2.24carat Size : 7.8x6.6x5.4mm Shape & cut : Step / Flower Brilliant Clarity : loupe clean Treatment : Heated Color : Pastel Blue Expertly crafted with a silky blue hue, this Blue Sapphire weighs 2.24 carats and measures 7.8x6.6x5.4mm. Its Step/Flower Brilliant cut and loupe clean clarity provide a stunning and radiant sparkle. With a pastel blue color and heated treatment, this gemstone is pure elegance.",7561962455249,42484425720017,http://jngems.com/cdn/shop/files/blue-sapphire-224carat-silky-blue-604967.jpg?v=1746414814,,2025-09-02T05:31:59.684690+00:00
blue-sapphire,Collection: Blue Sapphire,https://jngems.com/collections/blue-sapphire,https://jngems.com/products/blue-sapphire-1-84-carat,Blue Sapphire 1.84 carat,J N Gems,"Rs 200,400.00",200400.0,,,LKR,True,False,1.84,,6.7mm mm,Medium Blue,Round step cut,,,N/A,JNBS164,,,"Weight (carat): 1.84 Clarity: Size: 6.7mm mm Colour: Medium Blue Shape and Cut: Round step cut Origin: Heated: Certificate: N/A SKU: JNBS164 Expertly cut from natural blue sapphire, this 1.84 carat round pastel stone boasts a brilliant luster. Ideal for a ladies' ring, its step cut and 6.7mm size make for a stunning addition to any jewelry collection. Add a touch of sophistication with this Blue Sapphire.",7561960161489,42484403699921,http://jngems.com/cdn/shop/files/blue-sapphire-184-carat-498219.jpg?v=1746414828,,2025-09-02T05:32:02.706831+00:00
blue-sapphire,Collection: Blue Sapphire,https://jngems.com/collections/blue-sapphire,https://jngems.com/products/blue-sapphire-1-37-carat,Blue Sapphire 1.37 carat,J N Gems,"Rs 131,000.00",131000.0,,,LKR,True,False,1.37,Loupe clean,6.0mm mm,Blue,Round step,Ceylon,true,,JNBS137 -1,"Blue Sapphire. With an impressive weight of 1.37 carats, this majestic gem commands attention with its captivating round step cut, measuring 6.0mm. Its top-tier eye clean and exceptional cutting quality ensure a mesmerizing brilliance that dazzles from every angle. Originating from Sri Lanka, renowned for producing some of the world's finest blue sapphires, this gem showcases a rich, deep hue that embodies timeless elegance.",,"Weight (carat): 1.37 Clarity: Loupe clean Size: 6.0mm mm Colour: Blue Shape and Cut: Round step Origin: Ceylon Heated: true Certificate: SKU: JNBS137 -1 Blue Sapphire. With an impressive weight of 1.37 carats, this majestic gem commands attention with its captivating round step cut, measuring 6.0mm. Its top-tier eye clean and exceptional cutting quality ensure a mesmerizing brilliance that dazzles from every angle. Originating from Sri Lanka, renowned for producing some of the world's finest blue sapphires, this gem showcases a rich, deep hue that embodies timeless elegance.",7510756524241,42362192298193,http://jngems.com/cdn/shop/files/blue-sapphire-137-carat-244315.jpg?v=1746414847,,2025-09-02T05:32:05.638051+00:00
blue-sapphire,Collection: Blue Sapphire,https://jngems.com/collections/blue-sapphire,https://jngems.com/products/blue-sapphire-4-44-carat,Blue Sapphire 4.44 carat,J N Gems,"Rs 889,500.00",889500.0,,,LKR,True,False,4.44,Eye Clean,9.1x7.1x5.2 mm,Vivid blue,Oval mix,Sri Lanka,true,,JNBS444,,,Weight (carat): 4.44 Clarity: Eye Clean Size: 9.1x7.1x5.2 mm Colour: Vivid blue Shape and Cut: Oval mix Origin: Sri Lanka Heated: true Certificate: SKU: JNBS444 Blue Sapphire 4.44 carat Size : 11x9.0x5.2mm Shape : Oval mix cut Treatment : Heated Color : vivid Blue,7510755606737,42362190135505,http://jngems.com/cdn/shop/files/blue-sapphire-444-carat-345373.jpg?v=1746414792,,2025-09-02T05:32:08.798056+00:00
blue-sapphire,Collection: Blue Sapphire,https://jngems.com/collections/blue-sapphire,https://jngems.com/products/blue-sapphire-2,Blue Sapphire 3.03 carat,J N Gems,"Rs 755,200.00",755200.0,,,LKR,True,False,3.03,Eye Clean,9.1x7.1x5.2 mm,Royal blue,Oval mix,Sri Lanka,true,,JNBS303,,,Weight (carat): 3.03 Clarity: Eye Clean Size: 9.1x7.1x5.2 mm Colour: Royal blue Shape and Cut: Oval mix Origin: Sri Lanka Heated: true Certificate: SKU: JNBS303 Blue Sapphire 3.03 carat Size : 9.1x7.1x5.2 mm Shape : Oval mix cut Treatment : Heated Color : Royal Blue,7510754394321,42362181681361,http://jngems.com/cdn/shop/files/blue-sapphire-303-carat-445917.jpg?v=1746414820,,2025-09-02T05:32:11.031573+00:00
blue-sapphire,Collection: Blue Sapphire,https://jngems.com/collections/blue-sapphire,https://jngems.com/products/blue-sapphire-13-26-carat,Blue Sapphire 13.26 carat,jngems,"Rs 692,000.00",692000.0,,,LKR,True,False,13.26,Eye Clean,Mix size mm,Vivid Blue,Oval,Sri Lanka,true,,JNBS1326,Blue Sapphire,,"Weight (carat): 13.26 Clarity: Eye Clean Size: Mix size mm Colour: Vivid Blue Shape and Cut: Oval Origin: Sri Lanka Heated: true Certificate: SKU: JNBS1326 Blue Sapphire This Blue Sapphire bracelet or necklace features 16 pieces of oval-shaped, 13.26 carat stones with a vivid royal blue hue. Made of exquisite sapphires from Sri Lanka, this stunning piece is a perfect addition to any jewelry collection. Experience the timeless elegance and luxurious quality of these gemstones.",7507322699985,42352178430161,http://jngems.com/cdn/shop/files/blue-sapphire-1326-carat-930670.jpg?v=1746414795,,2025-09-02T05:32:12.913761+00:00
blue-sapphire,Collection: Blue Sapphire,https://jngems.com/collections/blue-sapphire,https://jngems.com/products/blue-sapphire-11-63-carat,Blue Sapphire 11.63 carat,jngems,"Rs 692,000.00",692000.0,,,LKR,True,False,11.63,Eye Clean,Mix size mm,Royal Blue,Oval,Sri Lanka,true,,JNBS1163,Blue Sapphire,,"Weight (carat): 11.63 Clarity: Eye Clean Size: Mix size mm Colour: Royal Blue Shape and Cut: Oval Origin: Sri Lanka Heated: true Certificate: SKU: JNBS1163 Blue Sapphire Expertly crafted with 19 pieces of stunning Royal Blue sapphires from Sri Lanka, the Blue Sapphire 11.63 carat is the perfect addition to any bracelet or necklace. Boasting vibrant colors and an elegant oval shape, this piece is sure to impress. Elevate your jewelry collection with this exquisite gemstone.",7507290816721,42352137797841,http://jngems.com/cdn/shop/files/blue-sapphire-1163-carat-876539.jpg?v=1746414782,,2025-09-02T05:32:17.534176+00:00
blue-sapphire,Collection: Blue Sapphire,https://jngems.com/collections/blue-sapphire,https://jngems.com/products/blue-sapphire-8-98-carat,Blue Sapphire 8.98 carat,jngems,"Rs 692,000.00",692000.0,,,LKR,True,False,8.98,Eye Clean,Mix size mm,Royal Blue,Oval,Sri Lanka,true,,JNBS898,Blue Sapphire,,"Weight (carat): 8.98 Clarity: Eye Clean Size: Mix size mm Colour: Royal Blue Shape and Cut: Oval Origin: Sri Lanka Heated: true Certificate: SKU: JNBS898 Blue Sapphire This Blue Sapphire bracelet or necklace features 16 pieces of oval-shaped, 8.98 carat stones with a vivid royal blue hue. Made of exquisite sapphires from Sri Lanka, this stunning piece is a perfect addition to any jewelry collection. Experience the timeless elegance and luxurious quality of these gemstones.",7507280822481,42352126230737,http://jngems.com/cdn/shop/files/blue-sapphire-898-carat-294820.jpg?v=1746414816,,2025-09-02T05:32:20.185168+00:00
blue-sapphire,Collection: Blue Sapphire,https://jngems.com/collections/blue-sapphire,https://jngems.com/products/blue-sapphire-17-82-carat,Blue Sapphire 17.82 carat,jngems,"Rs 678,100.00",678100.0,,,LKR,True,False,17.82,Clean,Mix mm,Royal Blue,Oval carving,Sri Lanka,true,,JNBS1782,Cornflower Blue sapphire,,"Weight (carat): 17.82 Clarity: Clean Size: Mix mm Colour: Royal Blue Shape and Cut: Oval carving Origin: Sri Lanka Heated: true Certificate: SKU: JNBS1782 Cornflower Blue sapphire Weight : 17.82 carat Size : Free sizes Shape & cut : oval carving Color : Royal Blue Clarity : clean Treatment : Heated This exquisite 17.82 carat Royal blue Ceylon sapphire, free sizes features a unique step oval With clean clarity and enhanced through heating, this sapphire showcases a vibrant Royal blue hue. Its exceptional brilliance and pristine quality make it an ideal choice for elegant fine jewelry.",7469499875537,42238110564561,http://jngems.com/cdn/shop/files/blue-sapphire-1782-carat-583032.jpg?v=1746414835,,2025-09-02T05:32:23.033702+00:00
blue-sapphire,Collection: Blue Sapphire,https://jngems.com/collections/blue-sapphire,https://jngems.com/products/blue-sapphire-1-19-carat-1,Blue Sapphire 1.19 carat,J N Gems,"Rs 131,000.00",131000.0,,,LKR,True,False,1.19,Clean,6.7x5.7x4.2 mm,Medium Blue,Pear step,Sri Lanka,true,,JNBS119,Blue Sapphire,,Weight (carat): 1.19 Clarity: Clean Size: 6.7x5.7x4.2 mm Colour: Medium Blue Shape and Cut: Pear step Origin: Sri Lanka Heated: true Certificate: SKU: JNBS119 Blue Sapphire Size :6.7x5.7x4.30mm Weight : 1.19carat Shape: pear shape,7469499318481,42238106337489,http://jngems.com/cdn/shop/files/blue-sapphire-119-carat-143011.jpg?v=1746414783,,2025-09-02T05:32:25.545263+00:00
blue-sapphire,Collection: Blue Sapphire,https://jngems.com/collections/blue-sapphire,https://jngems.com/products/blue-sapphire-1-07-carat,Blue Sapphire 1.07 carat,jngems,"Rs 197,300.00",197300.0,,,LKR,True,False,1.07,Clean,7.3x5.5 mm,Royal Blue,Oval Step,Sri Lanka,true,,JNBS107,Cornflower Blue sapphire,,"Weight (carat): 1.07 Clarity: Clean Size: 7.3x5.5 mm Colour: Royal Blue Shape and Cut: Oval Step Origin: Sri Lanka Heated: true Certificate: SKU: JNBS107 Cornflower Blue sapphire Weight : 1.07 carat Size : 7.3x 5.5 mm Shape & cut : oval step Color : Royal Blue Clarity : loupe clean Treatment : Heated This exquisite 1.07 carat Royal blue Ceylon sapphire, measuring 7.3x 5.5mm features a unique step oval With loupe clean clarity and enhanced through heating, this sapphire showcases a vibrant Royal blue hue. Its exceptional brilliance and pristine quality make it an ideal choice for elegant fine jewelry.",7469499056337,42238105256145,http://jngems.com/cdn/shop/files/blue-sapphire-107-carat-539539.jpg?v=1746414840,,2025-09-02T05:32:28.472727+00:00
blue-sapphire,Collection: Blue Sapphire,https://jngems.com/collections/blue-sapphire,https://jngems.com/products/blue-sapphire-1-60-carat,Blue Sapphire 1.60 carat,jngems,"Rs 197,300.00",197300.0,,,LKR,True,False,1.60,Clean,7.5x5.8 mm,Royal Blue,Cushion Step,Sri Lanka,true,,JNBS160,Cornflower Blue sapphire,,"Weight (carat): 1.60 Clarity: Clean Size: 7.5x5.8 mm Colour: Royal Blue Shape and Cut: Cushion Step Origin: Sri Lanka Heated: true Certificate: SKU: JNBS160 Cornflower Blue sapphire Weight : 1.60carat Size : 7.5x5.8mm Shape & cut : cushion step Color : Royal Blue Clarity : loupe clean Treatment : Heated This exquisite 1.60 carat Royal blue Ceylon sapphire, measuring 7.5x5.8mm, features a unique step cushion With loupe clean clarity and enhanced through heating, this sapphire showcases a vibrant Royal blue hue. Its exceptional brilliance and pristine quality make it an ideal choice for elegant fine jewelry.",7469498663121,42238103847121,http://jngems.com/cdn/shop/files/blue-sapphire-160-carat-258349.jpg?v=1746414854,,2025-09-02T05:32:31.200807+00:00
blue-sapphire,Collection: Blue Sapphire,https://jngems.com/collections/blue-sapphire,https://jngems.com/products/natural-blue-sapphire-1-51-carat,Natural Blue Sapphire 1.51 carat,J N Gems,"Rs 231,200.00",231200.0,,,LKR,True,False,1.51,Clean,8x6x3mm mm,Medium Blue,Cushion step,Sri Lanka,true,,JNBS152,Blue Sapphire,,"Weight (carat): 1.51 Clarity: Clean Size: 8x6x3mm mm Colour: Medium Blue Shape and Cut: Cushion step Origin: Sri Lanka Heated: true Certificate: SKU: JNBS152 Blue Sapphire Blue sapphire, Size :8x6x3.0mm Weight : 1.51 carat Cushion mixed cut",7469498106065,42238101487825,http://jngems.com/cdn/shop/files/natural-blue-sapphire-151-carat-759181.jpg?v=1746414773,,2025-09-02T05:32:33.084880+00:00
blue-sapphire,Collection: Blue Sapphire,https://jngems.com/collections/blue-sapphire,https://jngems.com/products/blue-sapphire-1-19-carat,Blue Sapphire 1.19 carat,jngems,"Rs 200,400.00",200400.0,,,LKR,True,False,1.19,Loupe Clean,6.3x.6.4mm mm,Medium Blue,Heart Step,Sri Lanka,true,,JNBS119,Blue sapphire,,"Weight (carat): 1.19 Clarity: Loupe Clean Size: 6.3x.6.4mm mm Colour: Medium Blue Shape and Cut: Heart Step Origin: Sri Lanka Heated: true Certificate: SKU: JNBS119 Blue sapphire Weight : 1.19 carat Size : 6.3x6.4mm Shape & cut : Heart / Flower Brilliant Clarity : loupe clean Treatment : Un Heated Presenting an exquisite Medium Blue Sapphire, weighing 1.19 carats, with dimensions of 6.3x.6.4mm. This gem features a unique step and flower brilliant cut, enhancing its natural beauty and maximizing its brilliance. Its vibrant cornflower blue hue is both captivating and rare, making it a highly desirable gemstone. This sapphire is loupe clean, indicating flawless clarity with no visible inclusions even under 10x magnification, ensuring the stone's pure and unblemished appearance. The gem has undergone professional heating, a common and accepted treatment to enhance its color and clarity, ensuring its stunning blue shade is permanently preserved. Sourced from Sri Lanka, known for producing some of the world's finest sapphires, this 1.19 carat Blue Sapphire is a perfect choice for high-end jewelry. Whether set in a ring, pendant, or another piece of fine jewelry, this sapphire's exceptional color, clarity, and cut make it an elegant and timeless treasure.",7448956633297,42183978451153,http://jngems.com/cdn/shop/files/blue-sapphire-119-carat-368232.jpg?v=1746414838,,2025-09-02T05:32:38.454538+00:00
blue-sapphire,Collection: Blue Sapphire,https://jngems.com/collections/blue-sapphire,https://jngems.com/products/natural-cornflower-blue-sapphire-2-80-carat,Natural Cornflower Blue Sapphire 2.80 carat,jngems,"Rs 949,300.00",949300.0,,,LKR,True,False,2.80,Loupe Clean,8.8x7.5x5.4mm mm,Cornflower Blue,Oval Mixed,Sri Lanka,true,,JNBS280,Cornflower Blue Sapphire,,"Weight (carat): 2.80 Clarity: Loupe Clean Size: 8.8x7.5x5.4mm mm Colour: Cornflower Blue Shape and Cut: Oval Mixed Origin: Sri Lanka Heated: true Certificate: SKU: JNBS280 Cornflower Blue Sapphire Weight :2.80 carat size 8.8x7.0x5.40 mm This cornflower blue spinel you described sounds exquisite and ideal for a high-end jewelry piece, particularly a ladies' ring. Here are the key features summarized and their implications: 1.Weight: 2.80 carat This is a substantial size for a gemstone, making it quite noticeable and likely the centerpiece of any jewelry piece. 2. Size: 8.8 x 7.0 x 5.40 mm These dimensions indicate a well-proportioned stone with a good depth, which can contribute to its brilliance and presence. 3. Color : Beautiful cornflower blue Cornflower blue is a highly prized color in gemstones, often associated with high-quality sapphires. This color is characterized by its medium-light tone and pure blue hue. 4. Clarity: Loupe clean The absence of visible inclusions under 10x magnification denotes a high level of clarity, enhancing the stone's overall appearance and value. 5. Luster : Good luster This refers to the way light interacts with the surface of the gemstone, contributing to its brilliance and visual appeal. 6.Setting Recommendation: Good for a ladies' ring with white gold White gold is a great choice for setting this spinel, as it complements the blue color, providing a sleek and modern look. White gold also offers durability, which is important for everyday wear in rings. Design Considerations for the Ring: Prong Setting: A prong setting will maximize the visibility of the gemstone, showcasing its color and clarity. Halo Setting : Surrounding the spinel with small diamonds can add sparkle and enhance the overall visual impact of the ring. Solitaire Setting : A solitaire setting focuses all attention on the spinel, allowing its beauty to stand out. Vintage or Contemporary Design : Depending on personal taste, the ring can feature intricate vintage details or sleek modern lines. Maintenance Tips: Regular Cleaning : Keep the stone and setting clean to maintain their brilliance. Use mild soap and water, and avoid harsh chemicals. Check the Setting: Periodically ensure that the setting is secure, especially with prong settings, to prevent the gemstone from becoming loose. Store Properly : When not wearing the ring, store it in a soft cloth or padded jewelry box to avoid scratches and damage. This stunning cornflower blue spinel will make a remarkable and elegant statement piece in a white gold ring, perfect for a sophisticated and timeless look.",7444118864081,42171656700113,http://jngems.com/cdn/shop/files/natural-cornflower-blue-sapphire-280-carat-624885.jpg?v=1746414925,,2025-09-02T05:32:41.014971+00:00
blue-sapphire,Collection: Blue Sapphire,https://jngems.com/collections/blue-sapphire,https://jngems.com/products/royal-blue-sapphire-0-96carat,Royal Blue Sapphire 0.96carat,J N Gems,"Rs 104,800.00",104800.0,,,LKR,True,False,0.96,Loupe clean,7.8x6.0mm mm,Royal Blue,Pear mix brilliant,Ceylon,true,,JNBS096,"the Royal Blue Sapphire. With an impressive weight of 0.96 carats, this majestic gem commands attention with its captivating Pear step cut, measuring 7.8x.6.0mm. Its top-tier clarity and exceptional cutting quality ensure a mesmerizing brilliance that dazzles from every angle. Originating from Sri Lanka, renowned for producing some of the world's finest blue sapphires, this gem showcases a rich, deep hue that embodies timeless elegance. this Royal Blue Sapphire is a true masterpiece of nature's finest craftsmanship.",,"Weight (carat): 0.96 Clarity: Loupe clean Size: 7.8x6.0mm mm Colour: Royal Blue Shape and Cut: Pear mix brilliant Origin: Ceylon Heated: true Certificate: SKU: JNBS096 the Royal Blue Sapphire. With an impressive weight of 0.96 carats, this majestic gem commands attention with its captivating Pear step cut, measuring 7.8x.6.0mm. Its top-tier clarity and exceptional cutting quality ensure a mesmerizing brilliance that dazzles from every angle. Originating from Sri Lanka, renowned for producing some of the world's finest blue sapphires, this gem showcases a rich, deep hue that embodies timeless elegance. this Royal Blue Sapphire is a true masterpiece of nature's finest craftsmanship.",7444113817809,42171604402385,http://jngems.com/cdn/shop/files/royal-blue-sapphire-096carat-579494.jpg?v=1746414822,,2025-09-02T05:32:43.541842+00:00
blue-sapphire,Collection: Blue Sapphire,https://jngems.com/collections/blue-sapphire,https://jngems.com/products/ceylon-royal-blue-sapphire-1-37-carat,Ceylon Royal Blue Sapphire 1.37 carat,J N Gems,"Rs 161,900.00",161900.0,,,LKR,True,False,1.37,Loupe clean,7x6mm mm,Royal Blue,Cushion mix brilliant,,,,JNBS137,"the Royal Blue Sapphire. With an impressive weight of 1.37 carats, this majestic gem commands attention with its captivating cushion step cut, measuring 7.0x.6.0mm. Its top-tier clarity and exceptional cutting quality ensure a mesmerizing brilliance that dazzles from every angle. Originating from Sri Lanka, renowned for producing some of the world's finest blue sapphires, this gem showcases a rich, deep hue that embodies timeless elegance. this Royal Blue Sapphire is a true masterpiece of nature's finest craftsmanship.",,"Weight (carat): 1.37 Clarity: Loupe clean Size: 7x6mm mm Colour: Royal Blue Shape and Cut: Cushion mix brilliant Origin: Heated: Certificate: SKU: JNBS137 the Royal Blue Sapphire. With an impressive weight of 1.37 carats, this majestic gem commands attention with its captivating cushion step cut, measuring 7.0x.6.0mm. Its top-tier clarity and exceptional cutting quality ensure a mesmerizing brilliance that dazzles from every angle. Originating from Sri Lanka, renowned for producing some of the world's finest blue sapphires, this gem showcases a rich, deep hue that embodies timeless elegance. this Royal Blue Sapphire is a true masterpiece of nature's finest craftsmanship.",7444111556817,42171581661393,http://jngems.com/cdn/shop/files/ceylon-royal-blue-sapphire-137-carat-411075.jpg?v=1746414815,,2025-09-02T05:32:46.234574+00:00
blue-sapphire,Collection: Blue Sapphire,https://jngems.com/collections/blue-sapphire,https://jngems.com/products/3-13-carat-blue-sapphire,Blue Sapphire 3.13 carat,J N Gems,"Rs 770,600.00",770600.0,,,LKR,True,False,3.13,Clean,10.2x7.7x4.5mm mm,Medium,Oval Brilliant mixed,Sri Lanka,true,,JNBS313,Blue Sapphire 3.13 carat,,Weight (carat): 3.13 Clarity: Clean Size: 10.2x7.7x4.5mm mm Colour: Medium Shape and Cut: Oval Brilliant mixed Origin: Sri Lanka Heated: true Certificate: SKU: JNBS313 Blue Sapphire 3.13 carat Size : 10.2x7.7mm Shape : Oval step brilliant cut Treatment : Heated Color : Medium Blue,7444108280017,42171552006353,http://jngems.com/cdn/shop/files/blue-sapphire-313-carat-436857.jpg?v=1746414781,,2025-09-02T05:32:48.083117+00:00
blue-sapphire,Collection: Blue Sapphire,https://jngems.com/collections/blue-sapphire,https://jngems.com/products/2-68-carat-unheated-blue-sapphire,2.68 carat Unheated Blue Sapphire,J N Gems,"Rs 266,600.00",266600.0,,,LKR,True,False,2.68,Clean,7.8x7.5x5.2mm mm,Medium,Cushion Brilliant mixed,Sri Lanka,false,,,Unheated Blue Sapphire 2.68 carat,,Weight (carat): 2.68 Clarity: Clean Size: 7.8x7.5x5.2mm mm Colour: Medium Shape and Cut: Cushion Brilliant mixed Origin: Sri Lanka Heated: false Certificate: SKU: Unheated Blue Sapphire 2.68 carat Size : 7.8x7.5x5.2mm Shape : cushion step brilliant cut,7444103168209,42171511537873,http://jngems.com/cdn/shop/files/268-carat-unheated-blue-sapphire-114723.jpg?v=1746414773,,2025-09-02T05:32:50.353103+00:00
blue-sapphire,Collection: Blue Sapphire,https://jngems.com/collections/blue-sapphire,https://jngems.com/products/royal-blue-sapphire-2-16-carat,Royal Blue Sapphire 2.16 carat,jngems,"Rs 332,900.00",332900.0,,,LKR,True,False,2.87,Eye Clean,8.0mm mm,Royal Blue,Oval Step,Sri Lanka,true,,JNBS216,Royal Blue sapphire,,Weight (carat): 2.87 Clarity: Eye Clean Size: 8.0mm mm Colour: Royal Blue Shape and Cut: Oval Step Origin: Sri Lanka Heated: true Certificate: SKU: JNBS216 Royal Blue sapphire Weight : 2.16 carat Size : 7.0x6.5mm Shape & cut : Step / Flower Brilliant Clarity : eye clean Treatment : Heated,7443218956497,42169785581777,http://jngems.com/cdn/shop/files/royal-blue-sapphire-216-carat-717981.jpg?v=1746414810,,2025-09-02T05:32:53.355210+00:00
blue-sapphire,Collection: Blue Sapphire,https://jngems.com/collections/blue-sapphire,https://jngems.com/products/royal-blue-sapphire-2-87-carat,Royal Blue Sapphire 2.87 carat,jngems,"Rs 456,200.00",456200.0,,,LKR,True,False,2.87,Eye Clean,8.0mm mm,Royal Blue,Round Step,Sri Lanka,true,,JNBS287,Royal Blue sapphire,,"Weight (carat): 2.87 Clarity: Eye Clean Size: 8.0mm mm Colour: Royal Blue Shape and Cut: Round Step Origin: Sri Lanka Heated: true Certificate: SKU: JNBS287 Royal Blue sapphire Weight : 2.87carat Size : 8.0mm Shape & cut : Step / Flower Brilliant Clarity : eye clean Treatment : Heated Introducing a magnificent Royal Blue Sapphire, weighing 2.87 carats and measuring 8.0mm in diameter. This exceptional gemstone is masterfully cut in a step and flower brilliant style, which enhances its inherent brilliance and radiance. The sapphire displays a deep, enchanting royal blue hue, renowned for its intensity and allure. It is eye-clean, indicating no visible inclusions to the naked eye, ensuring a pristine and striking appearance. Professionally heated, this treatment has been applied to enhance the stone's vibrant color and clarity, securing its beautiful royal blue shade permanently. Sourced from renowned origins, this 2.87-carat Royal Blue Sapphire is an ideal centerpiece for luxurious jewelry designs. Whether set in a ring, pendant, or any bespoke piece, its exquisite color, clarity, and cut make it a timeless and elegant gem, destined to captivate and impress.",7443213287633,42169762840785,http://jngems.com/cdn/shop/files/royal-blue-sapphire-287-carat-252579.jpg?v=1746414794,,2025-09-02T05:32:55.987035+00:00
blue-sapphire,Collection: Blue Sapphire,https://jngems.com/collections/blue-sapphire,https://jngems.com/products/cornflower-blue-sapphire-2-09,Cornflower Blue Sapphire 2.09,jngems,"Rs 425,400.00",425400.0,,,LKR,True,False,2.09,Loupe Clean,8.7x6.5mm mm,Royal Blue,Oval Step,Sri Lanka,true,,JNBS209,Cornflower Blue sapphire,,"Weight (carat): 2.09 Clarity: Loupe Clean Size: 8.7x6.5mm mm Colour: Royal Blue Shape and Cut: Oval Step Origin: Sri Lanka Heated: true Certificate: SKU: JNBS209 Cornflower Blue sapphire Weight : 2.09 carat Size : 8.7x6.5mm Shape & cut : Step / Flower Brilliant Clarity : loupe clean Treatment : Heated Presenting an exquisite Cornflower Blue Sapphire, weighing 2.09 carats, with dimensions of 8.7x6.5mm. This gem features a unique step and flower brilliant cut, enhancing its natural beauty and maximizing its brilliance. Its vibrant cornflower blue hue is both captivating and rare, making it a highly desirable gemstone. This sapphire is loupe clean, indicating flawless clarity with no visible inclusions even under 10x magnification, ensuring the stone's pure and unblemished appearance. The gem has undergone professional heating, a common and accepted treatment to enhance its color and clarity, ensuring its stunning blue shade is permanently preserved. Sourced from Sri Lanka, known for producing some of the world's finest sapphires, this 2.09-carat Cornflower Blue Sapphire is a perfect choice for high-end jewelry. Whether set in a ring, pendant, or another piece of fine jewelry, this sapphire's exceptional color, clarity, and cut make it an elegant and timeless treasure.",7443194216657,42169677283537,http://jngems.com/cdn/shop/files/cornflower-blue-sapphire-209-675231.jpg?v=1746414790,,2025-09-02T05:33:02.173370+00:00
blue-sapphire,Collection: Blue Sapphire,https://jngems.com/collections/blue-sapphire,https://jngems.com/products/cornflower-blue-sapphire-4-39,Cornflower Blue Sapphire 4.35,jngems,"Rs 1,186,600.00",1186600.0,,,LKR,True,False,4.35,Eye Clean,11x9.0mm mm,Cornflower Blue,Oval Step,Sri Lanka,true,,JNBS439,Cornflower Blue sapphire,,"Weight (carat): 4.35 Clarity: Eye Clean Size: 11x9.0mm mm Colour: Cornflower Blue Shape and Cut: Oval Step Origin: Sri Lanka Heated: true Certificate: SKU: JNBS439 Cornflower Blue sapphire Weight : 4.35 Size : 11x9.0mm Shape & cut : Step / Flower Brilliant Clarity : Eye clean Treatment : Heated This stunning 4.35-carat Cornflower Blue Sapphire is a true masterpiece, featuring an oval step cut that measures 11x9mm. Its mesmerizing cornflower blue hue, renowned for its vivid and pure color, is complemented by its eye-clean clarity, free from visible inclusions. This sapphire's exceptional quality and brilliance are further accentuated by its precise oval step cut, which enhances the stone's natural beauty and depth. Sourced from Sri Lanka, a region celebrated for producing some of the finest sapphires in the world, this gem embodies the pinnacle of elegance and luxury. Ideal for fine jewelry, this 4.39-carat Cornflower Blue Sapphire is perfect for creating an exquisite centerpiece in a ring, pendant, or other bespoke pieces. Its captivating color and impeccable clarity make it a highly sought-after gemstone, destined to be cherished for generations.",7443189498065,42169649856721,http://jngems.com/cdn/shop/files/cornflower-blue-sapphire-435-486599.jpg?v=1746414829,,2025-09-02T05:33:04.440493+00:00
blue-sapphire,Collection: Blue Sapphire,https://jngems.com/collections/blue-sapphire,https://jngems.com/products/cornflower-blue-sapphire-3-26,Cornflower Blue Sapphire 3.26,jngems,"Rs 685,800.00",685800.0,,,LKR,True,False,3.26,Eye Clean,10x7.5mm mm,Cornflower Blue,Oval Step,Sri Lanka,true,,JNBS326,Cornflower Blue sapphire,,"Weight (carat): 3.26 Clarity: Eye Clean Size: 10x7.5mm mm Colour: Cornflower Blue Shape and Cut: Oval Step Origin: Sri Lanka Heated: true Certificate: SKU: JNBS326 Cornflower Blue sapphire Weight : 3.26 carat Size : 10x7.50mm Shape & cut : Step / Flower Brilliant Clarity : Eye clean Treatment : Heated The 3.26-carat Cornflower Blue Sapphire is an exquisite gemstone with a stunning, vivid blue color that captures the essence of a perfect cornflower. This eye-clean stone, free from visible inclusions, showcases exceptional clarity that enhances its brilliance and appeal. Cut into an elegant oval step cut, this sapphire reveals a sophisticated symmetry and a polished finish that highlights its natural beauty. Originating from Sri Lanka, known for producing some of the world's finest sapphires, this Cornflower Blue Sapphire is a rare find. Its vibrant hue, combined with its size and clarity, makes it a highly desirable piece for collectors and jewelry enthusiasts. Whether set in a ring, pendant, or any other jewelry piece, this beautiful stone is sure to be a standout, exuding elegance and timeless charm.",7443180028113,42169611682001,http://jngems.com/cdn/shop/files/cornflower-blue-sapphire-326-146941.jpg?v=1746414811,,2025-09-02T05:33:06.978486+00:00
blue-sapphire,Collection: Blue Sapphire,https://jngems.com/collections/blue-sapphire,https://jngems.com/products/blue-sapphire-2-60-carat,Blue Sapphire 2.60 carat,jngems,"Rs 425,400.00",425400.0,,,LKR,True,False,2.60,Eye Clean,8.1x7.5 mm,Cornflower Blue,Oval Step,Sri Lanka,true,,,Cornflower Blue sapphire,,"Weight (carat): 2.60 Clarity: Eye Clean Size: 8.1x7.5 mm Colour: Cornflower Blue Shape and Cut: Oval Step Origin: Sri Lanka Heated: true Certificate: SKU: Cornflower Blue sapphire Weight : 2.60 carat Size : 8.1x7.5mm Shape & cut : Step / Flower Brilliant Clarity : eye clean Treatment : Heated This stunning Ceylon sapphire weighs 2.60 carats and measures8.1x7.5 mm. Its step and flower brilliant cut enhances its natural beauty, showcasing a mesmerizing cornflower blue hue. Loupe clean clarity ensures there are no visible inclusions, and the gemstone has been heated to enhance its vibrant color and brilliance. This exquisite sapphire is a perfect choice for fine jewelry, offering a timeless and elegant addition to any collection.",7443178127569,42169603195089,http://jngems.com/cdn/shop/files/blue-sapphire-260-carat-681829.jpg?v=1746414853,,2025-09-02T05:33:08.960209+00:00
blue-sapphire,Collection: Blue Sapphire,https://jngems.com/collections/blue-sapphire,https://jngems.com/products/blue-sapphire-1,Blue sapphire,jngems,"Rs 234,300.00",234300.0,,,LKR,True,False,1.67,Eye Clean,8.5x5.8 mm,Medium Blue,Oval Step,Sri Lanka,true,,JNBS167.1,Weight : 1.67 carat Size : 8.5x5.80mm Shape & cut : Step Brilliant Clarity : Loupe clean Treatment : Heated,,Weight (carat): 1.67 Clarity: Eye Clean Size: 8.5x5.8 mm Colour: Medium Blue Shape and Cut: Oval Step Origin: Sri Lanka Heated: true Certificate: SKU: JNBS167.1 Blue sapphire Weight : 1.67 carat Size : 8.5x5.80mm Shape & cut : Step Brilliant Clarity : Loupe clean Treatment : Heated,7442664620241,42167978492113,http://jngems.com/cdn/shop/files/blue-sapphire-876077.jpg?v=1746414840,,2025-09-02T05:33:11.535828+00:00
blue-sapphire,Collection: Blue Sapphire,https://jngems.com/collections/blue-sapphire,https://jngems.com/products/cornflower-blue-sapphire-1-60-carat,Cornflower Blue Sapphire 1.60 carat,jngems,"Rs 197,300.00",197300.0,,,LKR,True,False,1.97,Eye Clean,8.2x7.1x4 mm,Royal Blue,Oval Step,Sri Lanka,true,,JNBS167,Cornflower Blue sapphire,,"Weight (carat): 1.97 Clarity: Eye Clean Size: 8.2x7.1x4 mm Colour: Royal Blue Shape and Cut: Oval Step Origin: Sri Lanka Heated: true Certificate: SKU: JNBS167 Cornflower Blue sapphire Weight : 1.60 carat Size : 7.5 x 5.85 x 4.0 mm Shape & cut : Step / Flower Brilliant Clarity : loupe clean Treatment : Heated This exquisite 1.60 carat cornflower blue Ceylon sapphire, measuring 7.5 x 5.85 x 4.0 mm, features a unique step and flower brilliant cut. With loupe clean clarity and enhanced through heating, this sapphire showcases a vibrant cornflower blue hue. Its exceptional brilliance and pristine quality make it an ideal choice for elegant fine jewelry.",7442039898321,42165168603345,http://jngems.com/cdn/shop/files/cornflower-blue-sapphire-160-carat-822004.jpg?v=1746414802,,2025-09-02T05:33:14.212950+00:00
blue-sapphire,Collection: Blue Sapphire,https://jngems.com/collections/blue-sapphire,https://jngems.com/products/sapphire,Sapphire,J N Gems,"Rs 57,018,000.00",57018000.0,,,LKR,True,False,,,1 mm,,,Sri lanka,,,,Sapphires Moth er Rock Over 300KG,,"Weight (carat): Clarity: Size: 1 mm Colour: Shape and Cut: Origin: Sri lanka Heated: Certificate: SKU: Sapphires Moth er Rock Over 300KG This exceptional specimen, weighing over 300 kg, is a rare and magnificent natural corundum crystal from the famed Rathanapura Gem Mine in Sri Lanka. Known for producing some of the world's finest sapphires, this mother rock showcases the stunning beauty and geological significance of Ceylon sapphires. Geological Significance Origin :Rathanapura, also known as the ""City of Gems,"" is renowned for its rich gem deposits. It is located in the Sabaragamuwa Province of Sri Lanka, a region celebrated for its high-quality sapphire production. Composition : The primary mineral in this specimen is corundum, an aluminum oxide (Al₂O₃) that ranks 9 on the Mohs scale of hardness, making it one of the hardest minerals on Earth. Sapphires are a variety of corundum, typically exhibiting a blue hue due to the presence of trace elements like iron and titanium. Physical Characteristics: Weight :Over 300 kg Size The dimensions of this massive corundum crystal highlight the incredible size and quality of the material sourced from this region. Color: While the exterior may appear rugged and unassuming, the interior of such mother rocks can contain medium blue sapphires, varying from light blue to deep royal blue. Extraction and Significance: Mining Process : Extracting such a large specimen requires careful and skilled mining techniques to preserve the integrity of the crystal. This process highlights the expertise of miners in Rathanapura. Economic Value: Ceylon sapphires are highly prized in the global gemstone market. Their exceptional clarity, color, and size make them desirable for both collectors and jewelers. Cultural Importance : Sapphires from Sri Lanka hold a historical significance, being treasured by royalty and gem enthusiasts for centuries. They symbolize wisdom, virtue, and good fortune. Conclusion : This 300 kg mother rock is not only a testament to the natural beauty and geological richness of the Rathanapura region but also an emblem of the enduring legacy of Ceylon sapphires in the gemstone world. It represents the pinnacle of natural sapphire formation and the meticulous effort required to unearth such treasures.",7426756477137,42127260549329,http://jngems.com/cdn/shop/files/sapphire-580656.jpg?v=1746414853,,2025-09-02T05:33:16.277875+00:00
blue-sapphire,Collection: Blue Sapphire,https://jngems.com/collections/blue-sapphire,https://jngems.com/products/natural-medium-blue-sapphire-2-96-carat,Natural Blue Sapphire 2.96 carat,J N Gems,"Rs 545,600.00",545600.0,,,LKR,True,False,2.96,Eye clean,8.7x7.3x5.5 mm,Medium Blue,Oval mix brilliant,,,,,Blue Sapphire,,"Weight (carat): 2.96 Clarity: Eye clean Size: 8.7x7.3x5.5 mm Colour: Medium Blue Shape and Cut: Oval mix brilliant Origin: Heated: Certificate: SKU: Blue Sapphire Blue Sapphire. Weighing 2.96 carats, this stunning gem showcases an elegant oval step cut, measuring 8.7x7.3x5.5mm. Eye-clean clarity and exquisite cutting quality, it exudes brilliance that captivates the senses. Perfect for a pendant, Elevate your style with the timeless charm of this Blue Sapphire, a treasure to be cherished for a lifetime. Mined from the depths of the earth, this exquisite sapphire radiates elegance and sophistication, capturing the essence of timeless beauty. Each facet of this gemstone has been meticulously cut to perfection, enhancing its brilliance and fire to mesmerizing levels. With superb clarity that allows light to dance effortlessly within the stone, this blue sapphire possesses a luminous depth that is truly breathtaking. Whether set in a stunning ring, pendant, or earrings, this superlative gemstone is sure to become the centerpiece of any jewelry collection, evoking a sense of luxury and refinement with every glance. Elevate your style and embrace the allure of natural blue sapphire with this exceptional specimen of superb quality and craftsmanship.",7408868425937,42078811554001,http://jngems.com/cdn/shop/files/natural-blue-sapphire-296-carat-515915.jpg?v=1746414847,,2025-09-02T05:33:17.970800+00:00
blue-sapphire,Collection: Blue Sapphire,https://jngems.com/collections/blue-sapphire,https://jngems.com/products/natural-royal-blue-sapphire-1-44-carat,Natural Royal Blue Sapphire 1.44 carat,J N Gems,"Rs 274,400.00",274400.0,,,LKR,True,False,1.44,Loupe clean,7.0x6.5x3.8 mm,Royal Blue,Oval mix brilliant,,,,,The Royal Blue Sapphire.,,"Weight (carat): 1.44 Clarity: Loupe clean Size: 7.0x6.5x3.8 mm Colour: Royal Blue Shape and Cut: Oval mix brilliant Origin: Heated: Certificate: SKU: The Royal Blue Sapphire. The Royal Blue Sapphire weighing 1.44 carats, this exquisite jewel features an alluring oval step cut, measuring 7.0x6.5x3.8mm. Its top-tier clarity and impeccable cutting quality ensure a brilliance that captivates the eye.Renowned for producing some of the world's most coveted blue sapphires, this Royal Blue Sapphire is a testament to the timeless allure of nature's finest creations.",7408865181905,42078803755217,http://jngems.com/cdn/shop/files/natural-royal-blue-sapphire-144-carat-351088.jpg?v=1746414824,,2025-09-02T05:33:23.863474+00:00
blue-sapphire,Collection: Blue Sapphire,https://jngems.com/collections/blue-sapphire,https://jngems.com/products/natural-ice-blue-sapphire-1-66-carat,Natural Ice Blue Sapphire 1.66 carat,J N Gems,"Rs 152,600.00",152600.0,,,LKR,True,False,1.66,Loupe clean,7.5x6.5x4.0 mm,Ice Blue,Oval mix brilliant,,,,,Natural Blue Sapphire.,,"Weight (carat): 1.66 Clarity: Loupe clean Size: 7.5x6.5x4.0 mm Colour: Ice Blue Shape and Cut: Oval mix brilliant Origin: Heated: Certificate: SKU: Natural Blue Sapphire. Introducing a natural wonder , the Natural Blue Sapphire. Weighing 1.66 carats, this gem boasts a mesmerizing ice blue color, exuding a serene and enchanting allure. With a medium color intensity, it strikes the perfect balance, captivating the eye without overwhelming. Its oval step cut, measuring 7.5x6.5x4.0mm, showcases the gem's inherent elegance and sophistication. Whether gracing a piece of jewelry or admired in its natural splendor, this Natural Blue Sapphire is a captivating testament to the beauty of nature's treasures.",7408858235089,42078791499985,http://jngems.com/cdn/shop/files/natural-ice-blue-sapphire-166-carat-819652.jpg?v=1746414855,,2025-09-02T05:33:27.531709+00:00
blue-sapphire,Collection: Blue Sapphire,https://jngems.com/collections/blue-sapphire,https://jngems.com/products/natural-royal-blue-sapphire-1-84-carat,Natural Royal Blue Sapphire 1.84 carat,J N Gems,"Rs 397,000.00",397000.0,,,LKR,True,False,1.84,Loupe clean,7.5x6.2x4.3 mm,Royal Blue,Oval mix brilliant,,,,JNBS184,Royal Blue Sapphire.,,"Weight (carat): 1.84 Clarity: Loupe clean Size: 7.5x6.2x4.3 mm Colour: Royal Blue Shape and Cut: Oval mix brilliant Origin: Heated: Certificate: SKU: JNBS184 Royal Blue Sapphire. the Royal Blue Sapphire. With a weight of 1.84 carats and an elegant oval step cut measuring 7.5x6.2x4.3mm, this gem exudes sophistication and grace. Its top-tier clarity and precise cutting quality ensure a mesmerizing brilliance that captivates all who behold it. Originating from Sri Lanka, renowned for producing some of the finest blue sapphires in the world, this gem showcases a deep, lustrous hue that is truly captivating. Whether adorning a piece of jewelry or cherished as a collector's item, this Royal Blue Sapphire is a timeless treasure of unparalleled beauty.",7408845258961,42078765940945,http://jngems.com/cdn/shop/files/natural-royal-blue-sapphire-184-carat-385272.jpg?v=1746414812,,2025-09-02T05:33:30.547248+00:00
blue-sapphire,Collection: Blue Sapphire,https://jngems.com/collections/blue-sapphire,https://jngems.com/products/3-65-carat-unheated-blue-sapphire,3.65 carat Unheated Blue Sapphire,J N Gems,"Rs 678,100.00",678100.0,,,LKR,True,False,3.65,Clean,9.4x7.6x5.7 mm,Medium,Cushion Brilliant mixed,Sri Lanka,false,,JNBS365,"Emanating a serene aura, this unheated blue sapphire weighs 3.65 carats and boasts a mesmerizing ice blue hue. Its cushion shape, measuring 9.4x7.6x5.7mm, accentuates its elegance, while the step brilliant cut ensures maximum brilliance and sparkle. With a top clean clarity, every facet of this exquisite gemstone shines with clarity and brilliance. Perfect for a pendant, it exudes sophistication and charm.",,"Weight (carat): 3.65 Clarity: Clean Size: 9.4x7.6x5.7 mm Colour: Medium Shape and Cut: Cushion Brilliant mixed Origin: Sri Lanka Heated: false Certificate: SKU: JNBS365 Emanating a serene aura, this unheated blue sapphire weighs 3.65 carats and boasts a mesmerizing ice blue hue. Its cushion shape, measuring 9.4x7.6x5.7mm, accentuates its elegance, while the step brilliant cut ensures maximum brilliance and sparkle. With a top clean clarity, every facet of this exquisite gemstone shines with clarity and brilliance. Perfect for a pendant, it exudes sophistication and charm.",7397842976977,42055834763473,http://jngems.com/cdn/shop/files/preview_images/34f645f535cf407c9573a4bae64cd2a5.thumbnail.0000000000.jpg?v=1713691449,,2025-09-02T05:33:33.795407+00:00
blue-sapphire,Collection: Blue Sapphire,https://jngems.com/collections/blue-sapphire,https://jngems.com/products/blue-sapphire-5-38-carat,Blue Sapphire 5.38 carat,J N Gems,"Rs 1,128,100.00",1128100.0,,,LKR,True,False,5.38,Loupe clean,11.7x8.3x6.0mm mm,Medium Blue,Oval Brilliance,,,,JNBS538,Blue Sapphire .,,"Weight (carat): 5.38 Clarity: Loupe clean Size: 11.7x8.3x6.0mm mm Colour: Medium Blue Shape and Cut: Oval Brilliance Origin: Heated: Certificate: SKU: JNBS538 Blue Sapphire . Unheated Blue Sapphire . Sizs 11.7x8.3x6.0mm Cutting style : oval step Clarity : Loupe clean Treatment : heated Certificate : A 5.38 carat blue sapphire with medium color originating from Sri Lanka sounds like a beautiful and valuable gemstone. Sri Lanka is renowned for producing high-quality sapphires, and the medium color suggests it could have a pleasing hue with good clarity. It’s important to have such gems properly appraised and certified for authenticity and quality.",7359059198161,41953878442193,http://jngems.com/cdn/shop/files/blue-sapphire-538-carat-185390.jpg?v=1746414773,,2025-09-02T05:33:37.604161+00:00
blue-sapphire,Collection: Blue Sapphire,https://jngems.com/collections/blue-sapphire,https://jngems.com/products/1-73-natural-light-pastal-sapphire,1.73 Natural Light Pastal Sapphire,J N Gems,"Rs 148,000.00",148000.0,,,LKR,True,False,3.56,Eye Clean,6x6.5mm mm,Light Blue,Cushion Mixed,Sri Lanka,true,,JNBS0173,sapphire,,Weight (carat): 3.56 Clarity: Eye Clean Size: 6x6.5mm mm Colour: Light Blue Shape and Cut: Cushion Mixed Origin: Sri Lanka Heated: true Certificate: SKU: JNBS0173 sapphire Medium color Blue sapphire cushion stone,7344953491665,41907929612497,http://jngems.com/cdn/shop/files/173-natural-light-pastal-sapphire-830804.jpg?v=1746414830,,2025-09-02T05:33:42.235229+00:00
blue-sapphire,Collection: Blue Sapphire,https://jngems.com/collections/blue-sapphire,https://jngems.com/products/3-31-carat-natural-blue-sapphire-1,3.31 carat Natural Blue Sapphire,J N Gems,"Rs 662,700.00",662700.0,,,LKR,True,False,1.30,Loupe Clean,9.8x7.7x4.8mm mm,Deep Blue,Oval mixed Cut,Sri Lanka,true,,,Blue Sapphire,,Weight (carat): 1.30 carat Clarity: Loupe Clean Size: 9.8x7.7x4.8mm mm Colour: Deep Blue Shape and Cut: Oval mixed Cut Origin: Sri Lanka Heated: true Certificate: SKU: Blue Sapphire Natural Blue Sapphires. Cushion shape . Excellent cutting quality,7325350691025,41842257002705,http://jngems.com/cdn/shop/files/331-carat-natural-blue-sapphire-298985.jpg?v=1746414867,,2025-09-02T05:33:45.240223+00:00
blue-sapphire,Collection: Blue Sapphire,https://jngems.com/collections/blue-sapphire,https://jngems.com/products/kakanil-dark-blue-sapphire,Kakanil - Dark Blue sapphire 3.00 carat,J N Gems,"Rs 285,100.00",285100.0,,,LKR,True,False,3.00,Loupe clean,10.3x8mm mm,Dark Royal Blue,Oval step cut,,false,,JNKAK300,,,Weight (carat): 3.00 Clarity: Loupe clean Size: 10.3x8mm mm Colour: Dark Royal Blue Shape and Cut: Oval step cut Origin: Heated: false Certificate: SKU: JNKAK300 Natural Dark Blue sapphire . Kakanil Sri Lankan’s use the gemstone for their Astrology purpose . The planet of Saturn bad Reviews will turns to good in way.,7200017449169,41451413995729,http://jngems.com/cdn/shop/products/kakanil-dark-blue-sapphire-300-carat-865136.jpg?v=1746414848,"https://jngems.com/cdn/shop/products/kakanil-dark-blue-sapphire-300-carat-865136_530x@2x.jpg?v=1746414848,https://jngems.com/cdn/shop/products/kakanil-dark-blue-sapphire-300-carat-865136_110x110@2x.jpg?v=1746414848,https://jngems.com/cdn/shop/products/kakanil-dark-blue-sapphire-300-carat-770363_110x110@2x.jpg?v=1746414848,https://jngems.com/cdn/shop/products/kakanil-dark-blue-sapphire-300-carat-745481_110x110@2x.jpg?v=1746414848",2025-09-02T05:33:48.365281+00:00
blue-sapphire,Collection: Blue Sapphire,https://jngems.com/collections/blue-sapphire,https://jngems.com/products/blue-sapphire,Unheated Blue Sapphire 4.00 carat,J N Gems,"Rs 724,300.00",724300.0,,,LKR,True,False,,Eye Clean,3 mm,Medium Blue,Octagon mixed,,true,,JNBS400,Unheated Natural Blue sapphire 4.0 carat,,"Weight (carat): Clarity: Eye Clean Size: 3 mm Colour: Medium Blue Shape and Cut: Octagon mixed Origin: Heated: true Certificate: SKU: JNBS400 Unheated Natural Blue sapphire 4.0 carat Unheated natural blue sapphires in an octagon shape with excellent cutting quality and eye-clean clarity are highly desirable. A 4.0 carat stone of such quality would undoubtedly be a breathtaking centerpiece for any jewelry design, prized for its rarity and beauty. world famous sapphire for Ceylon Blue sapphires all the time",7177580937425,41396406452433,http://jngems.com/cdn/shop/products/image_8687863f-5b1e-49c8-b733-3373713bf8f9.heic?v=1724391889,"https://jngems.com/cdn/shop/products/ba191e71060e4844b913f643a765469f.thumbnail.0000000000_530x530.jpg?v=1673603582,https://jngems.com/cdn/shop/products/image_8687863f-5b1e-49c8-b733-3373713bf8f9_530x@2x.heic?v=1724391889,https://jngems.com/cdn/shop/products/image_8687863f-5b1e-49c8-b733-3373713bf8f9_110x110@2x.heic?v=1724391889,https://jngems.com/cdn/shop/products/image_8d3761ba-e518-41c1-b6bf-fa1b83a48c6a_110x110@2x.heic?v=1724391892,https://jngems.com/cdn/shop/products/image_06f0baba-b6c8-4d91-a05f-a53eba5a9faf_110x110@2x.heic?v=1724391895,https://jngems.com/cdn/shop/products/ba191e71060e4844b913f643a765469f.thumbnail.0000000000_110x110@2x.jpg?v=1673603582",2025-09-02T05:33:50.968439+00:00
blue-sapphire,Collection: Blue Sapphire,https://jngems.com/collections/blue-sapphire,https://jngems.com/products/2-57-carat-natural-teal-sapphire,Natural Royal Blue Sapphire 2.57 carat,J N Gems,"Rs 610,300.00",610300.0,,,LKR,True,False,2.57,Loupe Clean,9.0x6.8x4.5 mm mm,Royal Blue,Cushion mixed Cut,Sri Lanka,true,,JNBS257,"Blue Royal Sapphires. Natural Blue Royal Sapphires. Cushion shape . Excellent cutting quality. Originating from Sri Lanka, renowned for producing some of the world's finest blue sapphires, this gem showcases a rich, deep hue that embodies timeless elegance. this Royal Blue Sapphire is a true masterpiece of nature's finest craftsmanship.",,"Weight (carat): 2.57 carat Clarity: Loupe Clean Size: 9.0x6.8x4.5 mm mm Colour: Royal Blue Shape and Cut: Cushion mixed Cut Origin: Sri Lanka Heated: true Certificate: SKU: JNBS257 Blue Royal Sapphires. Natural Blue Royal Sapphires. Cushion shape . Excellent cutting quality. Originating from Sri Lanka, renowned for producing some of the world's finest blue sapphires, this gem showcases a rich, deep hue that embodies timeless elegance. this Royal Blue Sapphire is a true masterpiece of nature's finest craftsmanship.",7128641536209,41278226890961,http://jngems.com/cdn/shop/products/natural-royal-blue-sapphire-257-carat-216483.jpg?v=1746414847,"https://jngems.com/cdn/shop/products/543c0bc768db4617812ff719b7335c3a.thumbnail.0000000000_530x530.jpg?v=1665892063,https://jngems.com/cdn/shop/products/natural-royal-blue-sapphire-257-carat-216483_530x@2x.jpg?v=1746414847,https://jngems.com/cdn/shop/products/natural-royal-blue-sapphire-257-carat-216483_110x110@2x.jpg?v=1746414847,https://jngems.com/cdn/shop/products/natural-royal-blue-sapphire-257-carat-622419_110x110@2x.jpg?v=1746414847,https://jngems.com/cdn/shop/products/543c0bc768db4617812ff719b7335c3a.thumbnail.0000000000_110x110@2x.jpg?v=1665892063",2025-09-02T05:33:53.130495+00:00
blue-sapphire,Collection: Blue Sapphire,https://jngems.com/collections/blue-sapphire,https://jngems.com/products/carat-natural-teal-sapphire,1.30 carat Natural Teal Sapphire,J N Gems,"Rs 148,000.00",148000.0,,,LKR,True,False,1.30,Loupe Clean,6.5x6.0 mm mm,Medium Blue,Cushion mixed Cut,Sri Lanka,true,,,Natural Blue Sapphires. Cushion shape . Excellent cutting quality Teal Sapphire,,Weight (carat): 1.30 carat Clarity: Loupe Clean Size: 6.5x6.0 mm mm Colour: Medium Blue Shape and Cut: Cushion mixed Cut Origin: Sri Lanka Heated: true Certificate: SKU: Natural Blue Sapphires. Cushion shape . Excellent cutting quality Teal Sapphire,7128635408593,41278203461841,http://jngems.com/cdn/shop/products/image_2c7dfbd3-71a3-40fd-accc-4d47790619a5.heic?v=1714621126,"https://jngems.com/cdn/shop/products/image_2c7dfbd3-71a3-40fd-accc-4d47790619a5_530x@2x.heic?v=1714621126,https://jngems.com/cdn/shop/products/image_2c7dfbd3-71a3-40fd-accc-4d47790619a5_110x110@2x.heic?v=1714621126,https://jngems.com/cdn/shop/products/image_5006cc8b-44a2-4177-a090-8decf0d22cc6_110x110@2x.heic?v=1714621131,https://jngems.com/cdn/shop/products/image_f4d7b51d-dcaf-45bb-a6d4-c763f317c57e_110x110@2x.heic?v=1714621135",2025-09-02T05:33:55.943979+00:00
blue-sapphire,Collection: Blue Sapphire,https://jngems.com/collections/blue-sapphire,https://jngems.com/products/2-14-carat-natural-blue-sapphire,2.14 carat Natural Blue Sapphire,J N Gems,"Rs 277,400.00",277400.0,,,LKR,True,False,2.14,Clean,7.93x6.69x4.56 mm,Intense Cornflower Blue,Cushion step,Sri Lanka,true,CGSG2917,,Blue Sapphire,,Weight (carat): 2.14 Clarity: Clean Size: 7.93x6.69x4.56 mm Colour: Intense Cornflower Blue Shape and Cut: Cushion step Origin: Sri Lanka Heated: true Certificate: CGSG2917 SKU: Blue Sapphire Natural Blue Sapphires Cushion shape,7100639281361,41207089201361,http://jngems.com/cdn/shop/products/image_739346d5-e31c-470d-858e-e2aa1b151d55.heic?v=1714620982,"https://jngems.com/cdn/shop/products/5e2a3ec87f964b38b79ad11f2e44b5ef.thumbnail.0000000000_530x530.jpg?v=1665892685,https://jngems.com/cdn/shop/products/image_739346d5-e31c-470d-858e-e2aa1b151d55_530x@2x.heic?v=1714620982,https://jngems.com/cdn/shop/products/image_739346d5-e31c-470d-858e-e2aa1b151d55_110x110@2x.heic?v=1714620982,https://jngems.com/cdn/shop/products/image_6f2e68c9-5ba6-44f8-9294-94f423b76ba9_110x110@2x.heic?v=1714620987,https://jngems.com/cdn/shop/products/5e2a3ec87f964b38b79ad11f2e44b5ef.thumbnail.0000000000_110x110@2x.jpg?v=1665892685,https://jngems.com/cdn/shop/products/image_b58614f4-ee24-4259-a725-d70d13811b53_110x110@2x.heic?v=1714620992,https://jngems.com/cdn/shop/products/image_72798e26-44ac-4cd7-a934-419588cb078c_110x110@2x.heic?v=1714620996,https://jngems.com/cdn/shop/products/214-carat-natural-blue-sapphire-499134_110x110@2x.jpg?v=1746414801",2025-09-02T05:34:01.486667+00:00
blue-sapphire,Collection: Blue Sapphire,https://jngems.com/collections/blue-sapphire,https://jngems.com/products/2-37carat-natural-blue-sapphire,2.37carat Natural Blue Sapphire,J N Gems,"Rs 191,100.00",191100.0,,,LKR,True,False,2.37,Eye clean,8.10x8.66x4.49 mm,Cornflower Blue,Pear -Step,Sri lanka,true,CGJ78418,JNBS237,Blue Sapphire,,"Weight (carat): 2.37 Clarity: Eye clean Size: 8.10x8.66x4.49 mm Colour: Cornflower Blue Shape and Cut: Pear -Step Origin: Sri lanka Heated: true Certificate: CGJ78418 SKU: JNBS237 Blue Sapphire Natural Blue Sapphire, pear shape,Cornflower blue",6992887808209,40914979815633,http://jngems.com/cdn/shop/products/237carat-natural-blue-sapphire-205162.jpg?v=1746414856,"https://jngems.com/cdn/shop/products/d99697c1fcd44113a608b9fee21f865b.thumbnail.0000000_530x530.jpg?v=1651563247,https://jngems.com/cdn/shop/products/237carat-natural-blue-sapphire-205162_530x@2x.jpg?v=1746414856,https://jngems.com/cdn/shop/products/237carat-natural-blue-sapphire-205162_110x110@2x.jpg?v=1746414856,https://jngems.com/cdn/shop/products/237carat-natural-blue-sapphire-954025_110x110@2x.jpg?v=1746414856,https://jngems.com/cdn/shop/products/237carat-natural-blue-sapphire-663768_110x110@2x.jpg?v=1746414856,https://jngems.com/cdn/shop/products/237carat-natural-blue-sapphire-740523_110x110@2x.jpg?v=1746414856,https://jngems.com/cdn/shop/products/d99697c1fcd44113a608b9fee21f865b.thumbnail.0000000_110x110@2x.jpg?v=1651563247",2025-09-02T05:34:04.517975+00:00
blue-sapphire,Collection: Blue Sapphire,https://jngems.com/collections/blue-sapphire,https://jngems.com/products/2-14-carat-natural-blue-sapphire-round,2.14 carat Natural Blue Sapphire Round,J N Gems,"Rs 302,100.00",302100.0,,,LKR,True,False,2.14,Clean,7.91x7.88x4.01 mm,Intense Cornflower Blue,Round step,Sri Lanka,true,CGJ-78417,JNBS214,Blue Sapphire,,"Weight (carat): 2.14 Clarity: Clean Size: 7.91x7.88x4.01 mm Colour: Intense Cornflower Blue Shape and Cut: Round step Origin: Sri Lanka Heated: true Certificate: CGJ-78417 SKU: JNBS214 Blue Sapphire Cornflower Blue sapphire, Round mixed cut",6992880206033,40914964381905,http://jngems.com/cdn/shop/products/214-carat-natural-blue-sapphire-round-343651.jpg?v=1746414857,"https://jngems.com/cdn/shop/products/d6eda035e3f74ce69c701ca36e7c9748.thumbnail.0000000_530x530.jpg?v=1651562702,https://jngems.com/cdn/shop/products/214-carat-natural-blue-sapphire-round-343651_530x@2x.jpg?v=1746414857,https://jngems.com/cdn/shop/products/214-carat-natural-blue-sapphire-round-343651_110x110@2x.jpg?v=1746414857,https://jngems.com/cdn/shop/products/214-carat-natural-blue-sapphire-round-739731_110x110@2x.jpg?v=1746414857,https://jngems.com/cdn/shop/products/214-carat-natural-blue-sapphire-round-162493_110x110@2x.jpg?v=1746414858,https://jngems.com/cdn/shop/products/214-carat-natural-blue-sapphire-round-773285_110x110@2x.jpg?v=1746414857,https://jngems.com/cdn/shop/products/214-carat-natural-blue-sapphire-round-984534_110x110@2x.jpg?v=1746414857,https://jngems.com/cdn/shop/products/214-carat-natural-blue-sapphire-round-464836_110x110@2x.jpg?v=1746414857,https://jngems.com/cdn/shop/products/d6eda035e3f74ce69c701ca36e7c9748.thumbnail.0000000_110x110@2x.jpg?v=1651562702",2025-09-02T05:34:06.688246+00:00
blue-sapphire,Collection: Blue Sapphire,https://jngems.com/collections/blue-sapphire,https://jngems.com/products/natural-sapphires-mother-rock,Natural Sapphires Mother Rock,J N Gems,Rs 0.00,0.0,,,LKR,True,False,,,1 mm,,,Sri lanka,,,,Sapphires rock,,Weight (carat): Clarity: Size: 1 mm Colour: Shape and Cut: Origin: Sri lanka Heated: Certificate: SKU: Sapphires rock Natural Ceylon Sapphires Mother Rock from Rathanapura Gem mine,6876758081745,40566429450449,http://jngems.com/cdn/shop/products/natural-sapphires-mother-rock-843635.jpg?v=1746414914,"https://jngems.com/cdn/shop/products/88b008fcedd4418fac522a6158b088e0.thumbnail.0000000_530x530.jpg?v=1638627362,https://jngems.com/cdn/shop/products/natural-sapphires-mother-rock-843635_530x@2x.jpg?v=1746414914,https://jngems.com/cdn/shop/products/natural-sapphires-mother-rock-843635_110x110@2x.jpg?v=1746414914,https://jngems.com/cdn/shop/products/natural-sapphires-mother-rock-767808_110x110@2x.jpg?v=1746414913,https://jngems.com/cdn/shop/products/natural-sapphires-mother-rock-521454_110x110@2x.jpg?v=1746414913,https://jngems.com/cdn/shop/products/natural-sapphires-mother-rock-491444_110x110@2x.jpg?v=1746414913,https://jngems.com/cdn/shop/products/88b008fcedd4418fac522a6158b088e0.thumbnail.0000000_110x110@2x.jpg?v=1638627362",2025-09-02T05:34:09.952170+00:00
blue-sapphire,Collection: Blue Sapphire,https://jngems.com/collections/blue-sapphire,https://jngems.com/products/1-50ct-natural-blue-sapphire,13.77 carat Natural Blue Sapphire,J N Gems,"Rs 3,390,300.00",3390300.0,,,LKR,True,False,13.77,Eye clean,14x13.20x7.3 mm,Medium Blue,Square cushion-Step,Sri lanka,true,,JNBS1377,Natural Blue Sapphire - 13.77 Carats,,"Weight (carat): 13.77 Clarity: Eye clean Size: 14x13.20x7.3 mm Colour: Medium Blue Shape and Cut: Square cushion-Step Origin: Sri lanka Heated: true Certificate: SKU: JNBS1377 Natural Blue Sapphire - 13.77 Carats Introducing an exquisite gem from JN Gems - Jagath Nilantha Gems: a stunning 13.77-carat Natural Blue Sapphire. This remarkable gemstone showcases a slightly windowed facet, adding a unique character to its already captivating allure. Renowned for their vivid blue hues and exceptional clarity, our Natural Blue Sapphires are hand-selected to ensure the highest quality. This particular gem, weighing 13.77 carats, exemplifies the beauty and brilliance that makes Ceylon sapphires world-famous. Ideal for creating a statement piece of jewelry, this sapphire's rich color and significant carat weight promise to be the centerpiece of any collection. Whether set in a ring, pendant, or bespoke creation, this Natural Blue Sapphire offers an unparalleled blend of luxury and elegance. At JN Gems, our commitment to authenticity and craftsmanship ensures that each gemstone we offer is a treasure to be cherished for a lifetime. Discover the unique beauty of this 13.77-carat Natural Blue Sapphire and let its legacy of brilliance become a part of your own.",6844220735697,40469961277649,http://jngems.com/cdn/shop/products/image.jpg?v=1714620536,"https://jngems.com/cdn/shop/products/image_530x@2x.jpg?v=1714620536,https://jngems.com/cdn/shop/products/image_110x110@2x.jpg?v=1714620536,https://jngems.com/cdn/shop/products/1377-carat-natural-blue-sapphire-311823_110x110@2x.jpg?v=1746414937,https://jngems.com/cdn/shop/products/1377-carat-natural-blue-sapphire-569977_110x110@2x.jpg?v=1746414937",2025-09-02T05:34:12.413458+00:00
blue-sapphire,Collection: Blue Sapphire,https://jngems.com/collections/blue-sapphire,https://jngems.com/products/2-96ct-natural-blue-sapphire,Blue sapphire 2.96 carat Natural,J N Gems,"Rs 477,800.00",477800.0,,,LKR,True,False,2.96,Eye Clean,7.9x7.1x6.0 mm,Royal Blue,Oval Step,Sri Lanka,true,,JNBS0014,Blue sapphire,,Weight (carat): 2.96 Clarity: Eye Clean Size: 7.9x7.1x6.0 mm Colour: Royal Blue Shape and Cut: Oval Step Origin: Sri Lanka Heated: true Certificate: SKU: JNBS0014 Blue sapphire Royal Blue Sapphires. Oval gemstone. Good for Ladies Ring,6786087387345,40284280258769,http://jngems.com/cdn/shop/products/blue-sapphire-296-carat-natural-350668.jpg?v=1746414905,"https://jngems.com/cdn/shop/products/blue-sapphire-296-carat-natural-350668_530x@2x.jpg?v=1746414905,https://jngems.com/cdn/shop/products/blue-sapphire-296-carat-natural-350668_110x110@2x.jpg?v=1746414905,https://jngems.com/cdn/shop/products/blue-sapphire-296-carat-natural-345696_110x110@2x.jpg?v=1746414905,https://jngems.com/cdn/shop/products/blue-sapphire-296-carat-natural-127134_110x110@2x.jpg?v=1746414905,https://jngems.com/cdn/shop/products/blue-sapphire-296-carat-natural-453632_110x110@2x.jpg?v=1746414905,https://jngems.com/cdn/shop/products/blue-sapphire-296-carat-natural-622981_110x110@2x.jpg?v=1746414904,https://jngems.com/cdn/shop/products/blue-sapphire-296-carat-natural-386841_110x110@2x.jpg?v=1746414904",2025-09-02T05:34:20.214270+00:00
blue-sapphire,Collection: Blue Sapphire,https://jngems.com/collections/blue-sapphire,https://jngems.com/products/4-19ct-natural-blue-sapphire,Blue Sapphire 4.19 carat Natural,J N Gems,"Rs 678,100.00",678100.0,,,LKR,True,False,4.19,Eye Clean,10.6x9.2x4.4 mm,Vivid Blue,Oval Mixed,Sri lanka,true,,JNBS0013,Blue Sapphire,,Weight (carat): 4.19 Clarity: Eye Clean Size: 10.6x9.2x4.4 mm Colour: Vivid Blue Shape and Cut: Oval Mixed Origin: Sri lanka Heated: true Certificate: SKU: JNBS0013 Blue Sapphire Natural Ceylon Blue sapphires. Oval stone good for Pendant,6786085126353,40284268855505,http://jngems.com/cdn/shop/products/blue-sapphire-419-carat-natural-894990.jpg?v=1746414923,"https://jngems.com/cdn/shop/products/blue-sapphire-419-carat-natural-894990_530x@2x.jpg?v=1746414923,https://jngems.com/cdn/shop/products/blue-sapphire-419-carat-natural-894990_110x110@2x.jpg?v=1746414923,https://jngems.com/cdn/shop/products/blue-sapphire-419-carat-natural-655296_110x110@2x.jpg?v=1746414923,https://jngems.com/cdn/shop/products/blue-sapphire-419-carat-natural-812538_110x110@2x.jpg?v=1746414922,https://jngems.com/cdn/shop/products/blue-sapphire-419-carat-natural-174018_110x110@2x.jpg?v=1746414923,https://jngems.com/cdn/shop/products/blue-sapphire-419-carat-natural-277213_110x110@2x.jpg?v=1746414922",2025-09-02T05:34:22.692569+00:00
blue-sapphire,Collection: Blue Sapphire,https://jngems.com/collections/blue-sapphire,https://jngems.com/products/3-56ct-natural-blue-sapphire,Blue Sapphire 3.56 carat Natural,J N Gems,"Rs 909,300.00",909300.0,,,LKR,True,False,3.56,Eye Clean,9.1x6.98x5.91 mm,Medium,Cushion Mixed,Sri Lanka,true,CGJ-76902,JNBS0012,Blue Sapphire,,Weight (carat): 3.56 Clarity: Eye Clean Size: 9.1x6.98x5.91 mm Colour: Medium Shape and Cut: Cushion Mixed Origin: Sri Lanka Heated: true Certificate: CGJ-76902 SKU: JNBS0012 Blue Sapphire Medium color Blue sapphire cushion stone,6786074607825,40284246671569,http://jngems.com/cdn/shop/products/blue-sapphire-356-carat-natural-685945.jpg?v=1746414909,"https://jngems.com/cdn/shop/products/blue-sapphire-356-carat-natural-685945_530x@2x.jpg?v=1746414909,https://jngems.com/cdn/shop/products/blue-sapphire-356-carat-natural-685945_110x110@2x.jpg?v=1746414909,https://jngems.com/cdn/shop/products/blue-sapphire-356-carat-natural-471547_110x110@2x.jpg?v=1746414909,https://jngems.com/cdn/shop/products/blue-sapphire-356-carat-natural-636952_110x110@2x.jpg?v=1746414909,https://jngems.com/cdn/shop/products/blue-sapphire-356-carat-natural-753056_110x110@2x.jpg?v=1746414910,https://jngems.com/cdn/shop/products/blue-sapphire-356-carat-natural-474277_110x110@2x.jpg?v=1746414910,https://jngems.com/cdn/shop/products/blue-sapphire-356-carat-natural-937720_110x110@2x.jpg?v=1746414910",2025-09-02T05:34:25.041368+00:00
blue-sapphire,Collection: Blue Sapphire,https://jngems.com/collections/blue-sapphire,https://jngems.com/products/1-97-carat-natural-blue-sapphire,Blue Sapphire 1.97 carat Natural,jngems,"Rs 209,600.00",209600.0,,,LKR,True,False,1.97,Eye Clean,8.2x7.1x4 mm,Royal Blue,Oval Step,Sri Lanka,true,,JNBS0010,Blue Sapphire,,Weight (carat): 1.97 Clarity: Eye Clean Size: 8.2x7.1x4 mm Colour: Royal Blue Shape and Cut: Oval Step Origin: Sri Lanka Heated: true Certificate: SKU: JNBS0010 Blue Sapphire Natural Blue sapphires. Cornflower blue . Mixed cut,6770021728465,40222903042257,http://jngems.com/cdn/shop/products/blue-sapphire-197-carat-natural-187936.jpg?v=1746414909,"https://jngems.com/cdn/shop/products/blue-sapphire-197-carat-natural-187936_530x@2x.jpg?v=1746414909,https://jngems.com/cdn/shop/products/blue-sapphire-197-carat-natural-187936_110x110@2x.jpg?v=1746414909,https://jngems.com/cdn/shop/products/blue-sapphire-197-carat-natural-760254_110x110@2x.jpg?v=1746414910,https://jngems.com/cdn/shop/products/blue-sapphire-197-carat-natural-851926_110x110@2x.jpg?v=1746414910",2025-09-02T05:34:27.729010+00:00
blue-sapphire,Collection: Blue Sapphire,https://jngems.com/collections/blue-sapphire,https://jngems.com/products/ct-natural-blue-sapphire,Blue Sapphire 1.50 carat Natural,jngems,"Rs 160,300.00",160300.0,,,LKR,True,False,1.50,Eye Clean,"6,3x4.4 mm",Cornflower Blue,Round Step,Sri Lanka,true,,JNBS0009,Blue sapphire,,"Weight (carat): 1.50 Clarity: Eye Clean Size: 6,3x4.4 mm Colour: Cornflower Blue Shape and Cut: Round Step Origin: Sri Lanka Heated: true Certificate: SKU: JNBS0009 Blue sapphire Cornflower blue color Blue Sapphires",6770011865297,40222886691025,http://jngems.com/cdn/shop/products/blue-sapphire-150-carat-natural-444224.jpg?v=1746414902,"https://jngems.com/cdn/shop/products/blue-sapphire-150-carat-natural-444224_530x@2x.jpg?v=1746414902,https://jngems.com/cdn/shop/products/blue-sapphire-150-carat-natural-444224_110x110@2x.jpg?v=1746414902,https://jngems.com/cdn/shop/products/blue-sapphire-150-carat-natural-869295_110x110@2x.jpg?v=1746414901,https://jngems.com/cdn/shop/products/blue-sapphire-150-carat-natural-113384_110x110@2x.jpg?v=1746414902",2025-09-02T05:34:29.899743+00:00
blue-sapphire,Collection: Blue Sapphire,https://jngems.com/collections/blue-sapphire,https://jngems.com/products/1-36ct-natural-blue-sapphire,Natural Blue Sapphire 1.36 carat,jngems,"Rs 84,800.00",84800.0,,,LKR,True,False,1.36,Eye Clean,7.4x5.6x3.4 mm,Medium Blue,Oval Step,Sri Lanka,true,,JNBS0008,Blue sapphire,,Weight (carat): 1.36 Clarity: Eye Clean Size: 7.4x5.6x3.4 mm Colour: Medium Blue Shape and Cut: Oval Step Origin: Sri Lanka Heated: true Certificate: SKU: JNBS0008 Blue sapphire Light Blue color sapphires,6769993941201,40222836097233,http://jngems.com/cdn/shop/products/natural-blue-sapphire-136-carat-781366.jpg?v=1746414912,"https://jngems.com/cdn/shop/products/6599731002e047918f96bfb22247e8d4.thumbnail.0000000_530x530.jpg?v=1631206396,https://jngems.com/cdn/shop/products/natural-blue-sapphire-136-carat-781366_530x@2x.jpg?v=1746414912,https://jngems.com/cdn/shop/products/natural-blue-sapphire-136-carat-781366_110x110@2x.jpg?v=1746414912,https://jngems.com/cdn/shop/products/natural-blue-sapphire-136-carat-240608_110x110@2x.jpg?v=1746414911,https://jngems.com/cdn/shop/products/natural-blue-sapphire-136-carat-947703_110x110@2x.jpg?v=1746414912,https://jngems.com/cdn/shop/products/natural-blue-sapphire-136-carat-922663_110x110@2x.jpg?v=1746414912,https://jngems.com/cdn/shop/products/natural-blue-sapphire-136-carat-368348_110x110@2x.jpg?v=1746414912,https://jngems.com/cdn/shop/products/natural-blue-sapphire-136-carat-579654_110x110@2x.jpg?v=1746414912,https://jngems.com/cdn/shop/products/6599731002e047918f96bfb22247e8d4.thumbnail.0000000_110x110@2x.jpg?v=1631206396",2025-09-02T05:34:32.766467+00:00
blue-sapphire,Collection: Blue Sapphire,https://jngems.com/collections/blue-sapphire,https://jngems.com/products/blue-sapphire-1-66-carat-natural,Blue Sapphire 1.66 carat Natural,jngems,"Rs 177,300.00",177300.0,,,LKR,True,False,1.66,Eye Clean,7.0x4.6 mm,Medium Blue,Round Step,Sri Lanka,true,,JNBS0007,Blue Sapphire,,Weight (carat): 1.66 Clarity: Eye Clean Size: 7.0x4.6 mm Colour: Medium Blue Shape and Cut: Round Step Origin: Sri Lanka Heated: true Certificate: SKU: JNBS0007 Blue Sapphire 1.66 carat Natural Natural Fancy color Blue sapphire. Light shade of purplish blue,6769976180945,40222788518097,http://jngems.com/cdn/shop/products/blue-sapphire-166-carat-natural-893598.jpg?v=1746414922,"https://jngems.com/cdn/shop/products/b0c2f7c2d8c64d2eafd77338018a1982.thumbnail.0000000_530x530.jpg?v=1631205744,https://jngems.com/cdn/shop/products/blue-sapphire-166-carat-natural-893598_530x@2x.jpg?v=1746414922,https://jngems.com/cdn/shop/products/blue-sapphire-166-carat-natural-893598_110x110@2x.jpg?v=1746414922,https://jngems.com/cdn/shop/products/blue-sapphire-166-carat-natural-122876_110x110@2x.jpg?v=1746414923,https://jngems.com/cdn/shop/products/blue-sapphire-166-carat-natural-450283_110x110@2x.jpg?v=1746414923,https://jngems.com/cdn/shop/products/b0c2f7c2d8c64d2eafd77338018a1982.thumbnail.0000000_110x110@2x.jpg?v=1631205744,https://jngems.com/cdn/shop/products/blue-sapphire-166-carat-natural-829419_110x110@2x.jpg?v=1746414923,https://jngems.com/cdn/shop/products/blue-sapphire-166-carat-natural-704969_110x110@2x.jpg?v=1746414923,https://jngems.com/cdn/shop/products/blue-sapphire-166-carat-natural-462416_110x110@2x.jpg?v=1746414923",2025-09-02T05:34:34.903856+00:00
blue-sapphire,Collection: Blue Sapphire,https://jngems.com/collections/blue-sapphire,https://jngems.com/products/4-02ct-natural-blue-sapphire,Blue Sapphire 4.02 carat Natural,jngems,"Rs 863,000.00",863000.0,,,LKR,True,False,4.02,Eye Clean,6 mm,Royal Blue,Round Mixed,Sri Lanka,true,GRS,JNBS0006,Blue Sapphire,,"Weight (carat): 4.02 Clarity: Eye Clean Size: 6 mm Colour: Royal Blue Shape and Cut: Round Mixed Origin: Sri Lanka Heated: true Certificate: GRS SKU: JNBS0006 Blue Sapphire Round Blue sapphires, Royal blue color sapphires",6769946558673,40222702141649,http://jngems.com/cdn/shop/products/blue-sapphire-402-carat-natural-117800.jpg?v=1746414902,"https://jngems.com/cdn/shop/products/blue-sapphire-402-carat-natural-117800_530x@2x.jpg?v=1746414902,https://jngems.com/cdn/shop/products/blue-sapphire-402-carat-natural-117800_110x110@2x.jpg?v=1746414902,https://jngems.com/cdn/shop/products/blue-sapphire-402-carat-natural-263369_110x110@2x.jpg?v=1746414902,https://jngems.com/cdn/shop/products/blue-sapphire-402-carat-natural-211718_110x110@2x.jpg?v=1746414902,https://jngems.com/cdn/shop/products/blue-sapphire-402-carat-natural-861240_110x110@2x.jpg?v=1746414902,https://jngems.com/cdn/shop/products/blue-sapphire-402-carat-natural-747147_110x110@2x.jpg?v=1746414901",2025-09-02T05:34:39.472187+00:00
blue-sapphire,Collection: Blue Sapphire,https://jngems.com/collections/blue-sapphire,https://jngems.com/products/2-95-carat-natural-blue-sapphire,Blue Sapphire 2.95 carat Natural,jngems,"Rs 601,100.00",601100.0,,,LKR,True,False,2.95,Eye Clean,8.3x7.7x4.8 mm,Royal Blue,Cushion Mixed,Sri Lanka,true,,JNBS0005,Blue Sapphire,,Weight (carat): 2.95 Clarity: Eye Clean Size: 8.3x7.7x4.8 mm Colour: Royal Blue Shape and Cut: Cushion Mixed Origin: Sri Lanka Heated: true Certificate: SKU: JNBS0005 Blue Sapphire Vivid Royal Blue sapphires cushion shape stone,6769935483089,40222674911441,http://jngems.com/cdn/shop/products/blue-sapphire-295-carat-natural-978420.jpg?v=1746414920,"https://jngems.com/cdn/shop/products/18031c9fbc8c4c9b85ff771689237ab2.thumbnail.0000000_530x530.jpg?v=1631202885,https://jngems.com/cdn/shop/products/blue-sapphire-295-carat-natural-978420_530x@2x.jpg?v=1746414920,https://jngems.com/cdn/shop/products/blue-sapphire-295-carat-natural-978420_110x110@2x.jpg?v=1746414920,https://jngems.com/cdn/shop/products/blue-sapphire-295-carat-natural-243297_110x110@2x.jpg?v=1746414920,https://jngems.com/cdn/shop/products/blue-sapphire-295-carat-natural-249125_110x110@2x.jpg?v=1746414920,https://jngems.com/cdn/shop/products/18031c9fbc8c4c9b85ff771689237ab2.thumbnail.0000000_110x110@2x.jpg?v=1631202885,https://jngems.com/cdn/shop/products/blue-sapphire-295-carat-natural-181075_110x110@2x.jpg?v=1746414920",2025-09-02T05:34:42.565784+00:00
blue-sapphire,Collection: Blue Sapphire,https://jngems.com/collections/blue-sapphire,https://jngems.com/products/blue-sapphire-2-47carat-natural,Blue Sapphire 2.47carat Natural,jngems,"Rs 385,300.00",385300.0,,,LKR,True,False,2.47,Eye Clean,7.6x7.6x4.4 mm,Royal Blue,Cushion Mixed,Sri Lanka,true,,JNBS0004,Blue Sapphire,,"Weight (carat): 2.47 Clarity: Eye Clean Size: 7.6x7.6x4.4 mm Colour: Royal Blue Shape and Cut: Cushion Mixed Origin: Sri Lanka Heated: true Certificate: SKU: JNBS0004 Blue Sapphire Natural Blue Sapphire , Cushion shape , royal blue",6758159188177,40172101271761,http://jngems.com/cdn/shop/products/blue-sapphire-247carat-natural-514138.jpg?v=1746414928,"https://jngems.com/cdn/shop/products/f7bc3202be9841398a5c52af239f96f1.thumbnail.0000000_530x530.jpg?v=1630349392,https://jngems.com/cdn/shop/products/blue-sapphire-247carat-natural-514138_530x@2x.jpg?v=1746414928,https://jngems.com/cdn/shop/products/blue-sapphire-247carat-natural-514138_110x110@2x.jpg?v=1746414928,https://jngems.com/cdn/shop/products/blue-sapphire-247carat-natural-224542_110x110@2x.jpg?v=1746414927,https://jngems.com/cdn/shop/products/blue-sapphire-247carat-natural-559418_110x110@2x.jpg?v=1746414927,https://jngems.com/cdn/shop/products/blue-sapphire-247carat-natural-609915_110x110@2x.jpg?v=1746414928,https://jngems.com/cdn/shop/products/blue-sapphire-247carat-natural-564576_110x110@2x.jpg?v=1746414927,https://jngems.com/cdn/shop/products/blue-sapphire-247carat-natural-840658_110x110@2x.jpg?v=1746414927,https://jngems.com/cdn/shop/products/f7bc3202be9841398a5c52af239f96f1.thumbnail.0000000_110x110@2x.jpg?v=1630349392",2025-09-02T05:34:45.076611+00:00
blue-sapphire,Collection: Blue Sapphire,https://jngems.com/collections/blue-sapphire,https://jngems.com/products/2-01ct-natural-blue-sapphire,Natural Blue Sapphire 2.01 carat,jngems,"Rs 231,200.00",231200.0,,,LKR,True,False,2.01,Eye Clean,8.2x6.1x4.0 mm,Medium Blue,Oval Mixed,Sri Lanka,true,CGJ-78385,JNBS0003,Natural Blue Sapphire,,Weight (carat): 2.01 Clarity: Eye Clean Size: 8.2x6.1x4.0 mm Colour: Medium Blue Shape and Cut: Oval Mixed Origin: Sri Lanka Heated: true Certificate: CGJ-78385 SKU: JNBS0003 Natural Blue Sapphire Beautiful cornflower blue color clean stone,6758155485393,40172084035793,http://jngems.com/cdn/shop/products/natural-blue-sapphire-201-carat-885136.jpg?v=1746414913,"https://jngems.com/cdn/shop/products/natural-blue-sapphire-201-carat-885136_530x@2x.jpg?v=1746414913,https://jngems.com/cdn/shop/products/natural-blue-sapphire-201-carat-885136_110x110@2x.jpg?v=1746414913,https://jngems.com/cdn/shop/products/natural-blue-sapphire-201-carat-930554_110x110@2x.jpg?v=1746414912,https://jngems.com/cdn/shop/products/natural-blue-sapphire-201-carat-289456_110x110@2x.jpg?v=1746414913,https://jngems.com/cdn/shop/products/natural-blue-sapphire-201-carat-327857_110x110@2x.jpg?v=1746414913,https://jngems.com/cdn/shop/products/natural-blue-sapphire-201-carat-882798_110x110@2x.jpg?v=1746414913,https://jngems.com/cdn/shop/products/natural-blue-sapphire-201-carat-342890_110x110@2x.jpg?v=1746414912",2025-09-02T05:34:48.292755+00:00
blue-sapphire,Collection: Blue Sapphire,https://jngems.com/collections/blue-sapphire,https://jngems.com/products/2-35ct-natural-blue-sapphire,Blue Sapphire Natural 2.35 carat,jngems,"Rs 262,000.00",262000.0,,,LKR,True,False,2.35,Loupe Clean,8.7x6.7x4.3 mm,Eye Clean,Oval Mixed,Sri Lanka,false,CGJ78386,JNBS0002,Blue Sapphire,,"Weight (carat): 2.35 Clarity: Loupe Clean Size: 8.7x6.7x4.3 mm Colour: Eye Clean Shape and Cut: Oval Mixed Origin: Sri Lanka Heated: false Certificate: CGJ78386 SKU: JNBS0002 Blue Sapphire Natural Blue Sapphire, oval shape , mixed cut",6753918157009,40157685121233,http://jngems.com/cdn/shop/products/blue-sapphire-natural-235-carat-653677.jpg?v=1746414894,"https://jngems.com/cdn/shop/products/blue-sapphire-natural-235-carat-653677_530x@2x.jpg?v=1746414894,https://jngems.com/cdn/shop/products/blue-sapphire-natural-235-carat-653677_110x110@2x.jpg?v=1746414894,https://jngems.com/cdn/shop/products/blue-sapphire-natural-235-carat-999734_110x110@2x.jpg?v=1746414894,https://jngems.com/cdn/shop/products/blue-sapphire-natural-235-carat-525496_110x110@2x.jpg?v=1746414893,https://jngems.com/cdn/shop/products/blue-sapphire-natural-235-carat-508563_110x110@2x.jpg?v=1746414894,https://jngems.com/cdn/shop/products/blue-sapphire-natural-235-carat-531084_110x110@2x.jpg?v=1746414893",2025-09-02T05:34:53.938857+00:00
padparadscha,Collection: Padparadscha,https://jngems.com/collections/padparadscha,https://jngems.com/products/padparadscha,Padparadscha,J N Gems,"Rs 80,200.00",80200.0,,,LKR,True,False,0.77,clean,6.8x5.2 mm,pinkish orange,oval step,sri lankan,true,N/A,JNPAD077,,,"Weight (carat): 0.77 Clarity: clean Size: 6.8x5.2 mm Colour: pinkish orange Shape and Cut: oval step Origin: sri lankan Heated: true Certificate: N/A SKU: JNPAD077 Experience the rare beauty of Padparadscha, a natural sapphire that boasts a stunning 5.2x6.8mm oval step cut. This 0.77 carat gem has been expertly heated to bring out its true color and clarity, making it the perfect addition to any fine jewelry collection.",7565986988241,42493504717009,http://jngems.com/cdn/shop/files/padparadscha-328822.jpg?v=1746414826,,2025-09-02T05:34:59.980154+00:00
padparadscha,Collection: Padparadscha,https://jngems.com/collections/padparadscha,https://jngems.com/products/1-10-carst-unheated-natural-padparadscha-sapphire,1.10 carst Unheated Natural Padparadscha Sapphire,J N Gems,"Rs 274,400.00",274400.0,,,LKR,True,False,0.66,Eye Clean,7x5x2.7mm mm,Orangish Pink,Pear step,Sri Lanka,false,,JNPAD-110,Padparadscha,,"Weight (carat): 0.66 Clarity: Eye Clean Size: 7x5x2.7mm mm Colour: Orangish Pink Shape and Cut: Pear step Origin: Sri Lanka Heated: false Certificate: SKU: JNPAD-110 Padparadscha Exuding the enchanting allure of an unheated Padparadscha, this 1.10 carat gemstone displays a captivating orangish-pink base hue. With a clean oval cut, its facets shimmer with brilliance, enhancing its natural beauty. Measuring 7.24x5.74x3.20mm, this Padparadscha gemstone is a rare and exquisite treasure, perfect for adding a touch of elegance to any jewelry piece or collection.",7399777501393,42059606884561,http://jngems.com/cdn/shop/files/110-carst-unheated-natural-padparadscha-sapphire-630794.jpg?v=1746414817,,2025-09-02T05:35:02.885948+00:00
padparadscha,Collection: Padparadscha,https://jngems.com/collections/padparadscha,https://jngems.com/products/0-66-carat-natural-padparadscha-sapphire,Exuding the enchanting allure of a Padparadscha 0.66 carat,J N Gems,"Rs 169,600.00",169600.0,,,LKR,True,False,0.66,Eye Clean,7x5x2.7mm mm,Orangish Pink,Pear step,Sri Lanka,false,,JNPAD066,Padparadscha,,"Weight (carat): 0.66 Clarity: Eye Clean Size: 7x5x2.7mm mm Colour: Orangish Pink Shape and Cut: Pear step Origin: Sri Lanka Heated: false Certificate: SKU: JNPAD066 Padparadscha Exuding the enchanting allure of a Padparadscha, this 0.66 carat pear-shaped gemstone displays a captivating orangish-pink hue. With eye-clean clarity, its facets shimmer with brilliance, enhancing its natural beauty. Whether admired as a standalone treasure or incorporated into a stunning jewelry piece, this Padparadscha gemstone radiates elegance and sophistication, making it a cherished addition to any collection.",7398063145169,42056578597073,http://jngems.com/cdn/shop/files/exuding-the-enchanting-allure-of-a-padparadscha-066-carat-876185.jpg?v=1746414846,,2025-09-02T05:35:05.019802+00:00
padparadscha,Collection: Padparadscha,https://jngems.com/collections/padparadscha,https://jngems.com/products/1-38-carat-natural-padparadscha-sapphire,Exuding rare beauty Natural Padparadscha Sapphire-1.38 carat,J N Gems,"Rs 274,400.00",274400.0,,,LKR,True,False,1.38,Loupe Clean,7.6x6.4x3.2 mm,Orangish Pink,Oval step,Sri Lanka,false,CGSB91505,JNPAD138,Padparadscha,,"Weight (carat): 1.38 Clarity: Loupe Clean Size: 7.6x6.4x3.2 mm Colour: Orangish Pink Shape and Cut: Oval step Origin: Sri Lanka Heated: false Certificate: CGSB91505 SKU: JNPAD138 Padparadscha Exuding rare beauty, this 1.38 carat natural pinkish-orange Natural Padparadscha gemstone enchants with its unique hue reminiscent of a delicate sunset. Crafted into a step-cut oval shape measuring 7.6x6.4x3.2mm, its facets are arranged to showcase its mesmerizing color and clarity. With a clean appearance, this stone sparkles with brilliance, captivating admirers with its ethereal charm. Whether set in a statement ring or cherished as a collector's item, this Padparadscha gem embodies timeless elegance and allure.",7398046499025,42056483668177,http://jngems.com/cdn/shop/files/exuding-rare-beauty-natural-padparadscha-sapphire-138-carat-420294.jpg?v=1746414811,,2025-09-02T05:35:06.870756+00:00
padparadscha,Collection: Padparadscha,https://jngems.com/collections/padparadscha,https://jngems.com/products/1-58-carat-natural-padparadscha-sapphire,1.58 carat Natural Padparadscha Sapphire,jngems,"Rs 240,500.00",240500.0,,,LKR,True,False,1.58,Loupe Clean,7.96x6.14x3.37mm mm,Orangish Pink,Oval Step,Sri Lanka,true,,RVPD158,Padparadscha,,Weight (carat): 1.58 Clarity: Loupe Clean Size: 7.96x6.14x3.37mm mm Colour: Orangish Pink Shape and Cut: Oval Step Origin: Sri Lanka Heated: true Certificate: SKU: RVPD158 Padparadscha Natural orangish pink Padparadscha stone,7268225712337,41606896484561,http://jngems.com/cdn/shop/files/158-carat-natural-padparadscha-sapphire-742298.jpg?v=1746414856,,2025-09-02T05:35:10.389203+00:00
padparadscha,Collection: Padparadscha,https://jngems.com/collections/padparadscha,https://jngems.com/products/3-58ct-natural-padparadscha-sapphire,Padparadscha 3.58ct Natural Sapphire,J N Gems,"Rs 938,500.00",938500.0,,,LKR,True,False,3.58,Loupe Clean,11.5x8.4x5.4 mm,Orangish Pink,Pear Step,Sri Lanka,false,CGSB91505,,padparadscha sapphire,,"Weight (carat): 3.58 Clarity: Loupe Clean Size: 11.5x8.4x5.4 mm Colour: Orangish Pink Shape and Cut: Pear Step Origin: Sri Lanka Heated: false Certificate: CGSB91505 SKU: padparadscha sapphire This exquisite 3.68 carat padparadscha sapphire, cut into a pear shape with a drop step cut, radiates a captivating pinkish-orangish hue. Its unique coloration and expert cutting enhance its brilliance, making it a stunning choice for fine jewelry. This exceptional gemstone combines the elegance of its shape with the rare beauty of its vibrant color, perfect for creating a truly distinctive piece.",6825297707217,40409713049809,http://jngems.com/cdn/shop/products/padparadscha-358ct-natural-sapphire-804560.jpg?v=1746414922,"https://jngems.com/cdn/shop/products/padparadscha-358ct-natural-sapphire-804560_530x@2x.jpg?v=1746414922,https://jngems.com/cdn/shop/products/padparadscha-358ct-natural-sapphire-804560_110x110@2x.jpg?v=1746414922,https://jngems.com/cdn/shop/products/padparadscha-358ct-natural-sapphire-715314_110x110@2x.jpg?v=1746414922,https://jngems.com/cdn/shop/products/padparadscha-358ct-natural-sapphire-882509_110x110@2x.jpg?v=1746414922,https://jngems.com/cdn/shop/products/padparadscha-358ct-natural-sapphire-912607_110x110@2x.jpg?v=1746414922,https://jngems.com/cdn/shop/products/padparadscha-358ct-natural-sapphire-544490_110x110@2x.jpg?v=1746414922,https://jngems.com/cdn/shop/products/padparadscha-358ct-natural-sapphire-218597_110x110@2x.jpg?v=1746414923,https://jngems.com/cdn/shop/products/padparadscha-358ct-natural-sapphire-224760_110x110@2x.jpg?v=1746414923",2025-09-02T05:35:13.907953+00:00
padparadscha,Collection: Padparadscha,https://jngems.com/collections/padparadscha,https://jngems.com/products/3-09ct-natural-padparadscha-sapphire,Padparadscha Sapphire 3.09 carat Natural,jngems,"Rs 809,100.00",809100.0,,,LKR,True,False,3.09,Loupe Clean,10.39x7.57x4.24 mm,Yellowish Pink,Oval Step,Sri Lanka,true,CGS1806,JNPAD0001,Padparadscha,,Weight (carat): 3.09 Clarity: Loupe Clean Size: 10.39x7.57x4.24 mm Colour: Yellowish Pink Shape and Cut: Oval Step Origin: Sri Lanka Heated: true Certificate: CGS1806 SKU: JNPAD0001 Padparadscha Natural orangish pink Padparadscha stone,6759750238417,40178864324817,http://jngems.com/cdn/shop/products/padparadscha-sapphire-309-carat-natural-229869.jpg?v=1746414919,"https://jngems.com/cdn/shop/products/c507e24a26794fe5aea588c5195a240f.thumbnail.0000000_530x530.jpg?v=1630469900,https://jngems.com/cdn/shop/products/1dfbd658e3234d3fbd862bc06c7ca834.thumbnail.0000000_530x530.jpg?v=1630469886,https://jngems.com/cdn/shop/products/padparadscha-sapphire-309-carat-natural-229869_530x@2x.jpg?v=1746414919,https://jngems.com/cdn/shop/products/padparadscha-sapphire-309-carat-natural-229869_110x110@2x.jpg?v=1746414919,https://jngems.com/cdn/shop/products/padparadscha-sapphire-309-carat-natural-240875_110x110@2x.jpg?v=1746414920,https://jngems.com/cdn/shop/products/c507e24a26794fe5aea588c5195a240f.thumbnail.0000000_110x110@2x.jpg?v=1630469900,https://jngems.com/cdn/shop/products/1dfbd658e3234d3fbd862bc06c7ca834.thumbnail.0000000_110x110@2x.jpg?v=1630469886",2025-09-02T05:35:19.146474+00:00
teal-sapphire,Collection: Teal Sapphire,https://jngems.com/collections/teal-sapphire,https://jngems.com/products/natural-teal-sapphire-5-88-carat,Natural Teal sapphire 5.88 carat,J N Gems,"Rs 1,155,800.00",1155800.0,,,LKR,True,False,5.88,Clean,mm mm,Greenish Blue,Cushion mix cut,Madagascar,true,Available upon request,JNTEAL588,,,"Weight (carat): 5.88 Clarity: Clean Size: mm mm Colour: Greenish Blue Shape and Cut: Cushion mix cut Origin: Madagascar Heated: true Certificate: Available upon request SKU: JNTEAL588 Natural Blue-Green Sapphire – 5.88 Carats Experience the captivating beauty of this natural blue-green sapphire , sourced from Madagascar . This stunning gemstone features an enchanting greenish-blue hue , brought to life with excellent cutting quality and a cushion mixed cut that maximizes brilliance and fire. With its mesmerizing color, precision cut , and outstanding clarity, this sapphire is perfect for a statement jewelry piece or a valuable addition to any gemstone collection. Contact us for more details or to secure this exquisite gem today!",7582712922321,42529353629905,http://jngems.com/cdn/shop/files/natural-teal-sapphire-588-carat-288252.jpg?v=1746414775,,2025-09-02T05:35:24.331349+00:00
teal-sapphire,Collection: Teal Sapphire,https://jngems.com/collections/teal-sapphire,https://jngems.com/products/teal-sapphire,Teal Sapphire,J N Gems,"Rs 46,300.00",46300.0,,,LKR,True,False,0.86,clean,6.9x4.9 mm,Greenish Blue,"Oval ,step",,true,NA,JNTEAL086,,,"Weight (carat): 0.86 Clarity: clean Size: 6.9x4.9 mm Colour: Greenish Blue Shape and Cut: Oval ,step Origin: Heated: true Certificate: NA SKU: JNTEAL086 Discover the rare beauty of our Teal Sapphire, a stunning and natural gemstone with a unique teal color. With its one-of-a-kind hue and natural properties, this 0.87 carat 6.9x4.9mm gemstone is sure to make a statement in any piece of jewelry. Elevate your collection with this natural wonder.",7565984694481,42493501800657,http://jngems.com/cdn/shop/files/teal-sapphire-510024.jpg?v=1746414790,,2025-09-02T05:35:27.698577+00:00
teal-sapphire,Collection: Teal Sapphire,https://jngems.com/collections/teal-sapphire,https://jngems.com/products/natural-teal-sapphire-1-58-carat,Natural Teal sapphire 1.58 carat,J N Gems,"Rs 178,800.00",178800.0,,,LKR,True,False,1.58,Loupe Clean,6.7x6.35mm mm,Greenish Blue,Emerald cut,,true,,JNTE158,Teal sapphire,,Weight (carat): 1.58 Clarity: Loupe Clean Size: 6.7x6.35mm mm Colour: Greenish Blue Shape and Cut: Emerald cut Origin: Heated: true Certificate: SKU: JNTE158 Teal sapphire Natural Blue Green Sapphires. Octagon shape . Excellent cutting quality. Loupe clean. Weight 1.58 carat Size : 6.7x6.35mm,7547190673617,42441345204433,http://jngems.com/cdn/shop/files/natural-teal-sapphire-158-carat-705896.jpg?v=1746414812,,2025-09-02T05:35:29.989124+00:00
teal-sapphire,Collection: Teal Sapphire,https://jngems.com/collections/teal-sapphire,https://jngems.com/products/copy-2-73-carat-natural-teal-sapphire,Natural Teal Sapphire 2.99 carat,J N Gems,"Rs 369,900.00",369900.0,,,LKR,True,False,2.99,Loupe Clean,9x7 mm,Greenish Blue,Pear Brilliant step,Madagascar,true,,JNTEAL299,Teal Sapphires-2.99 carat,,"Weight (carat): 2.99 Clarity: Loupe Clean Size: 9x7 mm Colour: Greenish Blue Shape and Cut: Pear Brilliant step Origin: Madagascar Heated: true Certificate: SKU: JNTEAL299 Teal Sapphires-2.99 carat Size 10x7mm teal sapphire shaped into an elegant pear cut, displays a mesmerizing greenish-blue hue. natural Teal sapphire With its impressive clarity and vibrant color, this clean gemstone is an excellent choice for an engagement ring. Its unique color and shape add a touch of sophistication and individuality, making it a perfect symbol of your unique love story.",7345139613905,41908177141969,http://jngems.com/cdn/shop/files/natural-teal-sapphire-299-carat-743752.jpg?v=1746414847,,2025-09-02T05:35:32.270736+00:00
teal-sapphire,Collection: Teal Sapphire,https://jngems.com/collections/teal-sapphire,https://jngems.com/products/2-99-carat-natural-teal-sapphire,2.73 carat Natural Teal Sapphire,J N Gems,"Rs 292,800.00",292800.0,,,LKR,True,False,2.73,Loupe Clean,5 mm,Greenish Blue,Mix oval Cut,Madagascar,true,,,Teal Sapphire,,"Weight (carat): 2.73 Clarity: Loupe Clean Size: 5 mm Colour: Greenish Blue Shape and Cut: Mix oval Cut Origin: Madagascar Heated: true Certificate: SKU: Teal Sapphire teal Sapphires. Oval shape . Excellent cutting quality Teal sapphire With its impressive clarity and vibrant color, Size 9.9x7.2mm this clean gemstone is an excellent choice for an engagement ring. Its unique color and shape add a touch of sophistication and individuality, making it a perfect symbol of your unique love story.",7345138860241,41908176224465,http://jngems.com/cdn/shop/files/273-carat-natural-teal-sapphire-516661.jpg?v=1746414820,,2025-09-02T05:35:34.613046+00:00
teal-sapphire,Collection: Teal Sapphire,https://jngems.com/collections/teal-sapphire,https://jngems.com/products/2-73-carat-natural-teal-sapphire,2.73 carat Natural Teal Sapphire,J N Gems,"Rs 292,800.00",292800.0,,,LKR,True,False,2.73,Loupe Clean,5 mm,Greenish Blue,Mix oval Cut,Madagascar,true,,,Teal Sapphire,,"Weight (carat): 2.73 Clarity: Loupe Clean Size: 5 mm Colour: Greenish Blue Shape and Cut: Mix oval Cut Origin: Madagascar Heated: true Certificate: SKU: Teal Sapphire Natural Green Sapphires. Oval shape . Excellent cutting quality Teal sapphire With its impressive clarity and vibrant color, this clean gemstone is an excellent choice for an engagement ring. Its unique color and shape add a touch of sophistication and individuality, making it a perfect symbol of your unique love story.",7325352067281,41842260050129,http://jngems.com/cdn/shop/files/273-carat-natural-teal-sapphire-774967.jpg?v=1746414785,,2025-09-02T05:35:37.763731+00:00
teal-sapphire,Collection: Teal Sapphire,https://jngems.com/collections/teal-sapphire,https://jngems.com/products/natural-teal-sapphire-3,2.66 carat Natural Teal Sapphire,J N Gems,"Rs 254,300.00",254300.0,,,LKR,True,False,2.66,Loupe Clean,5 mm,Greenish Blue,Octagon,Madagascar,true,,,Teal Sapphire,,"Weight (carat): 2.66 Clarity: Loupe Clean Size: 5 mm Colour: Greenish Blue Shape and Cut: Octagon Origin: Madagascar Heated: true Certificate: SKU: Teal Sapphire Natural teal Sapphires. Octagon shape . Excellent cutting quality. teal sapphire shaped into an elegant Octagon cut, displays a mesmerizing greenish-blue hue. natural Teal sapphire With its impressive clarity and vibrant color, this clean gemstone is an excellent choice for an engagement ring. Its unique color and shape add a touch of sophistication and individuality, making it a perfect symbol of your unique love story.",7200018333905,41451417043153,http://jngems.com/cdn/shop/products/image_8a528154-ec0a-4ac2-afe0-8fcd29451eee.heic?v=1714621332,"https://jngems.com/cdn/shop/products/7ba66f0d4e0f440089b81c09a464d193.thumbnail.0000000000_530x530.jpg?v=1677989778,https://jngems.com/cdn/shop/products/image_8a528154-ec0a-4ac2-afe0-8fcd29451eee_530x@2x.heic?v=1714621332,https://jngems.com/cdn/shop/products/image_8a528154-ec0a-4ac2-afe0-8fcd29451eee_110x110@2x.heic?v=1714621332,https://jngems.com/cdn/shop/products/image_262de77a-1cc6-434b-925e-bd9e9f084806_110x110@2x.heic?v=1714621320,https://jngems.com/cdn/shop/products/image_2a901916-f066-416e-a1d7-7e76ae08905e_110x110@2x.heic?v=1714621325,https://jngems.com/cdn/shop/products/image_f91e5ca3-5803-465f-8c2b-4389cd1c0090_110x110@2x.heic?v=1714621329,https://jngems.com/cdn/shop/products/7ba66f0d4e0f440089b81c09a464d193.thumbnail.0000000000_110x110@2x.jpg?v=1677989778",2025-09-02T05:35:41.416391+00:00
teal-sapphire,Collection: Teal Sapphire,https://jngems.com/collections/teal-sapphire,https://jngems.com/products/2-26-natural-teal-sapphire,Natural Teal Sapphire 2.58 carat,J N Gems,"Rs 262,000.00",262000.0,,,LKR,True,False,2.26,Loupe Clean,5 mm,Greenish Blue,Cushion Mixed Cut,Madagascar,true,,,Teal Sapphire,,"Weight (carat): 2.26 Clarity: Loupe Clean Size: 5 mm Colour: Greenish Blue Shape and Cut: Cushion Mixed Cut Origin: Madagascar Heated: true Certificate: SKU: Teal Sapphire Natural Teal Sapphires. Octagon shape . Excellent cutting quality. teal sapphire shaped into an elegant pear cut, Size 9.5x7.5x3.8mm displays a mesmerizing greenish-blue hue. natural Teal sapphire With its impressive clarity and vibrant color, this clean gemstone is an excellent choice for an engagement ring. Its unique color and shape add a touch of sophistication and individuality, making it a perfect symbol of your unique love story.",7200018071761,41451415863505,http://jngems.com/cdn/shop/products/natural-teal-sapphire-258-carat-881318.jpg?v=1746414818,"https://jngems.com/cdn/shop/products/2311ed3449274966ad7e0f0a04514111.thumbnail.0000000000_530x530.jpg?v=1677989292,https://jngems.com/cdn/shop/products/natural-teal-sapphire-258-carat-881318_530x@2x.jpg?v=1746414818,https://jngems.com/cdn/shop/products/natural-teal-sapphire-258-carat-881318_110x110@2x.jpg?v=1746414818,https://jngems.com/cdn/shop/products/natural-teal-sapphire-258-carat-394131_110x110@2x.jpg?v=1746414818,https://jngems.com/cdn/shop/products/natural-teal-sapphire-258-carat-740952_110x110@2x.jpg?v=1746414818,https://jngems.com/cdn/shop/products/2311ed3449274966ad7e0f0a04514111.thumbnail.0000000000_110x110@2x.jpg?v=1677989292",2025-09-02T05:35:45.613603+00:00
teal-sapphire,Collection: Teal Sapphire,https://jngems.com/collections/teal-sapphire,https://jngems.com/products/2-21-carat-of-natural-teal-sapphire,2.21 carat of Natural Teal sapphire,J N Gems,"Rs 185,000.00",185000.0,,,LKR,True,False,2.21,Loupe Clean,9x7x4.0mm mm,Greenish Blue,Cushion Mixed Cut,,true,,,Teal sapphire,,Weight (carat): 2.21 carat Clarity: Loupe Clean Size: 9x7x4.0mm mm Colour: Greenish Blue Shape and Cut: Cushion Mixed Cut Origin: Heated: true Certificate: SKU: Teal sapphire Natural Green Sapphires. Octagon shape . Excellent cutting quality.,7169149468881,41377570193617,http://jngems.com/cdn/shop/products/image_91cbe0ff-7c6d-4017-a9db-b1b3761b9d22.heic?v=1714621235,"https://jngems.com/cdn/shop/products/742f5616e200421d9fcfe0bef9fe4a1e.thumbnail.0000000000_530x530.jpg?v=1672049724,https://jngems.com/cdn/shop/products/image_91cbe0ff-7c6d-4017-a9db-b1b3761b9d22_530x@2x.heic?v=1714621235,https://jngems.com/cdn/shop/products/image_91cbe0ff-7c6d-4017-a9db-b1b3761b9d22_110x110@2x.heic?v=1714621235,https://jngems.com/cdn/shop/products/image_74742611-1f13-4054-a93e-206aecfed7f3_110x110@2x.heic?v=1714621228,https://jngems.com/cdn/shop/products/image_f9e09ee3-2d70-4c83-a221-45de16cf79c4_110x110@2x.heic?v=1714621231,https://jngems.com/cdn/shop/products/742f5616e200421d9fcfe0bef9fe4a1e.thumbnail.0000000000_110x110@2x.jpg?v=1672049724",2025-09-02T05:35:49.417849+00:00
teal-sapphire,Collection: Teal Sapphire,https://jngems.com/collections/teal-sapphire,https://jngems.com/products/4-46-carat-natural-teal-sapphire,4.46 carat Natural Teal Sapphire,J N Gems,"Rs 446,900.00",446900.0,,,LKR,True,False,4.46,Loupe Clean,9.5x8.3x6.2mm mm,Greenish Blue,Cushion mixed Cut,Madagascar,false,,,Teal Sapphire,,Weight (carat): 4.46 carat Clarity: Loupe Clean Size: 9.5x8.3x6.2mm mm Colour: Greenish Blue Shape and Cut: Cushion mixed Cut Origin: Madagascar Heated: false Certificate: SKU: Teal Sapphire Natural Green Sapphires. Octagon shape . Excellent cutting quality,7100640690385,41207102046417,http://jngems.com/cdn/shop/products/446-carat-natural-teal-sapphire-154528.jpg?v=1746414856,"https://jngems.com/cdn/shop/products/446-carat-natural-teal-sapphire-154528_530x@2x.jpg?v=1746414856,https://jngems.com/cdn/shop/products/446-carat-natural-teal-sapphire-154528_110x110@2x.jpg?v=1746414856,https://jngems.com/cdn/shop/products/446-carat-natural-teal-sapphire-560202_110x110@2x.jpg?v=1746414856,https://jngems.com/cdn/shop/products/446-carat-natural-teal-sapphire-445148_110x110@2x.jpg?v=1746414856,https://jngems.com/cdn/shop/products/446-carat-natural-teal-sapphire-902081_110x110@2x.jpg?v=1746414856,https://jngems.com/cdn/shop/products/446-carat-natural-teal-sapphire-913433_110x110@2x.jpg?v=1746414855,https://jngems.com/cdn/shop/products/image_0666b166-b7c8-4085-b6cd-b214a97f0130_110x110@2x.heic?v=1714621042",2025-09-02T05:35:51.900882+00:00
teal-sapphire,Collection: Teal Sapphire,https://jngems.com/collections/teal-sapphire,https://jngems.com/products/natural-teal-sapphire-1,Teal Sapphire 3.11 carat Natural,jngems,"Rs 192,700.00",192700.0,,,LKR,True,False,3.11,Eye Clean,10.0x7.0x4.8 mm,Greenish Blue,Cushion Mixed,Sri Lanka,true,,JNTE0002,Teal Sapphire,,Weight (carat): 3.11 Clarity: Eye Clean Size: 10.0x7.0x4.8 mm Colour: Greenish Blue Shape and Cut: Cushion Mixed Origin: Sri Lanka Heated: true Certificate: SKU: JNTE0002 Teal Sapphire Teal green sapphires. Cushion shape stones,6770088214737,40223023595729,http://jngems.com/cdn/shop/products/teal-sapphire-311-carat-natural-414034.jpg?v=1746414898,"https://jngems.com/cdn/shop/products/5a0dcc6325b84ebd89f03c9d31429b2f.thumbnail.0000000_530x530.jpg?v=1631208591,https://jngems.com/cdn/shop/products/teal-sapphire-311-carat-natural-414034_530x@2x.jpg?v=1746414898,https://jngems.com/cdn/shop/products/teal-sapphire-311-carat-natural-414034_110x110@2x.jpg?v=1746414898,https://jngems.com/cdn/shop/products/teal-sapphire-311-carat-natural-577323_110x110@2x.jpg?v=1746414899,https://jngems.com/cdn/shop/products/teal-sapphire-311-carat-natural-448712_110x110@2x.jpg?v=1746414898,https://jngems.com/cdn/shop/products/teal-sapphire-311-carat-natural-142522_110x110@2x.jpg?v=1746414899,https://jngems.com/cdn/shop/products/5a0dcc6325b84ebd89f03c9d31429b2f.thumbnail.0000000_110x110@2x.jpg?v=1631208591",2025-09-02T05:35:56.084031+00:00
yellow-sapphire,Collection: Yellow Sapphire,https://jngems.com/collections/yellow-sapphire,https://jngems.com/products/natural-golden-yellow-sapphire-2-91-carat,Natural Lemon Yellow Sapphire 2.91 carat,J N Gems,"Rs 274,400.00",274400.0,,,LKR,True,False,1.26,Eye Clean,8.8x7.84.8 mm,Lemon,Oval step,,,,JNYS291,Natural lemon yellow sapphire,,"Weight (carat): 1.26 Clarity: Eye Clean Size: 8.8x7.84.8 mm Colour: Lemon Shape and Cut: Oval step Origin: Heated: Certificate: SKU: JNYS291 Natural lemon yellow sapphire Crafted from a stunning 2.91 carat And size 8.8x7.8x4.8mm natural lemon yellow sapphire, this gem exudes a vibrant hue reminiscent of sun-kissed citrus. Its oval step cut enhances its allure, capturing and refracting light with precision. With eye-clean clarity, every facet of this gem sparkles with brilliance. Whether set in jewelry or admired in its natural state, this lemon yellow sapphire is sure to captivate with its radiant charm and timeless beauty.",7397993709777,42056293253329,http://jngems.com/cdn/shop/files/natural-lemon-yellow-sapphire-291-carat-699682.jpg?v=1746414807,,2025-09-02T05:36:01.596043+00:00
yellow-sapphire,Collection: Yellow Sapphire,https://jngems.com/collections/yellow-sapphire,https://jngems.com/products/natural-golden-yellow-sapphire-1-18-carat,Natural Golden Yellow Sapphire 1.18 carat,J N Gems,"Rs 83,300.00",83300.0,,,LKR,True,False,1.18,Clean,7.3x5.7 mm,Golden,Oval step,,,,JNYS118,yellow sapphire,,"Weight (carat): 1.18 Clarity: Clean Size: 7.3x5.7 mm Colour: Golden Shape and Cut: Oval step Origin: Heated: Certificate: SKU: JNYS118 yellow sapphire This golden yellow sapphire weighs 1.18 carats and boasts a top clean clarity. Its oval shape, measuring 7.3x5.7mm is enhanced by a precise step cut, highlighting the gem's natural beauty with every facet. With a hue reminiscent of sunlit fields, this sapphire exudes a captivating allure. Whether set in jewelry or cherished in its natural form, its luminous presence adds an unmistakable touch of elegance and sophistication. Allow the radiant glow of this golden yellow sapphire to illuminate your collection with timeless charm.",7397973131473,42056231518417,http://jngems.com/cdn/shop/files/natural-golden-yellow-sapphire-118-carat-134609.jpg?v=1746414836,,2025-09-02T05:36:03.739815+00:00
yellow-sapphire,Collection: Yellow Sapphire,https://jngems.com/collections/yellow-sapphire,https://jngems.com/products/natural-golden-yellow-sapphire-1-26carat,Natural Golden Yellow Sapphire 1.26carat,J N Gems,"Rs 84,800.00",84800.0,,,LKR,True,False,1.26,Clean,6.8x5.6x3.5 mm,Golden,Oval step,,,,JNYS126,yellow sapphire,,"Weight (carat): 1.26 Clarity: Clean Size: 6.8x5.6x3.5 mm Colour: Golden Shape and Cut: Oval step Origin: Heated: Certificate: SKU: JNYS126 yellow sapphire this golden yellow sapphire weighs 1.26 carats and boasts a top clean clarity. Its oval shape, measuring 6.8x5.6x3.5mm is enhanced by a precise step cut, highlighting the gem's natural beauty with every facet. With a hue reminiscent of sunlit fields, this sapphire exudes a captivating allure. Whether set in jewelry or cherished in its natural form.",7397967364305,42056215625937,http://jngems.com/cdn/shop/files/natural-golden-yellow-sapphire-126carat-523370.jpg?v=1746414838,,2025-09-02T05:36:05.855806+00:00
yellow-sapphire,Collection: Yellow Sapphire,https://jngems.com/collections/yellow-sapphire,https://jngems.com/products/yellow-sapphire-1-46-carat,Natural Golden Yellow Sapphire 1.46 carat,J N Gems,"Rs 89,400.00",89400.0,,,LKR,True,False,1.46,Clean,7.5x5.3x3.7 mm,Golden,Oval step,,,,JNYS146,yellow sapphire,,"Weight (carat): 1.46 Clarity: Clean Size: 7.5x5.3x3.7 mm Colour: Golden Shape and Cut: Oval step Origin: Heated: Certificate: SKU: JNYS146 yellow sapphire Radiating warmth and brilliance, this golden yellow sapphire weighs 1.46 carats and boasts a top clean clarity. Its oval shape, measuring 7.5x5.3x3.7mm, is enhanced by a precise step cut, highlighting the gem's natural beauty with every facet. With a hue reminiscent of sunlit fields, this sapphire exudes a captivating allure.",7397955731665,42056183316689,http://jngems.com/cdn/shop/files/natural-golden-yellow-sapphire-146-carat-877908.jpg?v=1746414865,,2025-09-02T05:36:07.822999+00:00
yellow-sapphire,Collection: Yellow Sapphire,https://jngems.com/collections/yellow-sapphire,https://jngems.com/products/natural-carving-yellow-sapphire-6-85-carat,Natural Yellow Sapphire 6.85 carat,J N Gems,"Rs 423,800.00",423800.0,,,LKR,True,False,6.85,,2 mm,,Cabichon Carving,,true,,JNYS685,yellow sapphire,,"Weight (carat): 6.85 Clarity: Size: 2 mm Colour: Shape and Cut: Cabichon Carving Origin: Heated: true Certificate: SKU: JNYS685 yellow sapphire Crafted from a pristine 6.85 carat natural golden yellow sapphire, this exquisite gem mesmerizes with its drop shape and intricate carving. Radiating warmth and brilliance, it evokes images of sun-kissed landscapes and golden hues. Each facet reflects light with precision, showcasing the artisan's skillful craftsmanship. this golden yellow sapphire captivates with its timeless allure and unparalleled beauty.",7397770100945,42055567573201,http://jngems.com/cdn/shop/files/natural-yellow-sapphire-685-carat-544032.jpg?v=1746414823,,2025-09-02T05:36:10.012960+00:00
yellow-sapphire,Collection: Yellow Sapphire,https://jngems.com/collections/yellow-sapphire,https://jngems.com/products/unheated-yellow-sapphire-1-57-carat,Unheated Yellow Sapphire 1.57 carat,J N Gems,"Rs 111,000.00",111000.0,,,LKR,True,False,1.57,Clean,8.1x6.1x3.7 mm,Pastel,Octagon Radiant cut,,,,JNYS157,yellow sapphire,,"Weight (carat): 1.57 Clarity: Clean Size: 8.1x6.1x3.7 mm Colour: Pastel Shape and Cut: Octagon Radiant cut Origin: Heated: Certificate: SKU: JNYS157 yellow sapphire This unheated yellow sapphire boasts a delicate pastel hue, exuding elegance and charm. With a carat weight of 1.57, its octagonal shape adds a unique allure, complemented by its top clean clarity. Measuring 8.1x6.1x3.7 mm, . Its unenhanced state ensures the purity of its color, making it a prized addition to any collection. Whether set in jewelry or admired in its natural state.",7397769806033,42055562854609,http://jngems.com/cdn/shop/files/unheated-yellow-sapphire-157-carat-458515.jpg?v=1746414831,,2025-09-02T05:36:12.338994+00:00
yellow-sapphire,Collection: Yellow Sapphire,https://jngems.com/collections/yellow-sapphire,https://jngems.com/products/unheated-yellow-sapphire-3-90-carat,Unheated Yellow sapphire 3.90 carat,J N Gems,"Rs 554,800.00",554800.0,,,LKR,True,False,,Loupe clean,4 mm,Medium,Cushion step cut,Sri Lankan,false,,JNYS390,yellow sapphire,,"Weight (carat): Clarity: Loupe clean Size: 4 mm Colour: Medium Shape and Cut: Cushion step cut Origin: Sri Lankan Heated: false Certificate: SKU: JNYS390 yellow sapphire An unheated yellow sapphire weighing 3.90 carats could hold significant value, especially if it has good clarity, color, and cut. Unheated gemstones are often prized for their natural beauty and rarity compared to heat-treated counterparts. It’s essential to have it evaluated by a gemologist to determine its quality and potential worth accurately.",7359484494033,41955275374801,http://jngems.com/cdn/shop/files/unheated-yellow-sapphire-390-carat-373055.jpg?v=1746414805,,2025-09-02T05:36:14.499993+00:00
yellow-sapphire,Collection: Yellow Sapphire,https://jngems.com/collections/yellow-sapphire,https://jngems.com/products/5-57-carat-natural-yellow-sapphire,Natural Yellow Sapphire 5.57 carat,J N Gems,"Rs 708,900.00",708900.0,,,LKR,True,False,5.56,Eye clean,12.4x8.5x6.0mm mm,Medium Yellow,Octagon step,,false,,,Yellow Sapphire,,Weight (carat): 5.56 Clarity: Eye clean Size: 12.4x8.5x6.0mm mm Colour: Medium Yellow Shape and Cut: Octagon step Origin: Heated: false Certificate: SKU: Yellow Sapphire Natural Halfmoon Shape clean Natural Yellow Sapphires. Step cut Size 12.4x8.5x6.0mm Clarity : Loupe clean Treatment : Unheated,7345148920017,41908187005137,http://jngems.com/cdn/shop/files/natural-yellow-sapphire-557-carat-456282.jpg?v=1746414848,,2025-09-02T05:36:16.637634+00:00
yellow-sapphire,Collection: Yellow Sapphire,https://jngems.com/collections/yellow-sapphire,https://jngems.com/products/yellow-sapphires-3-14-carat-natural,Yellow sapphires 3.14 carat Natural,J N Gems,"Rs 246,600.00",246600.0,,,LKR,True,False,3.14,Loupe Clean,8.3x5.6 mm,Vivid Yellow,Round Step Brilliant,Sri Lankan,false,,JNS0019,Yellow Sapphire,,Weight (carat): 3.14 Clarity: Loupe Clean Size: 8.3X5.6 mm Colour: Vivid Yellow Shape and Cut: Round Step Brilliant Origin: Sri Lankan Heated: false Certificate: SKU: JNS0019 Yellow Sapphire Beautiful luster yellow sapphires Round stone,6763813208273,40198557728977,http://jngems.com/cdn/shop/products/yellow-sapphires-314-carat-natural-832971.jpg?v=1746414938,"https://jngems.com/cdn/shop/products/217319dfc8d74dfbbe01600fe3925e5d.thumbnail.0000000_530x530.jpg?v=1630824628,https://jngems.com/cdn/shop/products/yellow-sapphires-314-carat-natural-832971_530x@2x.jpg?v=1746414938,https://jngems.com/cdn/shop/products/yellow-sapphires-314-carat-natural-832971_110x110@2x.jpg?v=1746414938,https://jngems.com/cdn/shop/products/yellow-sapphires-314-carat-natural-546643_110x110@2x.jpg?v=1746414939,https://jngems.com/cdn/shop/products/yellow-sapphires-314-carat-natural-992094_110x110@2x.jpg?v=1746414939,https://jngems.com/cdn/shop/products/217319dfc8d74dfbbe01600fe3925e5d.thumbnail.0000000_110x110@2x.jpg?v=1630824628",2025-09-02T05:36:24.497152+00:00
yellow-sapphire,Collection: Yellow Sapphire,https://jngems.com/collections/yellow-sapphire,https://jngems.com/products/7-69ct-natural-yellow-sapphire,7.69ct Natural Yellow Sapphire,jngems,"Rs 1,078,800.00",1078800.0,,,LKR,True,False,7.69,Eye Clean,11.3x9.4x8.59mm mm,Yellow,Oval Step,Sri Lanka,false,CGS1803,JNYS0002,Natural Yellow sapphires. Tiny feather inside. Bigger size,,Weight (carat): 7.69 Clarity: Eye Clean Size: 11.3x9.4x8.59mm mm Colour: Yellow Shape and Cut: Oval Step Origin: Sri Lanka Heated: false Certificate: CGS1803 SKU: JNYS0002 Natural Yellow sapphires. Tiny feather inside. Bigger size,6758150275281,40171950112977,http://jngems.com/cdn/shop/products/769ct-natural-yellow-sapphire-928732.jpg?v=1746414917,"https://jngems.com/cdn/shop/products/d5859e1702824370bf9845407ac68a75.thumbnail.0000000_530x530.jpg?v=1630348536,https://jngems.com/cdn/shop/products/769ct-natural-yellow-sapphire-928732_530x@2x.jpg?v=1746414917,https://jngems.com/cdn/shop/products/769ct-natural-yellow-sapphire-928732_110x110@2x.jpg?v=1746414917,https://jngems.com/cdn/shop/products/769ct-natural-yellow-sapphire-297814_110x110@2x.jpg?v=1746414918,https://jngems.com/cdn/shop/products/769ct-natural-yellow-sapphire-640085_110x110@2x.jpg?v=1746414917,https://jngems.com/cdn/shop/products/d5859e1702824370bf9845407ac68a75.thumbnail.0000000_110x110@2x.jpg?v=1630348536,https://jngems.com/cdn/shop/products/769ct-natural-yellow-sapphire-446089_110x110@2x.jpg?v=1746414917,https://jngems.com/cdn/shop/products/769ct-natural-yellow-sapphire-907002_110x110@2x.jpg?v=1746414917",2025-09-02T05:36:26.302311+00:00
yellow-sapphire,Collection: Yellow Sapphire,https://jngems.com/collections/yellow-sapphire,https://jngems.com/products/3-63ct-natural-yellowsapphire,3.63ct Natural Yellow Sapphire,jngems,"Rs 246,600.00",246600.0,,,LKR,True,False,3.63,Eye Clean,8.9x8.6x4.9mm mm,Vivid Orange,Cushion Step,Sri Lanka,true,CGS1807,JNYS0001,Yellow sapphires,,"Weight (carat): 3.63 Clarity: Eye Clean Size: 8.9x8.6x4.9mm mm Colour: Vivid Orange Shape and Cut: Cushion Step Origin: Sri Lanka Heated: true Certificate: CGS1807 SKU: JNYS0001 Yellow sapphires JN Gems is delighted to announce that Yellow Sapphire it will be showcasing its stunning collection of natural yellow sapphires at the prestigious Gem Exhibition 2024 in Australia. Known for their vibrant color and brilliance, our yellow sapphires are a highlight of our extensive gemstone collection. Yellow sapphires, cherished for their sunny and radiant hues, are a symbol of wisdom, prosperity, and good fortune. Sourced from the finest mines globally, each yellow sapphire at JN Gems is carefully selected for its exceptional color, clarity, and cut. Our collection includes a range of shades from pale lemon to deep golden yellow, ensuring that there is a perfect gemstone for every taste and occasion.",6758148473041,40171934318801,http://jngems.com/cdn/shop/products/363ct-natural-yellow-sapphire-400383.jpg?v=1746414938,"https://jngems.com/cdn/shop/products/13009c5ce68247409ec46d5b163ffbaf.thumbnail.0000000_530x530.jpg?v=1630348159,https://jngems.com/cdn/shop/products/363ct-natural-yellow-sapphire-400383_530x@2x.jpg?v=1746414938,https://jngems.com/cdn/shop/products/363ct-natural-yellow-sapphire-400383_110x110@2x.jpg?v=1746414938,https://jngems.com/cdn/shop/products/363ct-natural-yellow-sapphire-256110_110x110@2x.jpg?v=1746414939,https://jngems.com/cdn/shop/products/363ct-natural-yellow-sapphire-986177_110x110@2x.jpg?v=1746414938,https://jngems.com/cdn/shop/products/363ct-natural-yellow-sapphire-543397_110x110@2x.jpg?v=1746414939,https://jngems.com/cdn/shop/products/13009c5ce68247409ec46d5b163ffbaf.thumbnail.0000000_110x110@2x.jpg?v=1630348159,https://jngems.com/cdn/shop/products/363ct-natural-yellow-sapphire-130631_110x110@2x.jpg?v=1746414939,https://jngems.com/cdn/shop/products/363ct-natural-yellow-sapphire-624631_110x110@2x.jpg?v=1746414938",2025-09-02T05:36:28.365496+00:00
peach-sapphire,Collection: Peach Sapphire,https://jngems.com/collections/peach-sapphire,https://jngems.com/products/1-10-carat-natural-peach-sapphire,Natural Peach Sapphire 1.10 carat,jngems,"Rs 262,000.00",262000.0,,,LKR,True,False,1.10,Loupe Clean,7.4x.5.4x.4.1 mm,Light Pinkish,Octagon Radiant,Sri Lanka,false,,JNPEACH110,Natural peach sapphire,,Weight (carat): 1.10 Clarity: Loupe Clean Size: 7.4x.5.4x.4.1 mm Colour: Light Pinkish Shape and Cut: Octagon Radiant Origin: Sri Lanka Heated: false Certificate: SKU: JNPEACH110 Natural peach sapphire Natural peach sapphire Octagon shape Radiant cut,7399793492177,42059683791057,http://jngems.com/cdn/shop/files/natural-peach-sapphire-110-carat-383989.jpg?v=1746414863,,2025-09-02T05:36:34.187194+00:00
peach-sapphire,Collection: Peach Sapphire,https://jngems.com/collections/peach-sapphire,https://jngems.com/products/ct-natural-peach-sapphire,Peach Sapphire 2.06 carat Natural,jngems,"Rs 146,400.00",146400.0,,,LKR,True,False,2.06,Loupe Clean,9.8x7x4.2 mm,Light Pinkish,Pear Brilliant,Sri Lanka,false,,JNPE0001,Peach Sapphire,,Weight (carat): 2.06 Clarity: Loupe Clean Size: 9.8x7x4.2 mm Colour: Light Pinkish Shape and Cut: Pear Brilliant Origin: Sri Lanka Heated: false Certificate: SKU: JNPE0001 Peach Sapphire Beautiful Peach sapphire. Pear shape for pendant,6770102042833,40223047319761,http://jngems.com/cdn/shop/products/peach-sapphire-206-carat-natural-397684.jpg?v=1746414914,"https://jngems.com/cdn/shop/products/62eec6323c5746c5b8f7d5eee762877f.thumbnail.0000000_530x530.jpg?v=1631209140,https://jngems.com/cdn/shop/products/peach-sapphire-206-carat-natural-397684_530x@2x.jpg?v=1746414914,https://jngems.com/cdn/shop/products/peach-sapphire-206-carat-natural-397684_110x110@2x.jpg?v=1746414914,https://jngems.com/cdn/shop/products/peach-sapphire-206-carat-natural-418035_110x110@2x.jpg?v=1746414914,https://jngems.com/cdn/shop/products/peach-sapphire-206-carat-natural-616754_110x110@2x.jpg?v=1746414914,https://jngems.com/cdn/shop/products/peach-sapphire-206-carat-natural-803011_110x110@2x.jpg?v=1746414915,https://jngems.com/cdn/shop/products/peach-sapphire-206-carat-natural-294137_110x110@2x.jpg?v=1746414914,https://jngems.com/cdn/shop/products/62eec6323c5746c5b8f7d5eee762877f.thumbnail.0000000_110x110@2x.jpg?v=1631209140",2025-09-02T05:36:37.643715+00:00
peach-sapphire,Collection: Peach Sapphire,https://jngems.com/collections/peach-sapphire,https://jngems.com/products/peach-sapphire-2-34-carat-natural-sapphire,Peach Sapphire 2.34 carat Natural,jngems,"Rs 262,000.00",262000.0,,,LKR,True,False,2.34,Loupe Clean,9.8x7.0x4.2 mm,Light Pinkish,Octagon Radiant,Sri Lanka,false,,JNPE0002,Peach Sapphire,,"Weight (carat): 2.34 Clarity: Loupe Clean Size: 9.8x7.0x4.2 mm Colour: Light Pinkish Shape and Cut: Octagon Radiant Origin: Sri Lanka Heated: false Certificate: SKU: JNPE0002 Peach Sapphire Natural peach sapphire, Octagon shape Radiant cut",6763959877841,40198777864401,http://jngems.com/cdn/shop/products/peach-sapphire-234-carat-natural-644831.jpg?v=1746414908,"https://jngems.com/cdn/shop/products/e7f16f537cbf4986ad6a0d29bcc4b638.thumbnail.0000000_530x530.jpg?v=1630828063,https://jngems.com/cdn/shop/products/peach-sapphire-234-carat-natural-644831_530x@2x.jpg?v=1746414908,https://jngems.com/cdn/shop/products/peach-sapphire-234-carat-natural-644831_110x110@2x.jpg?v=1746414908,https://jngems.com/cdn/shop/products/peach-sapphire-234-carat-natural-388972_110x110@2x.jpg?v=1746414908,https://jngems.com/cdn/shop/products/peach-sapphire-234-carat-natural-278527_110x110@2x.jpg?v=1746414908,https://jngems.com/cdn/shop/products/peach-sapphire-234-carat-natural-912116_110x110@2x.jpg?v=1746414908,https://jngems.com/cdn/shop/products/peach-sapphire-234-carat-natural-750375_110x110@2x.jpg?v=1746414908,https://jngems.com/cdn/shop/products/e7f16f537cbf4986ad6a0d29bcc4b638.thumbnail.0000000_110x110@2x.jpg?v=1630828063",2025-09-02T05:36:39.513902+00:00
pink-sapphire,Collection: Pink Sapphire,https://jngems.com/collections/pink-sapphire,https://jngems.com/products/natural-pink-sapphire-1,5.76 carat Natural Pink Sapphire lot,jngems,"Rs 266,600.00",266600.0,,,LKR,True,False,5.76,Eye Clean,Mix sizes mm,Powder Pink,Mix shape,Sri Lanka,,,JNPS576,Natural Pink sapphire lot 5.76 carat.,,"Weight (carat): 5.76 Clarity: Eye Clean Size: Mix sizes mm Colour: Powder Pink Shape and Cut: Mix shape Origin: Sri Lanka Heated: Certificate: SKU: JNPS576 Natural Pink sapphire lot 5.76 carat. These are beautiful pink sapphires! With their top clean clarity, beautiful color, and luster, they would be excellent for use in high-quality jewelry or for gem therapy purposes. If you need any information or assistance related to their healing properties or any other aspects, feel free to let us know .",7456665895121,42202386727121,http://jngems.com/cdn/shop/files/576-carat-natural-pink-sapphire-lot-817357.jpg?v=1746414819,,2025-09-02T05:36:44.380679+00:00
pink-sapphire,Collection: Pink Sapphire,https://jngems.com/collections/pink-sapphire,https://jngems.com/products/1-08-carat-natural-pink-sapphire,1.08 carat Natural Hot Pink Sapphire,jngems,"Rs 107,900.00",107900.0,,,LKR,True,False,1.08,Eye Clean,8x6x3.0 mm,Hot pink,Tear Drop step,Sri Lanka,true,,JNPS108,pink sapphire,,"Weight (carat): 1.08 Clarity: Eye Clean Size: 8x6x3.0 mm Colour: Hot pink Shape and Cut: Tear Drop step Origin: Sri Lanka Heated: true Certificate: SKU: JNPS108 pink sapphire Exuding fiery elegance, this 1.08 carat natural hot pink sapphire showcases a mesmerizing tear drop shape. With its vibrant hue reminiscent of passion and intensity, it captivates the beholder. Boasting eye-clean clarity, its facets shimmer with brilliance, illuminating every angle. Measuring 8x6x3mm, this gemstone is perfectly suited for adding a bold statement to any jewelry piece. Whether adorning a necklace or enhancing a pair of earrings, this hot pink sapphire embodies sophistication and charm, making it a coveted addition to any collection.",7398039060689,42056454865105,http://jngems.com/cdn/shop/files/108-carat-natural-hot-pink-sapphire-913887.jpg?v=1746414856,,2025-09-02T05:36:46.939091+00:00
pink-sapphire,Collection: Pink Sapphire,https://jngems.com/collections/pink-sapphire,https://jngems.com/products/1-06-carat-natural-pink-sapphire,1.06 carat Natural Pink Sapphire,jngems,"Rs 89,400.00",89400.0,,,LKR,True,False,1.06,Clean,6.5x5x3.5 mm,Powder Pink,Oval step,Sri Lanka,true,,JNPS106,Natural Pink Sapphire,,Weight (carat): 1.06 Clarity: Clean Size: 6.5x5x3.5 mm Colour: Powder Pink Shape and Cut: Oval step Origin: Sri Lanka Heated: true Certificate: SKU: JNPS106 Natural Pink Sapphire,7398033981649,42056433270993,http://jngems.com/cdn/shop/files/106-carat-natural-pink-sapphire-152248.jpg?v=1746414800,,2025-09-02T05:36:50.199486+00:00
pink-sapphire,Collection: Pink Sapphire,https://jngems.com/collections/pink-sapphire,https://jngems.com/products/1-10-carat-natural-pink-sapphire,1.10 carat Natural Pink Sapphire,jngems,"Rs 111,000.00",111000.0,,,LKR,True,False,1.10,Clean,7x4.8x.30 mm,Powder Pink,Octagon Radiant,Sri Lanka,false,,JNPS110,"Crafted with exquisite precision, this 1.10 carat natural pink sapphire 7x4.8x3.0mm mesmerizes with its vivid hue, evoking images of blooming petals and romantic sunsets. Fashioned into an octagonal radiant cut, its facets dance with light, enhancing its brilliance and allure.",,"Weight (carat): 1.10 Clarity: Clean Size: 7x4.8x.30 mm Colour: Powder Pink Shape and Cut: Octagon Radiant Origin: Sri Lanka Heated: false Certificate: SKU: JNPS110 pink sapphire Crafted with exquisite precision, this 1.10 carat natural pink sapphire 7x4.8x3.0mm mesmerizes with its vivid hue, evoking images of blooming petals and romantic sunsets. Fashioned into an octagonal radiant cut, its facets dance with light, enhancing its brilliance and allure. With a clean clarity, this gemstone sparkles with vibrancy and charm, perfect for adding a pop of color to any jewelry piece. Whether worn as a statement pendant or incorporated into a stunning ring, this pink sapphire exudes elegance and sophistication, making it a cherished treasure for years to come.",7398020350161,42056386707665,http://jngems.com/cdn/shop/files/110-carat-natural-pink-sapphire-525806.jpg?v=1746414810,,2025-09-02T05:36:53.203729+00:00
pink-sapphire,Collection: Pink Sapphire,https://jngems.com/collections/pink-sapphire,https://jngems.com/products/unheated-hot-pink-sapphire-1-13-carat,Unheated Hot Pink sapphire 1.13 carat,J N Gems,"Rs 231,200.00",231200.0,,,LKR,True,False,1.13,,6.2 mm,Vibrant Pink,Round step,,,,JN112,Pink sapphire,,Weight (carat): 1.13 Clarity: Size: 6.2 mm Colour: Vibrant Pink Shape and Cut: Round step Origin: Heated: Certificate: SKU: JN112 Pink sapphire Hot Pink sapphire -1.13 carat Size : 6.2mm Round step cut Treatment : Heated,7349291450577,41926617170129,http://jngems.com/cdn/shop/files/unheated-hot-pink-sapphire-113-carat-751551.jpg?v=1746414837,,2025-09-02T05:36:55.683278+00:00
pink-sapphire,Collection: Pink Sapphire,https://jngems.com/collections/pink-sapphire,https://jngems.com/products/natural-pink-sapphire,Pink Sapphire 2.34 carat Natural,jngems,"Rs 231,200.00",231200.0,,,LKR,True,False,2.34,Eye Clean,9.5x6.8x4.3 mm,Powder Pink,Octagon Radiant,Sri Lanka,false,,JNPS0001,Pink Sapphire,,"Weight (carat): 2.34 Clarity: Eye Clean Size: 9.5x6.8x4.3 mm Colour: Powder Pink Shape and Cut: Octagon Radiant Origin: Sri Lanka Heated: false Certificate: SKU: JNPS0001 Pink Sapphire Capturing the essence of elegance, this 2.34 carat natural pink sapphire exhibits a captivating power pink hue. Fashioned into an octagon radiant cut, its facets dance with light, showcasing its brilliance and allure. With eye-clean clarity, this gemstone sparkles with vibrancy and charm. Whether adorning a piece of jewelry or cherished in its natural form, this pink sapphire radiates sophistication and grace, making it a timeless addition to any collection.",6770057183441,40222979457233,http://jngems.com/cdn/shop/products/pink-sapphire-234-carat-natural-652770.jpg?v=1746414904,"https://jngems.com/cdn/shop/products/5f3f23b2951f4a3d9e152980e985e36f.thumbnail.0000000_530x530.jpg?v=1631207916,https://jngems.com/cdn/shop/products/pink-sapphire-234-carat-natural-652770_530x@2x.jpg?v=1746414904,https://jngems.com/cdn/shop/products/pink-sapphire-234-carat-natural-652770_110x110@2x.jpg?v=1746414904,https://jngems.com/cdn/shop/products/pink-sapphire-234-carat-natural-557577_110x110@2x.jpg?v=1746414904,https://jngems.com/cdn/shop/products/pink-sapphire-234-carat-natural-762964_110x110@2x.jpg?v=1746414904,https://jngems.com/cdn/shop/products/pink-sapphire-234-carat-natural-155494_110x110@2x.jpg?v=1746414904,https://jngems.com/cdn/shop/products/pink-sapphire-234-carat-natural-965019_110x110@2x.jpg?v=1746414904,https://jngems.com/cdn/shop/products/5f3f23b2951f4a3d9e152980e985e36f.thumbnail.0000000_110x110@2x.jpg?v=1631207916",2025-09-02T05:37:03.812489+00:00
green-sapphire,Collection: Green Sapphire,https://jngems.com/collections/green-sapphire,https://jngems.com/products/2-38ct-natural-green-sapphire,Green Sapphire 2.38 carat Natural,jngems,"Rs 107,900.00",107900.0,,,LKR,True,False,6.90,Eye Clean,9.3x6.8x3.5 mm,Yellowish Green,Octagon Radiant,Sri Lanka,false,LGL-1206,,Green Sapphire,,"Weight (carat): 6.90 Clarity: Eye Clean Size: 9.3x6.8x3.5 mm Colour: Yellowish Green Shape and Cut: Octagon Radiant Origin: Sri Lanka Heated: false Certificate: LGL-1206 SKU: Green Sapphire Natural Green sapphires,Octagon shape,Emerald cut,clean stone",6770049777873,40222967562449,http://jngems.com/cdn/shop/products/green-sapphire-238-carat-natural-256225.jpg?v=1746414892,"https://jngems.com/cdn/shop/products/green-sapphire-238-carat-natural-256225_530x@2x.jpg?v=1746414892,https://jngems.com/cdn/shop/products/green-sapphire-238-carat-natural-256225_110x110@2x.jpg?v=1746414892,https://jngems.com/cdn/shop/products/green-sapphire-238-carat-natural-586740_110x110@2x.jpg?v=1746414893,https://jngems.com/cdn/shop/products/green-sapphire-238-carat-natural-286214_110x110@2x.jpg?v=1746414892,https://jngems.com/cdn/shop/products/green-sapphire-238-carat-natural-669077_110x110@2x.jpg?v=1746414893,https://jngems.com/cdn/shop/products/green-sapphire-238-carat-natural-884370_110x110@2x.jpg?v=1746414893,https://jngems.com/cdn/shop/products/green-sapphire-238-carat-natural-528129_110x110@2x.jpg?v=1746414893",2025-09-02T05:37:08.926109+00:00
green-sapphire,Collection: Green Sapphire,https://jngems.com/collections/green-sapphire,https://jngems.com/products/natural-green-sapphire,Green Sapphire 6.90 carat Natural Unheated,jngems,"Rs 601,100.00",601100.0,,,LKR,True,False,6.90,Eye Clean,13.80x8.6x4.7 mm,Yellowish Green,Octagon Radiant,Sri Lanka,false,CGS-1805,JNGS0001,Green Sapphire,,Weight (carat): 6.90 Clarity: Eye Clean Size: 13.80x8.6x4.7 mm Colour: Yellowish Green Shape and Cut: Octagon Radiant Origin: Sri Lanka Heated: false Certificate: CGS-1805 SKU: JNGS0001 Green Sapphire Radiant cut beautiful gemstone,6770036342993,40222923030737,http://jngems.com/cdn/shop/products/green-sapphire-690-carat-natural-unheated-538480.jpg?v=1746414932,"https://jngems.com/cdn/shop/products/green-sapphire-690-carat-natural-unheated-538480_530x@2x.jpg?v=1746414932,https://jngems.com/cdn/shop/products/green-sapphire-690-carat-natural-unheated-538480_110x110@2x.jpg?v=1746414932,https://jngems.com/cdn/shop/products/green-sapphire-690-carat-natural-unheated-285413_110x110@2x.jpg?v=1746414932,https://jngems.com/cdn/shop/products/green-sapphire-690-carat-natural-unheated-336504_110x110@2x.jpg?v=1746414931,https://jngems.com/cdn/shop/products/green-sapphire-690-carat-natural-unheated-131205_110x110@2x.jpg?v=1746414931,https://jngems.com/cdn/shop/products/green-sapphire-690-carat-natural-unheated-602670_110x110@2x.jpg?v=1746414931,https://jngems.com/cdn/shop/products/green-sapphire-690-carat-natural-unheated-920529_110x110@2x.jpg?v=1746414931,https://jngems.com/cdn/shop/products/green-sapphire-690-carat-natural-unheated-916551_110x110@2x.jpg?v=1746414932",2025-09-02T05:37:10.913523+00:00
white-sapphire,Collection: White Sapphire,https://jngems.com/collections/white-sapphire,https://jngems.com/products/white-sapphire-1-23-carat,White Sapphire 1.23 carat,jngems,"Rs 67,900.00",67900.0,,,LKR,True,False,1.23,Loupe Clean,6.0x5.5mm mm,White,Asscher diamond cut,Sri Lanka,true,N/A,JNWS123,,,"Weight (carat): 1.23 Clarity: Loupe Clean Size: 6.0x5.5mm mm Colour: White Shape and Cut: Asscher diamond cut Origin: Sri Lanka Heated: true Certificate: N/A SKU: JNWS123 ""Explore the beauty of Sri Lankan origin with our White Sapphire, a 1.23 carat colorless Asscher cut gemstone. Its impeccable luster and flawless clarity make it a perfect choice for any jewelry piece. Elevate your style with this stunning and ethically-sourced gemstone.""",7565688864977,42493065035985,http://jngems.com/cdn/shop/files/white-sapphire-123-carat-426668.jpg?v=1746414824,,2025-09-02T05:37:15.990500+00:00
white-sapphire,Collection: White Sapphire,https://jngems.com/collections/white-sapphire,https://jngems.com/products/3-28-carat-natural-white-sapphire,3.28 carat Natural White Sapphire,jngems,"Rs 131,000.00",131000.0,,,LKR,True,False,3.28,Eye Clean,8.0mm mm,White,Round Mixed,Sri Lanka,true,,,White Sapphire 3.20 carat,,"Weight (carat): 3.28 Clarity: Eye Clean Size: 8.0mm mm Colour: White Shape and Cut: Round Mixed Origin: Sri Lanka Heated: true Certificate: SKU: White Sapphire 3.20 carat Size :8.0x7.8mm Shape : Rounded Oval Treatment : Unheated Colorless Sapphires. White sapphires, Brilliant cut Round stone",7338133029073,41883758690513,http://jngems.com/cdn/shop/files/328-carat-natural-white-sapphire-650518.jpg?v=1746414814,,2025-09-02T05:37:18.126684+00:00
white-sapphire,Collection: White Sapphire,https://jngems.com/collections/white-sapphire,https://jngems.com/products/3-53-carat-natural-white-sapphire,3.53 carat Natural White Sapphire,jngems,"Rs 339,100.00",339100.0,,,LKR,True,False,3.53,Eye Clean,9.8x8.6x5.3mm mm,White,Oval mixed cut,Sri Lanka,true,,,White Sapphire,,"Weight (carat): 3.53 Clarity: Eye Clean Size: 9.8x8.6x5.3mm mm Colour: White Shape and Cut: Oval mixed cut Origin: Sri Lanka Heated: true Certificate: SKU: White Sapphire Colorless Sapphires. White sapphires, Brilliant cut Round stone",7229407887569,41513549430993,http://jngems.com/cdn/shop/files/353-carat-natural-white-sapphire-735343.jpg?v=1746414785,,2025-09-02T05:37:20.629521+00:00
white-sapphire,Collection: White Sapphire,https://jngems.com/collections/white-sapphire,https://jngems.com/products/2-37-carat-natural-white-sapphire,2.37 carat Natural White Sapphire,jngems,"Rs 246,600.00",246600.0,,,LKR,True,False,2.37,Loupe clean,8.00 mm,White,Round Mixed,Sri Lanka,true,,,White Sapphire,,"Weight (carat): 2.37 Clarity: Loupe clean Size: 8.00 mm Colour: White Shape and Cut: Round Mixed Origin: Sri Lanka Heated: true Certificate: SKU: White Sapphire Colorless Sapphires. White sapphires, Brilliant cut Round stone",7200017645777,41451414290641,http://jngems.com/cdn/shop/products/237-carat-natural-white-sapphire-871028.jpg?v=1746414783,"https://jngems.com/cdn/shop/products/9e8486700f0341a1a4fdfc8b7216261c.thumbnail.0000000000_530x530.jpg?v=1677988599,https://jngems.com/cdn/shop/products/237-carat-natural-white-sapphire-871028_530x@2x.jpg?v=1746414783,https://jngems.com/cdn/shop/products/237-carat-natural-white-sapphire-871028_110x110@2x.jpg?v=1746414783,https://jngems.com/cdn/shop/products/237-carat-natural-white-sapphire-717717_110x110@2x.jpg?v=1746414782,https://jngems.com/cdn/shop/products/237-carat-natural-white-sapphire-803052_110x110@2x.jpg?v=1746414783,https://jngems.com/cdn/shop/products/237-carat-natural-white-sapphire-760109_110x110@2x.jpg?v=1746414782,https://jngems.com/cdn/shop/products/237-carat-natural-white-sapphire-683840_110x110@2x.jpg?v=1746414783,https://jngems.com/cdn/shop/products/9e8486700f0341a1a4fdfc8b7216261c.thumbnail.0000000000_110x110@2x.jpg?v=1677988599",2025-09-02T05:37:23.945451+00:00
white-sapphire,Collection: White Sapphire,https://jngems.com/collections/white-sapphire,https://jngems.com/products/natural-white-sapphire,White Sapphire 1.77 carat Natural,jngems,"Rs 117,200.00",117200.0,,,LKR,True,False,1.77,Eye Clean,7.1x4.5 mm,White,Round Mixed,Sri Lanka,true,,JNWS0001,White sapphire,,"Weight (carat): 1.77 Clarity: Eye Clean Size: 7.1x4.5 mm Colour: White Shape and Cut: Round Mixed Origin: Sri Lanka Heated: true Certificate: SKU: JNWS0001 White sapphire Colorless Sapphires. White sapphires, Brilliant cut Round stone",6770092671185,40223029887185,http://jngems.com/cdn/shop/products/white-sapphire-177-carat-natural-628988.jpg?v=1746414898,"https://jngems.com/cdn/shop/products/white-sapphire-177-carat-natural-628988_530x@2x.jpg?v=1746414898,https://jngems.com/cdn/shop/products/white-sapphire-177-carat-natural-628988_110x110@2x.jpg?v=1746414898,https://jngems.com/cdn/shop/products/white-sapphire-177-carat-natural-815109_110x110@2x.jpg?v=1746414898,https://jngems.com/cdn/shop/products/white-sapphire-177-carat-natural-683630_110x110@2x.jpg?v=1746414898,https://jngems.com/cdn/shop/products/white-sapphire-177-carat-natural-639013_110x110@2x.jpg?v=1746414898,https://jngems.com/cdn/shop/products/white-sapphire-177-carat-natural-165855_110x110@2x.jpg?v=1746414898",2025-09-02T05:37:26.333572+00:00
nawarathne,Collection: Nawarathne,https://jngems.com/collections/nawarathne,https://jngems.com/products/nawarathne,Nawarathne Natural 3.5mm,jngems,"Rs 7,800.00",7800.0,,,LKR,True,False,2.70,Eye Clean,3.50 mm,Multicolor,Round,Sri Lanka,true,,JNNW0001,Nawarathne,,Weight (carat): 2.70 Clarity: Eye Clean Size: 3.50 mm Colour: Multicolor Shape and Cut: Round Origin: Sri Lanka Heated: true Certificate: SKU: JNNW0001 Nawarathne 9 gems for Pendant or Rings .Astrology Porpose using.,6759765704913,40179031539921,http://jngems.com/cdn/shop/products/nawarathne-natural-35mm-618793.jpg?v=1746414922,"https://jngems.com/cdn/shop/products/nawarathne-natural-35mm-618793_530x@2x.jpg?v=1746414922,https://jngems.com/cdn/shop/products/nawarathne-natural-35mm-618793_110x110@2x.jpg?v=1746414922,https://jngems.com/cdn/shop/products/nawarathne-natural-35mm-891610_110x110@2x.jpg?v=1746414922,https://jngems.com/cdn/shop/products/nawarathne-natural-35mm-344256_110x110@2x.jpg?v=1746414922",2025-09-02T05:37:31.267814+00:00
alexandrite,Collection: Alexandrite,https://jngems.com/collections/alexandrite,https://jngems.com/products/chrysoberyl-alexandrite-2-59-carat,Chrysoberyl Alexandrite 2.59 Carat,J N Gems,"Rs 369,900.00",369900.0,,,LKR,True,False,2.59,Clean,9.02x7.21x4.80 mm,Green and Reddish brown,Oval mixed,Sri Lanka,false,TGC4650,JNALX259,Alexandrite,Natural Alexandrite- Brownish Green color change into reddish brown color under increndensin light,Weight (carat): 2.59 Clarity: Clean Size: 9.02x7.21x4.80 mm Colour: Green and Reddish brown Shape and Cut: Oval mixed Origin: Sri Lanka Heated: false Certificate: TGC4650 SKU: JNALX259 Alexandrite Natural Alexandrite- Brownish Green color change into reddish brown color under increndensin light,7586965225681,42539969315025,http://jngems.com/cdn/shop/files/chrysoberyl-alexandrite-259-carat-617615.jpg?v=1746414851,,2025-09-02T05:37:37.233918+00:00
alexandrite,Collection: Alexandrite,https://jngems.com/collections/alexandrite,https://jngems.com/products/alexandrite-cats-eye-1-68-carats,Alexandrite Cat's Eye 1.68 carats,J N Gems,"Rs 178,800.00",178800.0,,,LKR,True,False,1.68,Eye Clean,4 mm,Color change,Cabochon,Sri Lanka,,,JNALCAT168,,,"Weight (carat): 1.68 Clarity: Eye Clean Size: 4 mm Colour: Color change Shape and Cut: Cabochon Origin: Sri Lanka Heated: Certificate: SKU: JNALCAT168 Natural Alexandrite Cat's Eye A natural Alexandrite Cat’s Eye at 1.68 carats is indeed a rare and valuable find. This gemstone combines both the color-changing properties of Alexandrite and the distinct cat’s eye effect, which is especially desirable among collectors and gem enthusiasts. When evaluating the quality of a 1.68 carat Alexandrite Cat’s Eye, consider the following: 1. Color Change: Look for a noticeable color shift, typically from greenish in daylight to reddish under incandescent light. The color change is one of the most unique and valuable features of Alexandrite. 2. Cat’s Eye Effect (Chatoyancy ): A sharp, well-defined eye across the stone is ideal. The eye should move smoothly as the gem is rotated under a light source. 3. Clarity: Alexandrite tends to have inclusions, but clarity is still important. Inclusions shouldn’t interfere with the visibility of the cat’s eye. 4. Cut and Shape: A cabochon cut is commonly used to bring out the cat’s eye effect. An oval or round shape typically works best to enhance this phenomenon.",7509937651921,42358062842065,http://jngems.com/cdn/shop/files/alexandrite-cats-eye-168-carats-553567.jpg?v=1746414870,,2025-09-02T05:37:39.255525+00:00
alexandrite,Collection: Alexandrite,https://jngems.com/collections/alexandrite,https://jngems.com/products/alexandrite-cats-eye-2-56-carats,Alexandrite Cat's Eye 2.56 carats,J N Gems,"Rs 209,600.00",209600.0,,,LKR,True,False,2.56,Eye Clean,4 mm,Honey,Cabochon,Sri Lanka,,,JNALCAT256,,,"Weight (carat): 2.56 Clarity: Eye Clean Size: 4 mm Colour: Honey Shape and Cut: Cabochon Origin: Sri Lanka Heated: Certificate: SKU: JNALCAT256 Natural Alexandrite Cat's Eye A natural Alexandrite Cat’s Eye at 2.56 carats is indeed a rare and valuable find. This gemstone combines both the color-changing properties of Alexandrite and the distinct cat’s eye effect, which is especially desirable among collectors and gem enthusiasts. When evaluating the quality of a 2.56 carat Alexandrite Cat’s Eye, consider the following: 1. Color Change: Look for a noticeable color shift, typically from greenish in daylight to reddish under incandescent light. The color change is one of the most unique and valuable features of Alexandrite. 2. Cat’s Eye Effect (Chatoyancy ): A sharp, well-defined eye across the stone is ideal. The eye should move smoothly as the gem is rotated under a light source. 3. Clarity: Alexandrite tends to have inclusions, but clarity is still important. Inclusions shouldn’t interfere with the visibility of the cat’s eye. 4. Cut and Shape: A cabochon cut is commonly used to bring out the cat’s eye effect. An oval or round shape typically works best to enhance this phenomenon.",7509935358161,42358059958481,http://jngems.com/cdn/shop/files/alexandrite-cats-eye-256-carats-452712.jpg?v=1746414840,,2025-09-02T05:37:42.221700+00:00
alexandrite,Collection: Alexandrite,https://jngems.com/collections/alexandrite,https://jngems.com/products/alexandrite-cats-eye,Alexandrite Cat's Eye 1.93 carats,J N Gems,"Rs 172,600.00",172600.0,,,LKR,True,False,1.93,Eye Clean,4 mm,Honey,Cabochon,Sri Lanka,,,JNALCAT193,,,"Weight (carat): 1.93 Clarity: Eye Clean Size: 4 mm Colour: Honey Shape and Cut: Cabochon Origin: Sri Lanka Heated: Certificate: SKU: JNALCAT193 Natural Alexandrite Cat's Eye A natural Alexandrite Cat’s Eye at 1.93 carats is indeed a rare and valuable find. This gemstone combines both the color-changing properties of Alexandrite and the distinct cat’s eye effect, which is especially desirable among collectors and gem enthusiasts. When evaluating the quality of a 1.93-carat Alexandrite Cat’s Eye, consider the following: 1. Color Change: Look for a noticeable color shift, typically from greenish in daylight to reddish under incandescent light. The color change is one of the most unique and valuable features of Alexandrite. 2. Cat’s Eye Effect (Chatoyancy ): A sharp, well-defined eye across the stone is ideal. The eye should move smoothly as the gem is rotated under a light source. 3. Clarity: Alexandrite tends to have inclusions, but clarity is still important. Inclusions shouldn’t interfere with the visibility of the cat’s eye. 4. Cut and Shape: A cabochon cut is commonly used to bring out the cat’s eye effect. An oval or round shape typically works best to enhance this phenomenon.",7509931589841,42358054518993,http://jngems.com/cdn/shop/files/FullSizeRender_ba76501e-461e-404b-b73a-b081853ce910.heic?v=1730102331,,2025-09-02T05:37:45.085121+00:00
alexandrite,Collection: Alexandrite,https://jngems.com/collections/alexandrite,https://jngems.com/products/chrysoberyl-alexandrite,Chrysoberyl Alexandrite 2.69 Carat,J N Gems,"Rs 801,400.00",801400.0,,,LKR,True,False,2.69,,2 mm,Green and Reddish brown,Cushion mixed,,,,JNALX269,Alexandrite,Natural Alexandrite- Greenish color change into reddish brown color under increndensin light,Weight (carat): 2.69 Clarity: Size: 2 mm Colour: Green and Reddish brown Shape and Cut: Cushion mixed Origin: Heated: Certificate: SKU: JNALX269 Alexandrite Natural Alexandrite- Greenish color change into reddish brown color under increndensin light,7253645590737,41566641455313,http://jngems.com/cdn/shop/files/chrysoberyl-alexandrite-269-carat-628814.jpg?v=1746414865,,2025-09-02T05:37:47.628754+00:00
alexandrite,Collection: Alexandrite,https://jngems.com/collections/alexandrite,https://jngems.com/products/1-14-carat-natural-alexandrite,1.14 carat Natural Alexandrite,J N Gems,"Rs 431,500.00",431500.0,,,LKR,True,False,1.14,,7.7x5.0x2.8 mm,Greenish changing to Purplish Red,Oval Step,Sri Lanka,,,JNALEX001,Natural chrysoberyl Alexandrite 1.14 carat,,Weight (carat): 1.14 Clarity: Size: 7.7x5.0x2.8 mm Colour: Greenish changing to Purplish Red Shape and Cut: Oval Step Origin: Sri Lanka Heated: Certificate: SKU: JNALEX001 Natural chrysoberyl Alexandrite 1.14 carat Color changing Pure Green to Purplish Red,7090765037777,41183295963345,http://jngems.com/cdn/shop/products/114-carat-natural-alexandrite-538748.jpg?v=1746414843,"https://jngems.com/cdn/shop/products/4f272a79a0ad4a18ba367fcba0e408ad.thumbnail.0000000000_530x530.jpg?v=1662029104,https://jngems.com/cdn/shop/products/114-carat-natural-alexandrite-538748_530x@2x.jpg?v=1746414843,https://jngems.com/cdn/shop/products/114-carat-natural-alexandrite-538748_110x110@2x.jpg?v=1746414843,https://jngems.com/cdn/shop/products/114-carat-natural-alexandrite-947945_110x110@2x.jpg?v=1746414843,https://jngems.com/cdn/shop/products/4f272a79a0ad4a18ba367fcba0e408ad.thumbnail.0000000000_110x110@2x.jpg?v=1662029104",2025-09-02T05:37:49.950321+00:00
musgravite,Collection: Musgravite,https://jngems.com/collections/musgravite,https://jngems.com/products/natural-musgravite-1-53-carat,Natural Musgravite 1.53 carat,jngems,"Rs 570,200.00",570200.0,,,LKR,True,False,1.53,Eye clean,6.62x6.42x4.55 mm,Pale smoky Brown,Fancy,Sri Lanka,,CGS82901,JNMUS153,Rare Gems . Sri Lankan Origin. Musgravite,,Weight (carat): 1.53 Clarity: Eye clean Size: 6.62x6.42x4.55 mm Colour: Pale smoky Brown Shape and Cut: Fancy Origin: Sri Lanka Heated: Certificate: CGS82901 SKU: JNMUS153 Rare Gems . Sri Lankan Origin. Musgravite Size : 6.62x6.42x4.55mm Color : pale smoky brown Species: Taaffeite Variety : Musgravite,7469479592145,42238002725073,http://jngems.com/cdn/shop/files/natural-musgravite-153-carat-557916.jpg?v=1746414775,,2025-09-02T05:37:55.686742+00:00
taaffite,Collection: Taaffeite,https://jngems.com/collections/taaffite,https://jngems.com/products/natural-taaffeite-1-53-carat-5,Natural Taaffeite 1.53 carat,jngems,"Rs 744,700.00",744700.0,,,LKR,True,False,1.53,Loupe clean,6.6x5.4x.4.4 mm,Purplish,,Sri Lanka,,,JNSPI153,Rare Gems . Sri Lankan Origin. Taaffeite,,Weight (carat): 1.53 Clarity: Loupe clean Size: 6.6x5.4x.4.4 mm Colour: Purplish Shape and Cut: Origin: Sri Lanka Heated: Certificate: SKU: JNSPI153 Rare Gems . Sri Lankan Origin. Taaffeite,7495319650513,42305063813329,http://jngems.com/cdn/shop/files/natural-taaffeite-153-carat-933225.jpg?v=1746414865,,2025-09-02T05:38:01.703362+00:00
taaffite,Collection: Taaffeite,https://jngems.com/collections/taaffite,https://jngems.com/products/natural-taaffeite-0-96-carat,Natural Taaffeite 0.96 carat,jngems,"Rs 416,100.00",416100.0,,,LKR,True,False,0.96,Loupe clean,6.37x 4.97x 3.10 mm,Bluish Purple,Oval Mixed step,Sri Lanka,,CGS82910,JNTAFF096,Rare Gems . Sri Lankan Origin. Taaffeite,,Weight (carat): 0.96 Clarity: Loupe clean Size: 6.37x 4.97x 3.10 mm Colour: Bluish Purple Shape and Cut: Oval Mixed step Origin: Sri Lanka Heated: Certificate: CGS82910 SKU: JNTAFF096 Rare Gems . Sri Lankan Origin. Taaffeite Size : 6.37x 4.97x 3.10mm Color : Bluish Purple Variety : Natural Taaffeite,7469295075537,42237472309457,http://jngems.com/cdn/shop/files/natural-taaffeite-096-carat-625307.jpg?v=1746414785,,2025-09-02T05:38:04.411650+00:00
taaffite,Collection: Taaffeite,https://jngems.com/collections/taaffite,https://jngems.com/products/natural-taaffeite-1-09-carat,Natural Taaffeite 1.09 carat,jngems,"Rs 382,200.00",382200.0,,,LKR,True,False,1.09,Loupe clean,7.96x4.31x3.36 mm,Pale Brown,Oval Mixed step,Sri Lanka,,CGS82092,JNTAFF109,Rare Gems . Sri Lankan Origin. Taaffeite,,Weight (carat): 1.09 Clarity: Loupe clean Size: 7.96x4.31x3.36 mm Colour: Pale Brown Shape and Cut: Oval Mixed step Origin: Sri Lanka Heated: Certificate: CGS82092 SKU: JNTAFF109 Rare Gems . Sri Lankan Origin. Taaffeite Size : 7.96x 4.31x 3.36mm Color : pale Brown Variety : Natural Taaffeite,7469294878929,42237471949009,http://jngems.com/cdn/shop/files/natural-taaffeite-109-carat-466513.jpg?v=1746414817,,2025-09-02T05:38:07.602075+00:00
tanzanite,Collection: Tanzanite,https://jngems.com/collections/tanzanite,https://jngems.com/products/2-46-carat-natural-tanzanite,2.46 carat Natural Tanzanite,J N Gems,"Rs 57,100.00",57100.0,,,LKR,True,False,2.46,Loupe Clean,12x7.28x4.55 mm,Purplish Blue,Pear step,NA,true,CGSG2943,JNTAN246,"Natural Tanzanite , pear shape, mix cut , clean stone",,"Weight (carat): 2.46 Clarity: Loupe Clean Size: 12x7.28x4.55 mm Colour: Purplish Blue Shape and Cut: Pear step Origin: NA Heated: true Certificate: CGSG2943 SKU: JNTAN246 Natural Tanzanite , pear shape, mix cut , clean stone 12x.7.3mm",7089166778577,41180158787793,http://jngems.com/cdn/shop/products/image_52a79c5d-2ac2-4956-9e88-167f76d85e01.heic?v=1714620953,"https://jngems.com/cdn/shop/products/7d9d632c61574d3a86fcb7aa6175d581.thumbnail.0000000000_530x530.jpg?v=1661917845,https://jngems.com/cdn/shop/products/image_52a79c5d-2ac2-4956-9e88-167f76d85e01_530x@2x.heic?v=1714620953,https://jngems.com/cdn/shop/products/image_52a79c5d-2ac2-4956-9e88-167f76d85e01_110x110@2x.heic?v=1714620953,https://jngems.com/cdn/shop/products/image_be92539f-4284-4e8e-b81e-92a4173b251e_110x110@2x.heic?v=1714620942,https://jngems.com/cdn/shop/products/image_c965b5bc-d649-4f8e-ae59-d4f36507a35e_110x110@2x.heic?v=1714620948,https://jngems.com/cdn/shop/products/image_20ecf6d4-e358-4591-86e7-d2349dfc51b5_110x110@2x.heic?v=1714620957,https://jngems.com/cdn/shop/products/image_f4ca3c1b-74bb-4cf3-a750-aa47cae09463_110x110@2x.heic?v=1714620962,https://jngems.com/cdn/shop/products/246-carat-natural-tanzanite-157205_110x110@2x.jpg?v=1746414826,https://jngems.com/cdn/shop/products/7d9d632c61574d3a86fcb7aa6175d581.thumbnail.0000000000_110x110@2x.jpg?v=1661917845",2025-09-02T05:38:18.885197+00:00
tanzanite,Collection: Tanzanite,https://jngems.com/collections/tanzanite,https://jngems.com/products/3-37ct-natural-taffeite,2.37 ct Natural Tanzanite,jngems,"Rs 138,700.00",138700.0,,,LKR,True,False,2.37,Eye Clean,4 mm,Blueish Purple,Oval Mixed step,,false,,JNTAN237,"Natural Tanzanite , oval mixed cut , clean stone",,"Weight (carat): 2.37 Clarity: Eye Clean Size: 4 mm Colour: Blueish Purple Shape and Cut: Oval Mixed step Origin: Heated: false Certificate: SKU: JNTAN237 Natural Tanzanite , oval mixed cut , clean stone 9.5x.7.5mm",6758137233617,40171866685649,http://jngems.com/cdn/shop/products/237-ct-natural-tanzanite-970785.jpg?v=1746414940,"https://jngems.com/cdn/shop/products/a6d1955df0e345dea809ccb29e9f1a53.thumbnail.0000000_530x530.jpg?v=1630346838,https://jngems.com/cdn/shop/products/237-ct-natural-tanzanite-970785_530x@2x.jpg?v=1746414940,https://jngems.com/cdn/shop/products/237-ct-natural-tanzanite-970785_110x110@2x.jpg?v=1746414940,https://jngems.com/cdn/shop/products/237-ct-natural-tanzanite-184305_110x110@2x.jpg?v=1746414939,https://jngems.com/cdn/shop/products/237-ct-natural-tanzanite-473303_110x110@2x.jpg?v=1746414940,https://jngems.com/cdn/shop/products/237-ct-natural-tanzanite-846317_110x110@2x.jpg?v=1746414940,https://jngems.com/cdn/shop/products/237-ct-natural-tanzanite-208796_110x110@2x.jpg?v=1746414940,https://jngems.com/cdn/shop/products/237-ct-natural-tanzanite-365137_110x110@2x.jpg?v=1746414941,https://jngems.com/cdn/shop/products/a6d1955df0e345dea809ccb29e9f1a53.thumbnail.0000000_110x110@2x.jpg?v=1630346838",2025-09-02T05:38:21.210965+00:00
amethyst,Collection: Amethyst,https://jngems.com/collections/amethyst,https://jngems.com/products/natural-amethyst-22-09-cts,Natural Amethyst 22.09 cts,J N Gems,"Rs 92,500.00",92500.0,,,LKR,True,False,22.09,Eye clean,21.9x15.1x10.0 mm,Purple,Oval Step,Sri Lanka,false,CGS-91503,CGS91503,Natural Amethyst,,Weight (carat): 22.09 Clarity: Eye clean Size: 21.9x15.1x10.0 mm Colour: Purple Shape and Cut: Oval Step Origin: Sri Lanka Heated: false Certificate: CGS-91503 SKU: CGS91503 Natural Amethyst Lavender color Amethyst .Cushion shape step cut stone,6887890682065,40603141865681,http://jngems.com/cdn/shop/products/natural-amethyst-2209-cts-121616.jpg?v=1746414911,"https://jngems.com/cdn/shop/products/natural-amethyst-2209-cts-121616_530x@2x.jpg?v=1746414911,https://jngems.com/cdn/shop/products/natural-amethyst-2209-cts-121616_110x110@2x.jpg?v=1746414911,https://jngems.com/cdn/shop/products/natural-amethyst-2209-cts-167751_110x110@2x.jpg?v=1746414911,https://jngems.com/cdn/shop/products/natural-amethyst-2209-cts-428369_110x110@2x.jpg?v=1746414912,https://jngems.com/cdn/shop/products/natural-amethyst-2209-cts-680889_110x110@2x.jpg?v=1746414912,https://jngems.com/cdn/shop/products/natural-amethyst-2209-cts-300838_110x110@2x.jpg?v=1746414912",2025-09-02T05:38:27.595310+00:00
aquamarine,Collection: Aquamarine,https://jngems.com/collections/aquamarine,https://jngems.com/products/aquamarine-7-73-carat,Aquamarine 7.73 carat,jngems,"Rs 138,700.00",138700.0,,,LKR,True,False,7.73,Eye Clean,9.3x6.3x7.0 mm,Blueish Green,Pear mix,Sri Lankan,,TGC9618,JNAQU773,"Discover the captivating beauty of this natural Aquamarine gemstone, with a rare size of 7.73 carats and clean clarity. Measuring 12.62x9.99x6.07mm, this octagon shaped gem boasts a sea blue hue that exudes elegance and sophistication. Perfect for adding a touch of luxury to any jewelry collection.",,"Weight (carat): 7.73 Clarity: Eye Clean Size: 9.3x6.3x7.0 mm Colour: Blueish Green Shape and Cut: Pear mix Origin: Sri Lankan Heated: Certificate: TGC9618 SKU: JNAQU773 Discover the captivating beauty of this natural Aquamarine gemstone, with a rare size of 7.73 carats and clean clarity. Measuring 12.62x9.99x6.07mm, this octagon shaped gem boasts a sea blue hue that exudes elegance and sophistication. Perfect for adding a touch of luxury to any jewelry collection.",7577562579153,42517967175889,http://jngems.com/cdn/shop/files/aquamarine-773-carat-103501.jpg?v=1746414775,,2025-09-02T05:38:33.660813+00:00
aquamarine,Collection: Aquamarine,https://jngems.com/collections/aquamarine,https://jngems.com/products/white-zircon-6-25-carat,White Zircon 6.25 carat,J N Gems,"Rs 166,500.00",166500.0,,,LKR,True,False,6.25,Loupe clean,9.95x7.43x7.08 mm mm,Colorless,Cushion mix,Sri Lanka,false,TGC09619,JNZIR625,,,"Weight (carat): 6.25 Clarity: Loupe clean Size: 9.95x7.43x7.08 mm mm Colour: Colorless Shape and Cut: Cushion mix Origin: Sri Lanka Heated: false Certificate: TGC09619 SKU: JNZIR625 White Zircon This White Zircon gemstone weighs 6.25 carats and features a natural, cushion mixed cut with a loupe clean appearance. Measuring 9.95x7.43x0.7.06 mm, this gem comes with a certificate for authentication. Add a touch of elegance and sophistication to your jewelry collection with this stunning White Zircon.",7577561497809,42517957116113,http://jngems.com/cdn/shop/files/white-zircon-625-carat-870091.jpg?v=1746414805,,2025-09-02T05:38:35.861101+00:00
aquamarine,Collection: Aquamarine,https://jngems.com/collections/aquamarine,https://jngems.com/products/aquamarine-7-56-carat,Aquamarine 7.56 carat,jngems,"Rs 229,700.00",229700.0,,,LKR,True,False,6.42,Eye Clean,9.3x6.3x7.0 mm,Blueish Green,Pear mix,Sri Lankan,,,,,,"Weight (carat): 6.42 Clarity: Eye Clean Size: 9.3x6.3x7.0 mm Colour: Blueish Green Shape and Cut: Pear mix Origin: Sri Lankan Heated: Certificate: SKU: Aquamarine As a natural 6.42 carat Aquamarine, this pear-shaped gemstone boasts an impressive size of 9.4x6.3x7.0mm. With its eye-clean clarity and stunning Santa Maria color, this Aquamarine is perfect for adding a touch of elegance and sophistication to any jewelry piece.",7510854107345,42362755252433,http://jngems.com/cdn/shop/files/aquamarine-756-carat-945496.jpg?v=1746414836,,2025-09-02T05:38:38.269677+00:00
aquamarine,Collection: Aquamarine,https://jngems.com/collections/aquamarine,https://jngems.com/products/aquamarine-natural-6-42-carat,Aquamarine Natural 6.42 carat,jngems,"Rs 229,700.00",229700.0,,,LKR,True,False,6.42,Eye Clean,9.3x6.3x7.0 mm,Blueish Green,Pear mix,Sri Lankan,,,,,,"Weight (carat): 6.42 Clarity: Eye Clean Size: 9.3x6.3x7.0 mm Colour: Blueish Green Shape and Cut: Pear mix Origin: Sri Lankan Heated: Certificate: SKU: Aquamarine As a natural 6.42 carat Aquamarine, this pear-shaped gemstone boasts an impressive size of 9.4x6.3x7.0mm. With its eye-clean clarity and stunning Santa Maria color, this Aquamarine is perfect for adding a touch of elegance and sophistication to any jewelry piece.",7510853681361,42362754826449,http://jngems.com/cdn/shop/files/aquamarine-natural-642-carat-889315.jpg?v=1746414866,,2025-09-02T05:38:41.464311+00:00
aquamarine,Collection: Aquamarine,https://jngems.com/collections/aquamarine,https://jngems.com/products/natural-aquamarine-2-50-carat,Natural Santa Maria Aquamarine 2.50 carat,J N Gems,"Rs 84,800.00",84800.0,,,LKR,True,False,2.50,,2 mm,Santa Maria,Cushion step,,,,JNAQ250,aquamarine,,"Weight (carat): 2.50 Clarity: Size: 2 mm Colour: Santa Maria Shape and Cut: Cushion step Origin: Heated: Certificate: SKU: JNAQ250 aquamarine A natural aquamarine weighing 2.50 carats is a beautiful gemstone with a soothing blue color reminiscent of the sea. Aquamarines are known for their clarity, brilliance, and calming energy, making them popular choices for various types of jewelry, including rings, earrings, pendants, and bracelets. When purchasing a natural aquamarine, it's important to ensure that it comes with a certificate of authenticity to guarantee its natural origin and quality.",7359585714385,41955396124881,http://jngems.com/cdn/shop/files/natural-santa-maria-aquamarine-250-carat-593082.jpg?v=1746414835,,2025-09-02T05:38:44.249834+00:00
aquamarine,Collection: Aquamarine,https://jngems.com/collections/aquamarine,https://jngems.com/products/natural-aquamarine-3-06-carat,Natural Santa Maria Aquamarine 3.06 carat,J N Gems,"Rs 100,200.00",100200.0,,,LKR,True,False,3.06,,2 mm,Santa Maria,,,,,JN306,,,"Weight (carat): 3.06 Clarity: Size: 2 mm Colour: Santa Maria Shape and Cut: Origin: Heated: Certificate: SKU: JN306 A natural aquamarine weighing 3.06 carats is a stunning gemstone with a captivating blue hue, often associated with tranquility and the calming essence of the ocean. This size of aquamarine can make an elegant centerpiece for a ring or pendant, showcasing its brilliance and clarity. As with any gemstone purchase, it’s advisable to obtain a certificate of authenticity to verify its natural origin and quality.",7359581257937,41955391406289,http://jngems.com/cdn/shop/files/natural-santa-maria-aquamarine-306-carat-604106.jpg?v=1746414864,,2025-09-02T05:38:47.336137+00:00
aquamarine,Collection: Aquamarine,https://jngems.com/collections/aquamarine,https://jngems.com/products/natural-aquamarine-3-29-carat,Natural Aquamarine 3.29 carat,J N Gems,"Rs 92,500.00",92500.0,,,LKR,True,False,3.29,,2 mm,Santa Maria,,,,,JNAQ329,,,"Weight (carat): 3.29 Clarity: Size: 2 mm Colour: Santa Maria Shape and Cut: Origin: Heated: Certificate: SKU: JNAQ329 A natural aquamarine weighing 3.29 carats is a sizable and captivating gemstone, typically boasting a beautiful blue hue reminiscent of clear ocean waters. This size of aquamarine is often sought after for its brilliance and clarity, making it an excellent choice for creating eye-catching jewelry pieces such as rings, pendants, or earrings. As always, ensure you obtain a certificate of authenticity when purchasing to verify its natural origin and quality.",7359577587921,41955387605201,http://jngems.com/cdn/shop/files/natural-aquamarine-329-carat-642819.jpg?v=1746414777,,2025-09-02T05:38:50.248114+00:00
aquamarine,Collection: Aquamarine,https://jngems.com/collections/aquamarine,https://jngems.com/products/natural-aquamarine-35-40-cts,Natural Aquamarine 35.40 cts,J N Gems,"Rs 570,200.00",570200.0,,,LKR,True,False,35.40,Loupe Clean,25.0x19.5x13.0 mm,Pale Greenish Blue,Oval Step,Sri Lanka,false,CGS-91515,CGS-91515,Natural Aquamarine,,Weight (carat): 35.40 Clarity: Loupe Clean Size: 25.0x19.5x13.0 mm Colour: Pale Greenish Blue Shape and Cut: Oval Step Origin: Sri Lanka Heated: false Certificate: CGS-91515 SKU: CGS-91515 Natural Aquamarine Well cutting quality Aquamarin oval.,6887883047121,40603134132433,http://jngems.com/cdn/shop/products/natural-aquamarine-3540-cts-878587.jpg?v=1746414929,"https://jngems.com/cdn/shop/products/2db636dd98ee424c987d6236f925734d.thumbnail.0000000_530x530.jpg?v=1639885646,https://jngems.com/cdn/shop/products/natural-aquamarine-3540-cts-878587_530x@2x.jpg?v=1746414929,https://jngems.com/cdn/shop/products/natural-aquamarine-3540-cts-878587_110x110@2x.jpg?v=1746414929,https://jngems.com/cdn/shop/products/natural-aquamarine-3540-cts-410318_110x110@2x.jpg?v=1746414929,https://jngems.com/cdn/shop/products/natural-aquamarine-3540-cts-240148_110x110@2x.jpg?v=1746414929,https://jngems.com/cdn/shop/products/natural-aquamarine-3540-cts-756466_110x110@2x.jpg?v=1746414928,https://jngems.com/cdn/shop/products/2db636dd98ee424c987d6236f925734d.thumbnail.0000000_110x110@2x.jpg?v=1639885646,https://jngems.com/cdn/shop/products/natural-aquamarine-3540-cts-157224_110x110@2x.jpg?v=1746414928",2025-09-02T05:38:52.923861+00:00
aquamarine,Collection: Aquamarine,https://jngems.com/collections/aquamarine,https://jngems.com/products/21-76natural-aquamarine,Aquamarine Natural 21.76 carat,jngems,"Rs 647,300.00",647300.0,,,LKR,True,False,21.76,Eye Clean,20.2x18.4x10.80mm mm,Greenish Blue,Oval Brilliant,Sri Lankan,false,LGL9471,JNS0004,Aquamarine,,"Weight (carat): 21.76 Clarity: Eye Clean Size: 20.2x18.4x10.80mm mm Colour: Greenish Blue Shape and Cut: Oval Brilliant Origin: Sri Lankan Heated: false Certificate: LGL9471 SKU: JNS0004 Aquamarine A 21.76 carat oval-shaped brilliant step-cut aquamarine would likely be a stunning and sizable gemstone, known for its captivating blue hue and sparkling facets. It would make a beautiful centerpiece for a piece of jewelry or a collector’s item.Aquamarin oval stone clean gemstone . Good for Pendant",6755910451409,40164987896017,http://jngems.com/cdn/shop/products/aquamarine-natural-2176-carat-648714.jpg?v=1746414904,"https://jngems.com/cdn/shop/products/8ad2ac8f6948428c9b7e59fc95f8d8c5.thumbnail.0000000_530x530.jpg?v=1630213929,https://jngems.com/cdn/shop/products/aquamarine-natural-2176-carat-648714_530x@2x.jpg?v=1746414904,https://jngems.com/cdn/shop/products/aquamarine-natural-2176-carat-648714_110x110@2x.jpg?v=1746414904,https://jngems.com/cdn/shop/products/aquamarine-natural-2176-carat-556105_110x110@2x.jpg?v=1746414904,https://jngems.com/cdn/shop/products/aquamarine-natural-2176-carat-804072_110x110@2x.jpg?v=1746414904,https://jngems.com/cdn/shop/products/aquamarine-natural-2176-carat-720184_110x110@2x.jpg?v=1746414903,https://jngems.com/cdn/shop/products/aquamarine-natural-2176-carat-946540_110x110@2x.jpg?v=1746414903,https://jngems.com/cdn/shop/products/aquamarine-natural-2176-carat-876180_110x110@2x.jpg?v=1746414903,https://jngems.com/cdn/shop/products/aquamarine-natural-2176-carat-591012_110x110@2x.jpg?v=1746414902,https://jngems.com/cdn/shop/products/aquamarine-natural-2176-carat-757314_110x110@2x.jpg?v=1746414904,https://jngems.com/cdn/shop/products/aquamarine-natural-2176-carat-235258_110x110@2x.jpg?v=1746414902,https://jngems.com/cdn/shop/products/8ad2ac8f6948428c9b7e59fc95f8d8c5.thumbnail.0000000_110x110@2x.jpg?v=1630213929",2025-09-02T05:38:58.548774+00:00
chrysoberyl,Collection: Chrysoberyl,https://jngems.com/collections/chrysoberyl,https://jngems.com/products/chrysoberyl-alexandrite-2-59-carat,Chrysoberyl Alexandrite 2.59 Carat,J N Gems,"Rs 369,900.00",369900.0,,,LKR,True,False,2.59,Clean,9.02x7.21x4.80 mm,Green and Reddish brown,Oval mixed,Sri Lanka,false,TGC4650,JNALX259,Alexandrite,Natural Alexandrite- Brownish Green color change into reddish brown color under increndensin light,Weight (carat): 2.59 Clarity: Clean Size: 9.02x7.21x4.80 mm Colour: Green and Reddish brown Shape and Cut: Oval mixed Origin: Sri Lanka Heated: false Certificate: TGC4650 SKU: JNALX259 Alexandrite Natural Alexandrite- Brownish Green color change into reddish brown color under increndensin light,7586965225681,42539969315025,http://jngems.com/cdn/shop/files/chrysoberyl-alexandrite-259-carat-617615.jpg?v=1746414851,,2025-09-02T05:39:04.244499+00:00
chrysoberyl,Collection: Chrysoberyl,https://jngems.com/collections/chrysoberyl,https://jngems.com/products/alexandrite-cats-eye-1-68-carats,Alexandrite Cat's Eye 1.68 carats,J N Gems,"Rs 178,800.00",178800.0,,,LKR,True,False,1.68,Eye Clean,4 mm,Color change,Cabochon,Sri Lanka,,,JNALCAT168,,,"Weight (carat): 1.68 Clarity: Eye Clean Size: 4 mm Colour: Color change Shape and Cut: Cabochon Origin: Sri Lanka Heated: Certificate: SKU: JNALCAT168 Natural Alexandrite Cat's Eye A natural Alexandrite Cat’s Eye at 1.68 carats is indeed a rare and valuable find. This gemstone combines both the color-changing properties of Alexandrite and the distinct cat’s eye effect, which is especially desirable among collectors and gem enthusiasts. When evaluating the quality of a 1.68 carat Alexandrite Cat’s Eye, consider the following: 1. Color Change: Look for a noticeable color shift, typically from greenish in daylight to reddish under incandescent light. The color change is one of the most unique and valuable features of Alexandrite. 2. Cat’s Eye Effect (Chatoyancy ): A sharp, well-defined eye across the stone is ideal. The eye should move smoothly as the gem is rotated under a light source. 3. Clarity: Alexandrite tends to have inclusions, but clarity is still important. Inclusions shouldn’t interfere with the visibility of the cat’s eye. 4. Cut and Shape: A cabochon cut is commonly used to bring out the cat’s eye effect. An oval or round shape typically works best to enhance this phenomenon.",7509937651921,42358062842065,http://jngems.com/cdn/shop/files/alexandrite-cats-eye-168-carats-553567.jpg?v=1746414870,,2025-09-02T05:39:06.150338+00:00
chrysoberyl,Collection: Chrysoberyl,https://jngems.com/collections/chrysoberyl,https://jngems.com/products/alexandrite-cats-eye-2-56-carats,Alexandrite Cat's Eye 2.56 carats,J N Gems,"Rs 209,600.00",209600.0,,,LKR,True,False,2.56,Eye Clean,4 mm,Honey,Cabochon,Sri Lanka,,,JNALCAT256,,,"Weight (carat): 2.56 Clarity: Eye Clean Size: 4 mm Colour: Honey Shape and Cut: Cabochon Origin: Sri Lanka Heated: Certificate: SKU: JNALCAT256 Natural Alexandrite Cat's Eye A natural Alexandrite Cat’s Eye at 2.56 carats is indeed a rare and valuable find. This gemstone combines both the color-changing properties of Alexandrite and the distinct cat’s eye effect, which is especially desirable among collectors and gem enthusiasts. When evaluating the quality of a 2.56 carat Alexandrite Cat’s Eye, consider the following: 1. Color Change: Look for a noticeable color shift, typically from greenish in daylight to reddish under incandescent light. The color change is one of the most unique and valuable features of Alexandrite. 2. Cat’s Eye Effect (Chatoyancy ): A sharp, well-defined eye across the stone is ideal. The eye should move smoothly as the gem is rotated under a light source. 3. Clarity: Alexandrite tends to have inclusions, but clarity is still important. Inclusions shouldn’t interfere with the visibility of the cat’s eye. 4. Cut and Shape: A cabochon cut is commonly used to bring out the cat’s eye effect. An oval or round shape typically works best to enhance this phenomenon.",7509935358161,42358059958481,http://jngems.com/cdn/shop/files/alexandrite-cats-eye-256-carats-452712.jpg?v=1746414840,,2025-09-02T05:39:08.960460+00:00
chrysoberyl,Collection: Chrysoberyl,https://jngems.com/collections/chrysoberyl,https://jngems.com/products/alexandrite-cats-eye,Alexandrite Cat's Eye 1.93 carats,J N Gems,"Rs 172,600.00",172600.0,,,LKR,True,False,1.93,Eye Clean,4 mm,Honey,Cabochon,Sri Lanka,,,JNALCAT193,,,"Weight (carat): 1.93 Clarity: Eye Clean Size: 4 mm Colour: Honey Shape and Cut: Cabochon Origin: Sri Lanka Heated: Certificate: SKU: JNALCAT193 Natural Alexandrite Cat's Eye A natural Alexandrite Cat’s Eye at 1.93 carats is indeed a rare and valuable find. This gemstone combines both the color-changing properties of Alexandrite and the distinct cat’s eye effect, which is especially desirable among collectors and gem enthusiasts. When evaluating the quality of a 1.93-carat Alexandrite Cat’s Eye, consider the following: 1. Color Change: Look for a noticeable color shift, typically from greenish in daylight to reddish under incandescent light. The color change is one of the most unique and valuable features of Alexandrite. 2. Cat’s Eye Effect (Chatoyancy ): A sharp, well-defined eye across the stone is ideal. The eye should move smoothly as the gem is rotated under a light source. 3. Clarity: Alexandrite tends to have inclusions, but clarity is still important. Inclusions shouldn’t interfere with the visibility of the cat’s eye. 4. Cut and Shape: A cabochon cut is commonly used to bring out the cat’s eye effect. An oval or round shape typically works best to enhance this phenomenon.",7509931589841,42358054518993,http://jngems.com/cdn/shop/files/FullSizeRender_ba76501e-461e-404b-b73a-b081853ce910.heic?v=1730102331,,2025-09-02T05:39:11.288401+00:00
chrysoberyl,Collection: Chrysoberyl,https://jngems.com/collections/chrysoberyl,https://jngems.com/products/chrysoberyl-cats-eye,Chrysoberyl Cat's Eye,J N Gems,"Rs 100,200.00",100200.0,,,LKR,True,False,,Eye Clean,3 mm,Honey,Cabochon,Sri Lanka,,,,,,"Weight (carat): Clarity: Eye Clean Size: 3 mm Colour: Honey Shape and Cut: Cabochon Origin: Sri Lanka Heated: Certificate: SKU: Natural Chrysoberyl Cat's Eye Sri Lankan Origin Chrysoberyl Cat’s Eye gemstones are highly valued, especially when they exhibit a strong, well-centered “ cat’s eye ” effect. The silver ray or “milk and honey” effect is desirable, enhancing the stone’s appeal and visibility of the cat’s eye effect. For a high-quality Chrysoberyl Cat’s Eye over one carat, an oval shape is often preferred to display the optical effect to its best advantage. The intensity of the cat’s eye line, combined with a well-polished cabochon cut, ensures the best appearance.",7509920448721,42358035022033,http://jngems.com/cdn/shop/files/FullSizeRender_12a09a9b-b8c4-4530-9d70-38edd432bc06.heic?v=1730101054,,2025-09-02T05:39:13.501831+00:00
chrysoberyl,Collection: Chrysoberyl,https://jngems.com/collections/chrysoberyl,https://jngems.com/products/4-26-carat-natural-chrysoberyl,4.26 carat Natural Chrysoberyl,jngems,"Rs 163,400.00",163400.0,,,LKR,True,False,4.26,Loupe Clean,11.3x8.2mm mm,Greenish Yellow,Oval mixed cut,Sri Lankan,,,JNCRY426,Chrysoberyl,Weight : 4.26carat,"Weight (carat): 4.26 Clarity: Loupe Clean Size: 11.3x8.2mm mm Colour: Greenish Yellow Shape and Cut: Oval mixed cut Origin: Sri Lankan Heated: Certificate: SKU: JNCRY426 Chrysoberyl Weight : 4.26carat Size :11.3x8.20mm Shape: Oval , mixed cut",7445663908049,42175624675537,http://jngems.com/cdn/shop/files/426-carat-natural-chrysoberyl-152897.jpg?v=1746414845,,2025-09-02T05:39:16.633560+00:00
chrysoberyl,Collection: Chrysoberyl,https://jngems.com/collections/chrysoberyl,https://jngems.com/products/3-79-carat-natural-chrysoberyl-1,3.79 carat Natural Chrysoberyl,jngems,"Rs 144,900.00",144900.0,,,LKR,True,False,3.79,Loupe Clean,11.2x.8.0mm mm,Greenish Yellow,Oval mixed cut,Sri Lankan,,,JNCRY379,Chrysoberyl,Weight : 3.79 carat,"Weight (carat): 3.79 Clarity: Loupe Clean Size: 11.2x.8.0mm mm Colour: Greenish Yellow Shape and Cut: Oval mixed cut Origin: Sri Lankan Heated: Certificate: SKU: JNCRY379 Chrysoberyl Weight : 3.79 carat Size :11.2x8.0mm Shape: Oval , mixed cut",7445659254993,42175619039441,http://jngems.com/cdn/shop/files/379-carat-natural-chrysoberyl-335639.jpg?v=1746414773,,2025-09-02T05:39:19.814273+00:00
chrysoberyl,Collection: Chrysoberyl,https://jngems.com/collections/chrysoberyl,https://jngems.com/products/2-59-carat-natural-chrysoberyl,2.50 carat Natural Chrysoberyl,jngems,"Rs 86,300.00",86300.0,,,LKR,True,False,2.50,Loupe Clean,9.3x6.8mm mm,Greenish Yellow,Oval mixed cut,Sri Lankan,,,,Chrysoberyl,Weight : 2.50 carat,"Weight (carat): 2.50 Clarity: Loupe Clean Size: 9.3x6.8mm mm Colour: Greenish Yellow Shape and Cut: Oval mixed cut Origin: Sri Lankan Heated: Certificate: SKU: Chrysoberyl Weight : 2.50 carat Size :9.3x6.8mm Shape: Oval , mixed cut",7445610102993,42175551766737,http://jngems.com/cdn/shop/files/250-carat-natural-chrysoberyl-197362.jpg?v=1746414839,,2025-09-02T05:39:22.225060+00:00
chrysoberyl,Collection: Chrysoberyl,https://jngems.com/collections/chrysoberyl,https://jngems.com/products/chrysoberyl-alexandrite,Chrysoberyl Alexandrite 2.69 Carat,J N Gems,"Rs 801,400.00",801400.0,,,LKR,True,False,2.69,,2 mm,Green and Reddish brown,Cushion mixed,,,,JNALX269,Alexandrite,Natural Alexandrite- Greenish color change into reddish brown color under increndensin light,Weight (carat): 2.69 Clarity: Size: 2 mm Colour: Green and Reddish brown Shape and Cut: Cushion mixed Origin: Heated: Certificate: SKU: JNALX269 Alexandrite Natural Alexandrite- Greenish color change into reddish brown color under increndensin light,7253645590737,41566641455313,http://jngems.com/cdn/shop/files/chrysoberyl-alexandrite-269-carat-628814.jpg?v=1746414865,,2025-09-02T05:39:27.533135+00:00
chrysoberyl,Collection: Chrysoberyl,https://jngems.com/collections/chrysoberyl,https://jngems.com/products/2-43-carat-natural-chrysoberyl,Natural Chrysoberyl 2.43 carat,jngems,"Rs 83,300.00",83300.0,,,LKR,True,False,2.43,Eye Clean,10.2x7.3mm mm,Vivid Green,Oval mixed cut,Sri Lankan,false,,JNCRY243,chrysoberyl,"oval mix cut, clean stone","Weight (carat): 2.43 Clarity: Eye Clean Size: 10.2x7.3mm mm Colour: Vivid Green Shape and Cut: Oval mixed cut Origin: Sri Lankan Heated: false Certificate: SKU: JNCRY243 chrysoberyl oval mix cut, clean stone",7100642787537,41207116628177,http://jngems.com/cdn/shop/products/image_3d6790d8-c537-4282-bf76-2b8f8291fe7f.heic?v=1714621074,"https://jngems.com/cdn/shop/products/image_3d6790d8-c537-4282-bf76-2b8f8291fe7f_530x@2x.heic?v=1714621074,https://jngems.com/cdn/shop/products/image_3d6790d8-c537-4282-bf76-2b8f8291fe7f_110x110@2x.heic?v=1714621074,https://jngems.com/cdn/shop/products/image_c4200a16-39a1-4231-8540-6574d2516bd3_110x110@2x.heic?v=1714621079,https://jngems.com/cdn/shop/products/image_e111060a-ec8f-48cc-a661-40693fd49236_110x110@2x.heic?v=1714621083,https://jngems.com/cdn/shop/products/image_55602c22-200f-4740-8a20-83c9db6c1a8d_110x110@2x.heic?v=1714621089",2025-09-02T05:39:29.446957+00:00
chrysoberyl,Collection: Chrysoberyl,https://jngems.com/collections/chrysoberyl,https://jngems.com/products/2-69-carat-natural-chrysoberyl,Natural Chrysoberyl 2.68 carat,jngems,"Rs 86,300.00",86300.0,,,LKR,True,False,2.68,Eye Clean,10x7.5mm mm,Vivid Green,Oval mixed cut,Sri Lankan,false,,JNCRY268,Chrysoberyl,Weight : 2.68 carat,"Weight (carat): 2.68 Clarity: Eye Clean Size: 10x7.5mm mm Colour: Vivid Green Shape and Cut: Oval mixed cut Origin: Sri Lankan Heated: false Certificate: SKU: JNCRY268 Chrysoberyl Weight : 2.68 carat Size :10x7.5mm Shape: Oval , mixed cut",7100642492625,41207113973969,http://jngems.com/cdn/shop/products/image_a4377a5b-b236-4127-a3ea-9788a5199722.heic?v=1714621065,"https://jngems.com/cdn/shop/products/image_a4377a5b-b236-4127-a3ea-9788a5199722_530x@2x.heic?v=1714621065,https://jngems.com/cdn/shop/products/image_a4377a5b-b236-4127-a3ea-9788a5199722_110x110@2x.heic?v=1714621065,https://jngems.com/cdn/shop/products/image_2f274ccf-7721-4619-8277-eaee623e1650_110x110@2x.heic?v=1714621060,https://jngems.com/cdn/shop/products/image_c569b12c-6732-439c-afe6-221ba55e5e31_110x110@2x.heic?v=1714621069",2025-09-02T05:39:32.798724+00:00
chrysoberyl,Collection: Chrysoberyl,https://jngems.com/collections/chrysoberyl,https://jngems.com/products/3-29-natural-chrysoberyl,Natural Chrysoberyl 3.29 carat,jngems,"Rs 104,800.00",104800.0,,,LKR,True,False,3.29,Eye Clean,9.8x7.9 mm,Vivid Green,Oval mixed cut,Sri Lankan,false,,,Chrysoberyl,Natural chrysoberyl stone . Lemon green color stone,Weight (carat): 3.29 Clarity: Eye Clean Size: 9.8x7.9 mm Colour: Vivid Green Shape and Cut: Oval mixed cut Origin: Sri Lankan Heated: false Certificate: SKU: Chrysoberyl Natural chrysoberyl stone . Lemon green color stone,7100642164945,41207113056465,http://jngems.com/cdn/shop/products/image_080856a6-d45f-47d9-8f9b-9dd36d7706e1.heic?v=1714621056,"https://jngems.com/cdn/shop/products/image_080856a6-d45f-47d9-8f9b-9dd36d7706e1_530x@2x.heic?v=1714621056,https://jngems.com/cdn/shop/products/image_080856a6-d45f-47d9-8f9b-9dd36d7706e1_110x110@2x.heic?v=1714621056,https://jngems.com/cdn/shop/products/image_23426bc8-a114-4b4c-9fcf-4a587f186d89_110x110@2x.heic?v=1714621046,https://jngems.com/cdn/shop/products/image_a998e824-fa6a-4eb8-be14-8516f752964c_110x110@2x.heic?v=1714621050",2025-09-02T05:39:35.415108+00:00
chrysoberyl,Collection: Chrysoberyl,https://jngems.com/collections/chrysoberyl,https://jngems.com/products/11-01ct-natural-chrysoberyl,Chrysoberyl 11.01 carat Natural,jngems,"Rs 369,900.00",369900.0,,,LKR,True,False,11.01,Eye Clean,13.1x12.5x7.3 mm,Yellowish Brown,Cusion Brilliant Step,Sri Lankan,false,,JNS0002,Chrysoberyl,Brownies yellow mixed Beryl Family Chrysoberyl,Weight (carat): 11.01 Clarity: Eye Clean Size: 13.1x12.5x7.3 mm Colour: Yellowish Brown Shape and Cut: Cusion Brilliant Step Origin: Sri Lankan Heated: false Certificate: SKU: JNS0002 Chrysoberyl Brownies yellow mixed Beryl Family Chrysoberyl,6753379057873,40155911422161,http://jngems.com/cdn/shop/products/chrysoberyl-1101-carat-natural-591634.jpg?v=1746414918,"https://jngems.com/cdn/shop/products/7fc2da6b8e1945978eee9206cfb6da76.thumbnail.0000000_530x530.jpg?v=1630002530,https://jngems.com/cdn/shop/products/chrysoberyl-1101-carat-natural-591634_530x@2x.jpg?v=1746414918,https://jngems.com/cdn/shop/products/chrysoberyl-1101-carat-natural-591634_110x110@2x.jpg?v=1746414918,https://jngems.com/cdn/shop/products/chrysoberyl-1101-carat-natural-895113_110x110@2x.jpg?v=1746414918,https://jngems.com/cdn/shop/products/chrysoberyl-1101-carat-natural-800278_110x110@2x.jpg?v=1746414917,https://jngems.com/cdn/shop/products/chrysoberyl-1101-carat-natural-126967_110x110@2x.jpg?v=1746414917,https://jngems.com/cdn/shop/products/7fc2da6b8e1945978eee9206cfb6da76.thumbnail.0000000_110x110@2x.jpg?v=1630002530,https://jngems.com/cdn/shop/products/chrysoberyl-1101-carat-natural-346600_110x110@2x.jpg?v=1746414917",2025-09-02T05:39:37.464984+00:00
sphene-titanite,Collection: Sphene (Titanite),https://jngems.com/collections/sphene-titanite,https://jngems.com/products/sphene-1-72-carat-2,Sphene 1.72 carat,jngems,"Rs 35,500.00",35500.0,,,LKR,True,False,17.04,Eye Clean,17.4x13.8x8.4 mm,Yellowish Green,Oval Mixed step,,,CGSGB-91512,JNSPN170,"Sphene,",,"Weight (carat): 17.04 Clarity: Eye Clean Size: 17.4x13.8x8.4 mm Colour: Yellowish Green Shape and Cut: Oval Mixed step Origin: Heated: Certificate: CGSGB-91512 SKU: JNSPN170 Sphene, 7.5mm Beautiful color , super luster , loupe Clean Sphene",7495316832465,42305052180689,http://jngems.com/cdn/shop/files/sphene-172-carat-165853.jpg?v=1746414819,,2025-09-02T05:39:44.014246+00:00
ruby,Collection: Ruby,https://jngems.com/collections/ruby,https://jngems.com/products/natural-red-ruby,Natural Red Ruby,J N Gems,"Rs 416,100.00",416100.0,,,LKR,True,False,4.50,Loupe Clean,4.0 mm,Pinkish ruby and Red Ruby,Round Step,,true,,JNRU450,Ruby,,"Weight (carat): 4.50 Clarity: Loupe Clean Size: 4.0 mm Colour: Pinkish ruby and Red Ruby Shape and Cut: Round Step Origin: Heated: true Certificate: SKU: JNRU450 Ruby Weight : 4.50 carat Pieces :6 pcs Clarity : Loupe clean Treatment : Heated / unheated Natural Red Ruby single pieces for Rings vivid color. Good cut Get ready to add a touch of luxury to your jewelry collection with Natural Red Ruby. Each bag boasts 6 pieces of high-quality stones, totaling 4.50 carats. Expertly cut for maximum brilliance, each piece is loupe clean with a vivid red color. Plus, you can rest assured knowing that these rubies are completely natural and have not been treated with heat. Perfect for creating stunning rings that are sure to catch everyone's eye.",7561982148817,42484478312657,http://jngems.com/cdn/shop/files/natural-red-ruby-199169.jpg?v=1746414847,,2025-09-02T05:39:50.875672+00:00
emerald,Collection: Emerald,https://jngems.com/collections/emerald,https://jngems.com/products/natural-emerald-14-52-cts,Natural Emerald 14.52 cts,J N Gems,"Rs 678,100.00",678100.0,,,LKR,True,False,14.52,Loupe Clean,19.0x12.0x8.0 mm,Green,Oval Cabochon,,false,CGS-91501,CGS-91501,Dark Green Emerald,,Weight (carat): 14.52 Clarity: Loupe Clean Size: 19.0x12.0x8.0 mm Colour: Green Shape and Cut: Oval Cabochon Origin: Heated: false Certificate: CGS-91501 SKU: CGS-91501 Dark Green Emerald,6887878099153,40603126431953,http://jngems.com/cdn/shop/products/natural-emerald-1452-cts-825327.jpg?v=1746414910,"https://jngems.com/cdn/shop/products/natural-emerald-1452-cts-825327_530x@2x.jpg?v=1746414910,https://jngems.com/cdn/shop/products/natural-emerald-1452-cts-825327_110x110@2x.jpg?v=1746414910,https://jngems.com/cdn/shop/products/natural-emerald-1452-cts-108673_110x110@2x.jpg?v=1746414910,https://jngems.com/cdn/shop/products/natural-emerald-1452-cts-257044_110x110@2x.jpg?v=1746414910,https://jngems.com/cdn/shop/products/natural-emerald-1452-cts-443302_110x110@2x.jpg?v=1746414910",2025-09-02T05:39:58.955664+00:00
ametrine,Collection: Ametrine,https://jngems.com/collections/ametrine,https://jngems.com/products/natural-ametrine-carat,Natural Ametrine 11.00 carat,J N Gems,"Rs 117,200.00",117200.0,,,LKR,True,False,,Eye clean,4 mm,Purple / Yellow,Octagon Step,Sri Lanka,false,,,Ametrine,,Weight (carat): Clarity: Eye clean Size: 4 mm Colour: Purple / Yellow Shape and Cut: Octagon Step Origin: Sri Lanka Heated: false Certificate: SKU: Ametrine Size: 15.5x11.6x8.9mm Weight : 11.00 carat shape : Octagon step cut Clarity : Loupe clean Ametrine is a naturally occurring gemstone that is a combination of amethyst and citrine. It typically exhibits purple and yellow hues due to the presence of iron in its crystal structure. It's prized for its unique coloration and is often used in jewelry.,7358633607377,41952416202961,http://jngems.com/cdn/shop/files/natural-ametrine-1100-carat-667318.jpg?v=1746414782,,2025-09-02T05:40:10.007515+00:00
ametrine,Collection: Ametrine,https://jngems.com/collections/ametrine,https://jngems.com/products/natural-ametrine-22-89-carat,Natural Ametrine 22.89 carat,J N Gems,"Rs 148,000.00",148000.0,,,LKR,True,False,,Eye clean,4 mm,Purple / Yellow,Octagon Step,Sri Lanka,false,,,Ametrine,,Weight (carat): Clarity: Eye clean Size: 4 mm Colour: Purple / Yellow Shape and Cut: Octagon Step Origin: Sri Lanka Heated: false Certificate: SKU: Ametrine Size: 20x15x10.3mm Weight : 22.89 carat shape : Octagon step cut Clarity : Loupe clean Ametrine is a naturally occurring gemstone that is a combination of amethyst and citrine. It typically exhibits purple and yellow hues due to the presence of iron in its crystal structure. It's prized for its unique coloration and is often used in jewelry.,7358771396817,41952976535761,http://jngems.com/cdn/shop/files/natural-ametrine-2289-carat-216712.jpg?v=1746414792,,2025-09-02T05:40:13.537897+00:00
bi-color-sapphires,Collection: Bi Color Sapphires,https://jngems.com/collections/bi-color-sapphires,https://jngems.com/products/bi-color-sapphire,Bi Color Sapphire,J N Gems,"Rs 331,400.00",331400.0,,,LKR,True,False,2.15,Eye clean,8.8x5.8x4.3 mm,Blue and white,Cushion step,Sri lanka,true,,JNBI215,"Bi Color Sapphire A blue and white mixed sapphire, often referred to as a ""party sapphire,"" is a type of sapphire that displays a combination of blue and white colors within a single stone.",,"Weight (carat): 2.15 Clarity: Eye clean Size: 8.8x5.8x4.3 mm Colour: Blue and white Shape and Cut: Cushion step Origin: Sri lanka Heated: true Certificate: SKU: JNBI215 Bi Color Sapphire A blue and white mixed sapphire, often referred to as a ""party sapphire,"" is a type of sapphire that displays a combination of blue and white colors within a single stone. 1. Color : Blue and white mix. 2. Shape: Cushion. 3. Cut : Step cut. 4. Weight : 2.15 carats. 5. Commercial Name : Party sapphire. Characteristics Color : The ""party sapphire"" name indicates that the stone has a unique and attractive color zoning, showing both blue and white areas. Shape : The cushion shape is a square or rectangular shape with rounded corners and larger facets to increase the stone's brilliance. Cut : The step cut is characterized by parallel facets that create a tiered effect, often used in emerald and Asscher cuts, emphasizing the stone's clarity and color zoning. Carat Weight : 2.15 carats is a moderately large size for a sapphire, providing a noticeable presence without being overly large. Value and Appeal The value of a party sapphire can vary based on several factors, including the quality of the color zoning, the precision of the cut, and the overall clarity of the stone. Party sapphires are sought after for their unique appearance and can be a beautiful choice for jewelry, especially for those looking for something distinctive and eye-catching.",7428664393937,42135480074449,http://jngems.com/cdn/shop/files/bi-color-sapphire-284985.jpg?v=1746414784,,2025-09-02T05:40:19.663054+00:00
bi-color-sapphires,Collection: Bi Color Sapphires,https://jngems.com/collections/bi-color-sapphires,https://jngems.com/products/natural-bi-color-sapphires-5mm-round-4-54-carat,Natural Bi Color Sapphires 5mm Round 4.54 carat,J N Gems,"Rs 148,000.00",148000.0,,,LKR,True,False,4.54,Top clean,5.00mm mm,"Blue and Yellow, Brown and yellow , Green and yellow , Blue and white, pink and Blue",Round step and Brilliant,Sri lanka,true,,,Bi-color sapphires,,"Weight (carat): 4.54 Clarity: Top clean Size: 5.00mm mm Colour: Blue and Yellow, Brown and yellow , Green and yellow , Blue and white, pink and Blue Shape and Cut: Round step and Brilliant Origin: Sri lanka Heated: true Certificate: SKU: Bi-color sapphires Introducing a captivating assortment of bi-color sapphires, totaling an impressive 27.53 carats. mesmerizing blend of shapes and sizes, ranging from delicate 3mm stones to more substantial 7x5mm gems.Each sapphire boasts top-tier clarity , ensuring a flawless appearance that allows their vibrant hues to shine.",7410532384977,42083398680785,http://jngems.com/cdn/shop/files/natural-bi-color-sapphires-5mm-round-454-carat-961421.jpg?v=1746414795,,2025-09-02T05:40:22.365580+00:00
bi-color-sapphires,Collection: Bi Color Sapphires,https://jngems.com/collections/bi-color-sapphires,https://jngems.com/products/natural-bi-color-sapphires-lot-27-53-carat,Natural Bi Color Sapphires lot 27.53 carat,J N Gems,"Rs 863,000.00",863000.0,,,LKR,True,False,27.53,Top clean,3.00- 7x5 mm mm,"Blue and Yellow, Brown and yellow , Green and yellow , Blue and white, pink and Blue",Mix shape and cut,Sri lanka,true,,JNBI2753,Bi-color sapphires,,"Weight (carat): 27.53 Clarity: Top clean Size: 3.00- 7x5 mm mm Colour: Blue and Yellow, Brown and yellow , Green and yellow , Blue and white, pink and Blue Shape and Cut: Mix shape and cut Origin: Sri lanka Heated: true Certificate: SKU: JNBI2753 Bi-color sapphires Description : Bi-color sapphires,Weight :27.53 caratSize : 3 mm-7x5mmTreatment : Heated and Unheated Clarity : Top Clean Introducing a captivating assortment of bi-color sapphires, totaling an impressive 27.53 carats. This unique lot features a mesmerizing blend of shapes and sizes, ranging from delicate 3mm stones to more substantial 7x5mm gems. Each sapphire boasts top-tier clarity, ensuring a flawless appearance that allows their vibrant hues to shine",7410508595409,42083366502609,http://jngems.com/cdn/shop/files/natural-bi-color-sapphires-lot-2753-carat-391090.jpg?v=1746414772,,2025-09-02T05:40:24.462509+00:00
moonstone,Collection: Moonstone,https://jngems.com/collections/moonstone,https://jngems.com/products/blue-moonstone-lot-103-75-carat,Blue Moonstone Lot 103.75 carat,J N Gems,"Rs 474,700.00",474700.0,,,LKR,True,False,103.75,,2 mm,,Mix cut and shapes,Sri Lankan,,,JNMON103,,,"Weight (carat): 103.75 Clarity: Size: 2 mm Colour: Shape and Cut: Mix cut and shapes Origin: Sri Lankan Heated: Certificate: SKU: JNMON103 A Blueshine Moonstone lot weighing 103.75 carats is a substantial collection of moonstones exhibiting a unique blue sheen or adularescence, often referred to as “Blueshine.” Moonstones are known for their ethereal glow caused by light diffraction within the stone, and when they display a blue sheen, they are particularly prized for their mesmerizing beauty. This lot size offers versatility for creating various jewelry pieces, from statement necklaces to delicate earrings. If you’re interested in acquiring a Blueshine Moonstone lot, ensure to verify its authenticity and quality from a reputable seller or gemologist.",7359568019665,41955377119441,http://jngems.com/cdn/shop/files/blue-moonstone-lot-10375-carat-350881.jpg?v=1746414794,,2025-09-02T05:40:32.669286+00:00
moonstone,Collection: Moonstone,https://jngems.com/collections/moonstone,https://jngems.com/products/natural-blue-moonstone-12-60-carat,Natural Blue Moonstone 12.60 carat,J N Gems,"Rs 107,900.00",107900.0,,,LKR,True,False,1.11,Eye clean,5 mm,Blushing,Pear cabochon,Sri Lanka,false,,R001260,Moonstone,,Weight (carat): 1.11 Clarity: Eye clean Size: 5 mm Colour: Blushing Shape and Cut: Pear cabochon Origin: Sri Lanka Heated: false Certificate: SKU: R001260 Moonstone Blushing Moonstone. Very beautiful color and size,6884684136657,40587744051409,http://jngems.com/cdn/shop/products/natural-blue-moonstone-1260-carat-720881.jpg?v=1746414932,"https://jngems.com/cdn/shop/products/natural-blue-moonstone-1260-carat-720881_530x@2x.jpg?v=1746414932,https://jngems.com/cdn/shop/products/natural-blue-moonstone-1260-carat-720881_110x110@2x.jpg?v=1746414932,https://jngems.com/cdn/shop/products/natural-blue-moonstone-1260-carat-743441_110x110@2x.jpg?v=1746414933,https://jngems.com/cdn/shop/products/natural-blue-moonstone-1260-carat-537885_110x110@2x.jpg?v=1746414932,https://jngems.com/cdn/shop/products/natural-blue-moonstone-1260-carat-394935_110x110@2x.jpg?v=1746414932,https://jngems.com/cdn/shop/products/natural-blue-moonstone-1260-carat-994213_110x110@2x.jpg?v=1746414932",2025-09-02T05:40:34.608761+00:00
