Gem Type,Variety,Carat Weight (ct),Cut/Shape,Colour,Clarity,Treatments,Asking Price (LKR),Final Selling Price (if available),"Dimensions (LxWxH, mm)",Certification Status,Date
Zircon,Orange,2.12,Mixed Brilliant Oval,Orange,Eye Clean,No Enhancement,27625.0,,8.94 x 6.98 x 3.86,Certified by Natural Sapphire Company,2025-09-08
Moonstone,White,21.12,Cabochon Oval,White,Very Very Slightly Included,No Enhancement,68575.0,,18.88 x 16.06 x 9.54,Certified by Natural Sapphire Company,2025-09-08
Zircon,Yellowish Brown,4.93,Mixed Brilliant Oval,Yellowish Brown,Very Slightly Included,Heat Treated,104000.0,,11.34 x 8.06 x 5.07,Certified by Natural Sapphire Company,2025-09-08
Cobalt Spinel,Blue,1.71,Mixed Brilliant Cushion,Blue,Very Slightly Included,No Enhancement,347750.0,,7.45 x 6.67 x 3.97,Certified by Natural Sapphire Company,2025-09-08
Moonstone,Peach,9.66,Cabochon Oval,Peach,Very Slightly Included,No Enhancement,31525.0,,16.36 x 11.87 x 7.28,Certified by Natural Sapphire Company,2025-09-08
Cobalt Spinel,Blue,0.95,Mixed Brilliant Cushion,Blue,Eye Clean,No Enhancement,308750.0,,7.09 x 5.39 x 2.93,Certified by Natural Sapphire Company,2025-09-08
Zircon,Peach,4.36,Mixed Brilliant Oval,Peach,Very Slightly Included,Heat Treated,117000.0,,10.01 x 8.11 x 5.24,Certified by Natural Sapphire Company,2025-09-08
Zircon,Brown,2.23,Mixed Brilliant Pear,Brown,Very Slightly Included,No Enhancement,28925.0,,10.58 x 6.65 x 3.55,Certified by Natural Sapphire Company,2025-09-08
Moonstone,Black,73.71,Cabochon Oval,Black,Very Very Slightly Included,No Enhancement,335400.0,,32.73 x 26.5 x 11.6,Certified by Natural Sapphire Company,2025-09-08
Moonstone,White,7.07,Cabochon Oval,White,Eye Clean,No Enhancement,23075.0,,15.39 x 8.21 x 7.19,Certified by Natural Sapphire Company,2025-09-08
Rhodolite Garnet,Red,0.91,Mixed Brilliant Oval,Red,Eye Clean,No Enhancement,29575.0,,6.28 x 5.14 x 3.57,Certified by Natural Sapphire Company,2025-09-08
Moonstone,Brown,30.67,Cabochon Round,Brown,Eye Clean,No Enhancement,139425.0,,20.33 x 20.1 x 10.56,Certified by Natural Sapphire Company,2025-09-08
Rhodolite Garnet,Pinkish Purple,0.82,Mixed Brilliant Pear,Pinkish Purple,Eye Clean,No Enhancement,31850.0,,7.48 x 5.11 x 3.03,Certified by Natural Sapphire Company,2025-09-08
Moonstone,White,26.42,Cabochon Oval,White,Very Very Slightly Included,No Enhancement,120250.0,,18.2 x 15.12 x 12.86,Certified by Natural Sapphire Company,2025-09-08
Aquamarine,Blue,3.35,Mixed Brilliant Round,Blue,Eye Clean,Heat Treated,783900.0,,9.46 x 9.47 x 7.32,Certified by Natural Sapphire Company,2025-09-08
Moonstone,White,40.29,Cabochon Oval,White,Very Very Slightly Included,No Enhancement,183300.0,,23.95 x 21.78 x 11.14,Certified by Natural Sapphire Company,2025-09-08
Zircon,Red,2.16,Mixed Brilliant Marquise,Red,Eye Clean,No Enhancement,27950.0,,13.72 x 5.63 x 3.35,Certified by Natural Sapphire Company,2025-09-08
Moonstone,Grey,7.87,Cabochon Oval,Grey,Very Slightly Included,No Enhancement,25675.0,,13.8 x 11.5 x 6.94,Certified by Natural Sapphire Company,2025-09-08
Moonstone,Grey,62.59,Cabochon Oval,Grey,Very Slightly Included,No Enhancement,284700.0,,27.71 x 19.99 x 15.56,Certified by Natural Sapphire Company,2025-09-08
Alexandrite,Green to Brownish Yellow,0.5,Mixed Brilliant Pear,Green to Brownish Yellow,Very Very Slightly Included,No Enhancement,325000.0,,5.44 x 3.98 x 3.14,Certified by Natural Sapphire Company,2025-09-08
Moonstone,Rainbow,1.53,Mixed Brilliant Oval,Rainbow,Eye Clean,No Enhancement,74750.0,,9.1 x 6.6 x 4.66,Certified by Natural Sapphire Company,2025-09-08
Zircon,Yellowish Brown,2.15,Mixed Brilliant Pear,Yellowish Brown,Slightly Included,No Enhancement,88075.0,,9.44 x 5.78 x 4.48,Certified by Natural Sapphire Company,2025-09-08
Alexandrite,Yellowish Green to Reddish Green,1.51,Mixed Brilliant Oval,Yellowish Green to Reddish Green,Very Slightly Included,No Enhancement,1275950.0,,7.45 x 6.06 x 4.02,Certified by Natural Sapphire Company,2025-09-08
Moonstone,Grey,43.34,Cabochon Round,Grey,Very Very Slightly Included,No Enhancement,197275.0,,21.07 x 20.71 x 13.25,Certified by Natural Sapphire Company,2025-09-08
Moonstone,Grey,10.61,Cabochon Oval,Grey,Very Very Slightly Included,No Enhancement,34450.0,,16.86 x 13.16 x 6.29,Certified by Natural Sapphire Company,2025-09-08
Rhodolite Garnet,Pinkish Purple,1.14,Mixed Brilliant Oval,Pinkish Purple,Very Slightly Included,No Enhancement,59150.0,,6.8 x 5.43 x 3.88,Certified by Natural Sapphire Company,2025-09-08
Alexandrite,Green to Brown,0.37,Mixed Brilliant Oval,Green to Brown,Very Slightly Included,No Enhancement,195000.0,,4.57 x 3.61 x 2.7,Certified by Natural Sapphire Company,2025-09-08
Moonstone,White,15.16,Cabochon Oval,White,Very Slightly Included,No Enhancement,49400.0,,19.81 x 14.21 x 7.38,Certified by Natural Sapphire Company,2025-09-08
Rhodolite Garnet,Purple,2.35,Mixed Brilliant Cushion,Purple,Eye Clean,No Enhancement,152750.0,,8.29 x 6.72 x 4.74,Certified by Natural Sapphire Company,2025-09-08
Rhodolite Garnet,Reddish Purple,1.57,Emerald Cut Emerald Cut,Reddish Purple,Eye Clean,No Enhancement,81575.0,,7.9 x 5.57 x 3.87,Certified by Natural Sapphire Company,2025-09-08
Moonstone,Grey,31.13,Cabochon Oval,Grey,Very Very Slightly Included,No Enhancement,141700.0,,21.14 x 14.47 x 14.27,Certified by Natural Sapphire Company,2025-09-08
Moonstone,Brown,11.26,Cabochon Oval,Brown,Very Very Slightly Included,No Enhancement,36725.0,,13.97 x 11.41 x 9.61,Certified by Natural Sapphire Company,2025-09-08
Zircon,Yellowish Brown,17.62,Emerald Cut Emerald Cut,Yellowish Brown,Eye Clean,Heat Treated,1853800.0,,16.81 x 11.98 x 7.83,Certified by Natural Sapphire Company,2025-09-08
Chrysoberyl,Green,1.94,Cabochon Oval,Green,Very Very Slightly Included,No Enhancement,882700.0,,6.69 x 6.39 x 4.97,Certified by Natural Sapphire Company,2025-09-08
Moonstone,Brown,32.69,Cabochon Oval,Brown,Eye Clean,No Enhancement,148850.0,,19.57 x 15.94 x 13.54,Certified by Natural Sapphire Company,2025-09-08
Moonstone,Peach,25.62,Cabochon Oval,Peach,Eye Clean,No Enhancement,116675.0,,20.78 x 13.59 x 12.02,Certified by Natural Sapphire Company,2025-09-08
Moonstone,Rainbow,2.68,Mixed Brilliant Pear,Rainbow,Very Very Slightly Included,No Enhancement,130650.0,,10.5 x 7.78 x 6.16,Certified by Natural Sapphire Company,2025-09-08
Zircon,Green,2.57,Emerald Cut Emerald Cut,Green,Very Slightly Included,No Enhancement,66950.0,,7.61 x 6.64 x 4.98,Certified by Natural Sapphire Company,2025-09-08
Zircon,Pinkish Brown,1.06,Mixed Brilliant Round,Pinkish Brown,Very Slightly Included,No Enhancement,19175.0,,5.62 x 5.67 x 3.65,Certified by Natural Sapphire Company,2025-09-08
Zircon,Green,0.69,Mixed Brilliant Round,Green,Slightly Included,No Enhancement,6175.0,,5.42 x 5.42 x 3.17,Certified by Natural Sapphire Company,2025-09-08
Beryl,Green,8.62,Radiant Cut Radiant,Green,Very Slightly Included,No Enhancement,168025.0,,13.86 x 10.96 x 8.8,Certified by Natural Sapphire Company,2025-09-08
Zircon,Brown,1.73,Mixed Brilliant Oval,Brown,Eye Clean,No Enhancement,14625.0,,7.64 x 5.96 x 3.96,Certified by Natural Sapphire Company,2025-09-08
Aquamarine,Blue,2.36,Emerald Cut Emerald Cut,Blue,Eye Clean,No Enhancement,199550.0,,8.74 x 7.27 x 5.66,Certified by Natural Sapphire Company,2025-09-08
Zircon,Yellowish Brown,2.09,Mixed Brilliant Pear,Yellowish Brown,Eye Clean,Heat Treated,27300.0,,8.73 x 7.05 x 4.01,Certified by Natural Sapphire Company,2025-09-08
Zircon,Green,3.87,Mixed Brilliant Round,Green,Very Slightly Included,No Enhancement,113100.0,,8.96 x 9.05 x 6.15,Certified by Natural Sapphire Company,2025-09-08
Zircon,Green,2.05,Mixed Brilliant Oval,Green,Very Slightly Included,No Enhancement,97500.0,,8.72 x 7.34 x 4.22,Certified by Natural Sapphire Company,2025-09-08
Moonstone,Rainbow,2.0,Radiant Cut Radiant,Rainbow,Eye Clean,No Enhancement,97500.0,,8.66 x 6.54 x 4.73,Certified by Natural Sapphire Company,2025-09-08
Chrysoberyl,Greenish Yellow,1.66,Mixed Brilliant Heart,Greenish Yellow,Very Slightly Included,No Enhancement,37700.0,,6.75 x 7.09 x 4.91,Certified by Natural Sapphire Company,2025-09-08
Zircon,Blue,1.96,Emerald Cut Emerald Cut,Blue,Very Slightly Included,Heat Treated,127400.0,,8.04 x 4.78 x 3.85,Certified by Natural Sapphire Company,2025-09-08
Zircon,Brownish Yellow,1.46,Mixed Brilliant Round,Brownish Yellow,Very Slightly Included,Heat Treated,38025.0,,6.51 x 6.56 x 4.16,Certified by Natural Sapphire Company,2025-09-08
Zircon,Brownish Yellow,2.95,Mixed Brilliant Oval,Brownish Yellow,Very Slightly Included,Heat Treated,76700.0,,9.64 x 7.57 x 4.41,Certified by Natural Sapphire Company,2025-09-08
Zircon,Brown,2.94,Mixed Brilliant Oval,Brown,Very Slightly Included,No Enhancement,38350.0,,9.21 x 6.77 x 5.09,Certified by Natural Sapphire Company,2025-09-08
Zircon,Brownish Green,1.19,Mixed Brilliant Oval,Brownish Green,Very Slightly Included,Heat Treated,30875.0,,7.98 x 6.31 x 3.17,Certified by Natural Sapphire Company,2025-09-08
Amethyst,Purple,2.04,Emerald Cut Emerald Cut,Purple,Very Slightly Included,Heat Treated,6500.0,,9.27 x 7.11 x 4.35,Certified by Natural Sapphire Company,2025-09-08
Moonstone,Peach,12.79,Cabochon Oval,Peach,Very Very Slightly Included,No Enhancement,58175.0,,14.56 x 13.29 x 9.99,Certified by Natural Sapphire Company,2025-09-08
Alexandrite,Green to Pink,0.49,Mixed Brilliant Cushion,Green to Pink,Eye Clean,No Enhancement,253500.0,,4.93 x 3.47 x 3.03,Certified by Natural Sapphire Company,2025-09-08
Chrysoberyl,Yellowish Green,1.31,Mixed Brilliant Oval,Yellowish Green,Eye Clean,No Enhancement,65000.0,,7.95 x 6.22 x 3.28,Certified by Natural Sapphire Company,2025-09-08
Chrysoberyl,Grey,3.72,Cabochon Oval,Grey,Very Slightly Included,No Enhancement,60450.0,,9.6 x 8.81 x 5.26,Certified by Natural Sapphire Company,2025-09-08
Rhodolite Garnet,Pinkish Purple,0.95,Mixed Brilliant Round,Pinkish Purple,Eye Clean,No Enhancement,37050.0,,6.05 x 6.01 x 3.53,Certified by Natural Sapphire Company,2025-09-08
Rhodolite Garnet,Purplish Pink,0.87,Mixed Brilliant Cushion,Purplish Pink,Eye Clean,No Enhancement,33800.0,,6.72 x 4.66 x 3.21,Certified by Natural Sapphire Company,2025-09-08
Chrysoberyl,Brown,3.62,Cabochon Oval,Brown,Eye Clean,No Enhancement,58825.0,,9.11 x 8.63 x 5.25,Certified by Natural Sapphire Company,2025-09-08
Chrysoberyl,Brownish Yellow,0.71,Cabochon Oval,Brownish Yellow,Eye Clean,No Enhancement,32500.0,,5.46 x 4.48 x 3.05,Certified by Natural Sapphire Company,2025-09-08
Zircon,Orange,2.88,Mixed Brilliant Round,Orange,Very Slightly Included,Heat Treated,74750.0,,8.05 x 8.04 x 5.23,Certified by Natural Sapphire Company,2025-09-08
Moonstone,Peach,11.77,Cabochon Oval,Peach,Very Slightly Included,No Enhancement,38350.0,,14.16 x 12.86 x 9.14,Certified by Natural Sapphire Company,2025-09-08
Chrysoberyl,Greenish Yellow,2.09,Cabochon Round,Greenish Yellow,Eye Clean,No Enhancement,344500.0,,6.62 x 6.57 x 5.07,Certified by Natural Sapphire Company,2025-09-08
Amethyst,Purple,30.38,Mixed Brilliant Cushion,Purple,Eye Clean,No Enhancement,214500.0,,20.83 x 17.36 x 11.71,Certified by Natural Sapphire Company,2025-09-08
Moonstone,Peach,14.18,Cabochon Oval,Peach,Very Very Slightly Included,No Enhancement,64675.0,,20.08 x 15.06 x 7.0,Certified by Natural Sapphire Company,2025-09-08
Chrysoberyl,Yellowish Green,2.93,Mixed Brilliant Heart,Yellowish Green,Eye Clean,No Enhancement,685750.0,,8.02 x 9.8 x 5.51,Certified by Natural Sapphire Company,2025-09-08
Zircon,Yellowish Brown,20.59,Radiant Cut Radiant,Yellowish Brown,Eye Clean,Heat Treated,1733225.0,,17.01 x 12.91 x 8.69,Certified by Natural Sapphire Company,2025-09-08
Almandine Garnet,Red,1.64,Mixed Brilliant Pear,Red,Eye Clean,No Enhancement,53300.0,,9.21 x 5.99 x 4.29,Certified by Natural Sapphire Company,2025-09-08
Aquamarine,Blue,16.87,Fancy Cut Fancy,Blue,Very Very Slightly Included,Heat Treated,1267825.0,,16.92 x 15.76 x 10.75,Certified by Natural Sapphire Company,2025-09-08
Spinel,Blue,1.67,Mixed Brilliant Round,Blue,Very Slightly Included,No Enhancement,108550.0,,7.01 x 7.02 x 4.65,Certified by Natural Sapphire Company,2025-09-08
Moonstone,Peach,16.71,Cabochon Oval,Peach,Very Very Slightly Included,No Enhancement,54275.0,,19.83 x 14.77 x 7.37,Certified by Natural Sapphire Company,2025-09-08
Chrysoberyl,Greenish Yellow,1.23,Cabochon Oval,Greenish Yellow,Eye Clean,No Enhancement,65000.0,,7.0 x 4.72 x 3.64,Certified by Natural Sapphire Company,2025-09-08
Chrysoberyl,Greenish Yellow,1.27,Mixed Brilliant Pear,Greenish Yellow,Very Slightly Included,No Enhancement,28925.0,,8.3 x 5.77 x 3.71,Certified by Natural Sapphire Company,2025-09-08
Zircon,Orange,1.81,Mixed Brilliant Oval,Orange,Very Slightly Included,No Enhancement,15275.0,,8.5 x 6.26 x 3.59,Certified by Natural Sapphire Company,2025-09-08
Beryl,Green,6.97,Mixed Brilliant Oval,Green,Eye Clean,No Enhancement,136175.0,,14.06 x 10.79 x 7.9,Certified by Natural Sapphire Company,2025-09-08
Alexandrite,Green to Pink,0.34,Mixed Brilliant Marquise,Green to Pink,Very Slightly Included,No Enhancement,175500.0,,7.14 x 3.17 x 2.02,Certified by Natural Sapphire Company,2025-09-08
Cobalt Spinel,Purplish Blue,1.76,Mixed Brilliant Cushion,Purplish Blue,Very Slightly Included,No Enhancement,325000.0,,8.17 x 6.24 x 3.85,Certified by Natural Sapphire Company,2025-09-08
Chrysoberyl,Greenish Yellow,1.25,Mixed Brilliant Heart,Greenish Yellow,Very Slightly Included,No Enhancement,20475.0,,6.89 x 6.68 x 3.92,Certified by Natural Sapphire Company,2025-09-08
Zircon,Brownish Yellow,7.92,Mixed Brilliant Oval,Brownish Yellow,Very Slightly Included,Heat Treated,257400.0,,13.04 x 11.06 x 6.01,Certified by Natural Sapphire Company,2025-09-08
Cobalt Spinel,Blue,1.48,Mixed Brilliant Oval,Blue,Very Slightly Included,No Enhancement,195000.0,,7.49 x 6.11 x 4.46,Certified by Natural Sapphire Company,2025-09-08
Chrysoberyl,Greenish Yellow,1.97,Mixed Brilliant Pear,Greenish Yellow,Very Slightly Included,No Enhancement,44850.0,,9.78 x 6.21 x 4.56,Certified by Natural Sapphire Company,2025-09-08
Chrysoberyl,Greenish Yellow,1.96,Mixed Brilliant Oval,Greenish Yellow,Very Slightly Included,No Enhancement,44525.0,,8.42 x 7.09 x 4.37,Certified by Natural Sapphire Company,2025-09-08
Zircon,Green,9.52,Radiant Cut Radiant,Green,Very Slightly Included,Heat Treated,829075.0,,13.8 x 10.11 x 6.13,Certified by Natural Sapphire Company,2025-09-08
Amethyst,Purple,2.18,Trillion Cut Trillion,Purple,Very Slightly Included,Heat Treated,7150.0,,9.07 x 9.37 x 5.67,Certified by Natural Sapphire Company,2025-09-08
Moonstone,Blue Flash,6.55,Cabochon Oval,Blue Flash,Eye Clean,No Enhancement,32500.0,,15.8 x 8.55 x 6.13,Certified by Natural Sapphire Company,2025-09-08
Moonstone,Brown,12.38,Cabochon Oval,Brown,Very Slightly Included,No Enhancement,40300.0,,17.26 x 13.79 x 7.18,Certified by Natural Sapphire Company,2025-09-08
Moonstone,Grey,28.61,Cabochon Round,Grey,Very Very Slightly Included,No Enhancement,130325.0,,21.57 x 21.54 x 7.99,Certified by Natural Sapphire Company,2025-09-08
Moonstone,Grey,35.16,Cabochon Oval,Grey,Very Very Slightly Included,No Enhancement,159900.0,,27.88 x 20.14 x 8.72,Certified by Natural Sapphire Company,2025-09-08
Moonstone,Grey,153.83,Cabochon Oval,Grey,Very Slightly Included,No Enhancement,499850.0,,14.52 x 12.48 x 11.65,Certified by Natural Sapphire Company,2025-09-08
Moonstone,Green,15.39,Cabochon Oval,Green,Very Slightly Included,No Enhancement,29900.0,,16.69 x 14.15 x 8.87,Certified by Natural Sapphire Company,2025-09-08
Garnet,Red,2.5,Checkerboard Round,Red,Very Slightly Included,Heat Treated,40625.0,,8.02 x 8.04 x 5.43,Certified by Natural Sapphire Company,2025-09-08
Garnet,Red,3.35,Checkerboard Oval,Red,Eye Clean,Heat Treated,163475.0,,10.22 x 8.12 x 5.35,Certified by Natural Sapphire Company,2025-09-08
Moonstone,White,6.47,Cabochon Oval,White,Very Very Slightly Included,No Enhancement,21125.0,,16.05 x 9.57 x 5.6,Certified by Natural Sapphire Company,2025-09-08
Alexandrite,Yellowish Green to Reddish Green,1.0,Mixed Brilliant Oval,Yellowish Green to Reddish Green,Very Very Slightly Included,No Enhancement,442000.0,,7.17 x 5.57 x 3.07,Certified by Natural Sapphire Company,2025-09-08
Amethyst,Purple,24.97,Mixed Brilliant Pear,Purple,Eye Clean,No Enhancement,175500.0,,24.63 x 18.1 x 11.63,Certified by Natural Sapphire Company,2025-09-08
Moonstone,White,37.16,Cabochon Oval,White,Very Very Slightly Included,No Enhancement,169000.0,,25.15 x 8.01 x 11.36,Certified by Natural Sapphire Company,2025-09-08
Rubellite Tourmaline,Pinkish Red,1.71,Mixed Brilliant Pear,Pinkish Red,Very Slightly Included,Heat Treated,311350.0,,9.85 x 6.43 x 4.57,Certified by Natural Sapphire Company,2025-09-08
Zircon,Greenish Brown,3.1,Mixed Brilliant Round,Greenish Brown,Very Slightly Included,Heat Treated,151125.0,,9.44 x 9.46 x 5.15,Certified by Natural Sapphire Company,2025-09-08
Cobalt Spinel,Blue,0.82,Mixed Brilliant Round,Blue,Very Very Slightly Included,No Enhancement,266500.0,,5.55 x 5.57 x 3.63,Certified by Natural Sapphire Company,2025-09-08
Chrysoberyl,Green,2.25,Mixed Brilliant Oval,Green,Very Slightly Included,No Enhancement,228150.0,,9.44 x 7.27 x 3.88,Certified by Natural Sapphire Company,2025-09-08
Rhodolite Garnet,Purplish Pink,0.92,Mixed Brilliant Oval,Purplish Pink,Very Slightly Included,No Enhancement,35750.0,,6.51 x 5.37 x 3.41,Certified by Natural Sapphire Company,2025-09-08
Moonstone,White,0.47,Mixed Brilliant Heart,White,Very Slightly Included,No Enhancement,48750.0,,4.79 x 5.35 x 3.61,Certified by Natural Sapphire Company,2025-09-08
Zircon,Purplish Red,3.0,Mixed Brilliant Pear,Purplish Red,Slightly Included,No Enhancement,39000.0,,10.63 x 7.36 x 4.39,Certified by Natural Sapphire Company,2025-09-08
Chrysoberyl,Greenish Yellow,2.5,Mixed Brilliant Marquise,Greenish Yellow,Very Slightly Included,No Enhancement,97500.0,,15.0 x 5.76 x 3.84,Certified by Natural Sapphire Company,2025-09-08
Moonstone,White,5.66,Cabochon Oval,White,Very Very Slightly Included,No Enhancement,18525.0,,11.44 x 9.14 x 7.2,Certified by Natural Sapphire Company,2025-09-08
Garnet,Pinkish Purple,1.12,Radiant Cut Radiant,Pinkish Purple,Very Slightly Included,No Enhancement,19500.0,,6.46 x 4.94 x 3.74,Certified by Natural Sapphire Company,2025-09-08
Rhodolite Garnet,Red,10.11,Mixed Brilliant Oval,Red,Eye Clean,No Enhancement,1519700.0,,15.2 x 11.41 x 6.53,Certified by Natural Sapphire Company,2025-09-08
Chrysoberyl,Greenish Brown,4.13,Emerald Cut Emerald Cut,Greenish Brown,Eye Clean,Heat Treated,590525.0,,11.75 x 8.46 x 4.62,Certified by Natural Sapphire Company,2025-09-08
Garnet,Red,2.25,Radiant Cut Radiant,Red,Eye Clean,No Enhancement,58500.0,,8.57 x 5.51 x 4.8,Certified by Natural Sapphire Company,2025-09-08
Rhodolite Garnet,Pinkish Purple,1.05,Mixed Brilliant Oval,Pinkish Purple,Eye Clean,No Enhancement,54600.0,,7.58 x 5.42 x 3.07,Certified by Natural Sapphire Company,2025-09-08
Tourmaline,Green,5.06,Buff top Fancy,Green,Eye Clean,No Enhancement,164450.0,,13.14 x 11.47 x 5.76,Certified by Natural Sapphire Company,2025-09-08
Moonstone,White,5.66,Cabochon Round,White,Very Slightly Included,No Enhancement,48750.0,,10.89 x 11.02 x 6.64,Certified by Natural Sapphire Company,2025-09-08
Moonstone,Orange,11.43,Cabochon Oval,Orange,Eye Clean,No Enhancement,52000.0,,16.11 x 12.01 x 7.94,Certified by Natural Sapphire Company,2025-09-08
Alexandrite,Green to Brown,0.56,Mixed Brilliant Oval,Green to Brown,Very Very Slightly Included,No Enhancement,227500.0,,5.59 x 3.88 x 2.91,Certified by Natural Sapphire Company,2025-09-08
Moonstone,Grey,12.7,Cabochon Oval,Grey,Eye Clean,No Enhancement,41275.0,,15.14 x 11.55 x 9.87,Certified by Natural Sapphire Company,2025-09-08
Cobalt Spinel,Blue,2.94,Mixed Brilliant Round,Blue,Slightly Included,Heat Treated,1237275.0,,8.33 x 8.33 x 6.23,Certified by Natural Sapphire Company,2025-09-08
Moonstone,Brown,30.54,Cabochon Oval,Brown,Eye Clean,No Enhancement,139100.0,,27.0 x 16.87 x 9.3,Certified by Natural Sapphire Company,2025-09-08
Moonstone,Blue Flash,3.48,Cabochon Round,Blue Flash,Very Slightly Included,No Enhancement,83850.0,,9.69 x 9.68 x 5.25,Certified by Natural Sapphire Company,2025-09-08
Alexandrite,Green to Brown,2.5,Mixed Brilliant Oval,Green to Brown,Eye Clean,No Enhancement,2254850.0,,8.84 x 7.66 x 5.1,Certified by Natural Sapphire Company,2025-09-08
Moonstone,Peach,27.52,Cabochon Oval,Peach,Very Very Slightly Included,No Enhancement,125125.0,,20.18 x 16.36 x 11.24,Certified by Natural Sapphire Company,2025-09-08
Chrysoberyl,Yellowish Brown,1.45,Radiant Cut Radiant,Yellowish Brown,Eye Clean,No Enhancement,65000.0,,7.25 x 4.92 x 4.66,Certified by Natural Sapphire Company,2025-09-08
Zircon,Yellow,1.89,Mixed Brilliant Cushion,Yellow,Very Slightly Included,Heat Treated,15925.0,,8.57 x 6.1 x 3.11,Certified by Natural Sapphire Company,2025-09-08
Peridot,Green,1.0,Mixed Brilliant Round,Green,Eye Clean,No Enhancement,9750.0,,6.26 x 6.09 x 4.0,Certified by Natural Sapphire Company,2025-09-08
Alexandrite,Green to Brown,5.57,Mixed Brilliant Oval,Green to Brown,Eye Clean,No Enhancement,21994700.0,,11.88 x 10.11 x 5.55,Certified by Natural Sapphire Company,2025-09-08
Rhodolite Garnet,Purple,1.1,Mixed Brilliant Oval,Purple,Very Slightly Included,No Enhancement,57200.0,,6.65 x 5.46 x 3.8,Certified by Natural Sapphire Company,2025-09-08
Alexandrite,Bluish Green to Reddish Purple,1.68,Cabochon Round,Bluish Green to Reddish Purple,Very Very Slightly Included,No Enhancement,1616225.0,,6.66 x 6.4 x 4.2,Certified by Natural Sapphire Company,2025-09-08
Rhodolite Garnet,Purplish Pink,1.41,Mixed Brilliant Oval,Purplish Pink,Eye Clean,No Enhancement,73450.0,,7.4 x 5.73 x 3.98,Certified by Natural Sapphire Company,2025-09-08
Chrysoberyl,Greenish Yellow,1.15,Mixed Brilliant Round,Greenish Yellow,Very Slightly Included,No Enhancement,18850.0,,6.58 x 6.6 x 3.61,Certified by Natural Sapphire Company,2025-09-08
Alexandrite,Green to Pink,0.29,Mixed Brilliant Oval,Green to Pink,Very Slightly Included,No Enhancement,130000.0,,4.52 x 3.38 x 2.55,Certified by Natural Sapphire Company,2025-09-08
Zircon,Orange,2.38,Mixed Brilliant Pear,Orange,Very Slightly Included,No Enhancement,54275.0,,9.77 x 6.81 x 4.59,Certified by Natural Sapphire Company,2025-09-08
Zircon,White,0.88,Mixed Brilliant Round,White,Eye Clean,No Enhancement,39975.0,,5.58 x 5.48 x 3.42,Certified by Natural Sapphire Company,2025-09-08
Chrysoberyl,Greenish Yellow,0.61,Cabochon Round,Greenish Yellow,Eye Clean,No Enhancement,32500.0,,5.07 x 5.06 x 2.53,Certified by Natural Sapphire Company,2025-09-08
Alexandrite,Green to Pink,0.11,Mixed Brilliant Round,Green to Pink,Very Very Slightly Included,No Enhancement,65000.0,,3.05 x 3.05 x 1.97,Certified by Natural Sapphire Company,2025-09-08
Chrysoberyl,Yellowish Green,1.5,Mixed Brilliant Oval,Yellowish Green,Eye Clean,No Enhancement,65325.0,,8.07 x 6.15 x 3.84,Certified by Natural Sapphire Company,2025-09-08
Moonstone,Blue Flash,5.03,Cabochon Oval,Blue Flash,Eye Clean,No Enhancement,26000.0,,18.47 x 6.62 x 5.48,Certified by Natural Sapphire Company,2025-09-08
Chrysoberyl,Yellow,1.68,Radiant Cut Radiant,Yellow,Very Slightly Included,No Enhancement,45825.0,,7.69 x 6.08 x 4.27,Certified by Natural Sapphire Company,2025-09-08
Alexandrite,Yellowish Green to Reddish Brown,4.05,Mixed Brilliant Cushion,Yellowish Green to Reddish Brown,Very Slightly Included,No Enhancement,6515600.0,,9.36 x 8.01 x 6.07,Certified by Natural Sapphire Company,2025-09-08
Spinel,Purple,2.39,Mixed Brilliant Round,Purple,Very Slightly Included,No Enhancement,155350.0,,8.35 x 8.36 x 5.09,Certified by Natural Sapphire Company,2025-09-08
Cobalt Spinel,Greenish Blue,4.98,Mixed Brilliant Round,Greenish Blue,Very Slightly Included,No Enhancement,647400.0,,11.0 x 11.07 x 5.74,Certified by Natural Sapphire Company,2025-09-08
Cobalt Spinel,Blue,12.57,Mixed Brilliant Cushion,Blue,Very Slightly Included,No Enhancement,8425950.0,,15.23 x 12.54 x 7.81,Certified by Natural Sapphire Company,2025-09-08
Amethyst,Purple,29.51,Mixed Brilliant Round,Purple,Eye Clean,No Enhancement,208000.0,,21.94 x 21.91 x 12.15,Certified by Natural Sapphire Company,2025-09-08
Spessartite Garnet,Orange,25.22,Mixed Brilliant Pear,Orange,Eye Clean,Heat Treated,4876950.0,,20.1 x 15.25 x 10.74,Certified by Natural Sapphire Company,2025-09-08
Chrysoberyl,Greenish Yellow,2.78,Radiant Cut Radiant,Greenish Yellow,Very Slightly Included,No Enhancement,108550.0,,8.25 x 6.7 x 5.75,Certified by Natural Sapphire Company,2025-09-08
Garnet,Brown,1.52,Mixed Brilliant Oval,Brown,Very Slightly Included,Heat Treated,29575.0,,8.88 x 6.97 x 4.23,Certified by Natural Sapphire Company,2025-09-08
Spinel,Greenish Blue,1.55,Mixed Brilliant Round,Greenish Blue,Very Slightly Included,No Enhancement,50375.0,,6.86 x 6.84 x 4.81,Certified by Natural Sapphire Company,2025-09-08
Cobalt Spinel,Blue,11.29,Mixed Brilliant Cushion,Blue,Eye Clean,No Enhancement,7567950.0,,15.44 x 12.13 x 7.19,Certified by Natural Sapphire Company,2025-09-08
Chrysoberyl,Greenish Yellow,1.81,Radiant Cut Radiant,Greenish Yellow,Eye Clean,No Enhancement,41275.0,,8.55 x 5.99 x 4.08,Certified by Natural Sapphire Company,2025-09-08
Rhodolite Garnet,Purplish Pink,1.13,Emerald Cut Emerald Cut,Purplish Pink,Eye Clean,No Enhancement,58825.0,,7.64 x 5.31 x 3.06,Certified by Natural Sapphire Company,2025-09-08
Rhodolite Garnet,Red,1.87,Emerald Cut Emerald Cut,Red,Very Slightly Included,No Enhancement,97175.0,,9.51 x 5.75 x 3.55,Certified by Natural Sapphire Company,2025-09-08
Chrysoberyl,Greenish Yellow,1.25,Mixed Brilliant Round,Greenish Yellow,Very Slightly Included,No Enhancement,20475.0,,6.39 x 6.41 x 4.16,Certified by Natural Sapphire Company,2025-09-08
Zircon,Brownish Yellow,2.3,Mixed Brilliant Oval,Brownish Yellow,Very Slightly Included,Heat Treated,59800.0,,9.51 x 7.59 x 4.94,Certified by Natural Sapphire Company,2025-09-08
Chrysoberyl,Greenish Yellow,5.89,Mixed Brilliant Oval,Greenish Yellow,Very Slightly Included,Heat Treated,1416675.0,,12.1 x 8.57 x 6.92,Certified by Natural Sapphire Company,2025-09-08
Alexandrite,Green to Purple,0.75,Mixed Brilliant Marquise,Green to Purple,Very Slightly Included,No Enhancement,780000.0,,7.64 x 4.1 x 3.21,Certified by Natural Sapphire Company,2025-09-08
Alexandrite,Green to Brown,0.44,Mixed Brilliant Pear,Green to Brown,Eye Clean,No Enhancement,227500.0,,5.5 x 3.62 x 2.97,Certified by Natural Sapphire Company,2025-09-08
Alexandrite,Yellowish Green to Purplish Brown,1.56,Cabochon Round,Yellowish Green to Purplish Brown,Slightly Included,No Enhancement,811200.0,,6.18 x 6.01 x 4.05,Certified by Natural Sapphire Company,2025-09-08
Amethyst,Purple,0.91,Mixed Brilliant Pear,Purple,Eye Clean,No Enhancement,8775.0,,8.02 x 6.04 x 3.86,Certified by Natural Sapphire Company,2025-09-08
Moonstone,Peach,9.97,Cabochon Marquise,Peach,Eye Clean,No Enhancement,32500.0,,20.82 x 10.78 x 6.73,Certified by Natural Sapphire Company,2025-09-08
Zircon,Brown,1.87,Mixed Brilliant Pear,Brown,Very Slightly Included,No Enhancement,15925.0,,8.17 x 6.86 x 4.25,Certified by Natural Sapphire Company,2025-09-08
Alexandrite,Green to Purplish Red,1.32,Cabochon Oval,Green to Purplish Red,Very Slightly Included,No Enhancement,686400.0,,6.48 x 6.05 x 3.33,Certified by Natural Sapphire Company,2025-09-08
Amethyst,Purple,1.14,Mixed Brilliant Oval,Purple,Eye Clean,No Enhancement,11375.0,,8.12 x 6.1 x 4.11,Certified by Natural Sapphire Company,2025-09-08
Spinel,Purplish Pink,1.75,Mixed Brilliant Oval,Purplish Pink,Eye Clean,No Enhancement,170625.0,,7.99 x 6.15 x 4.62,Certified by Natural Sapphire Company,2025-09-08
Amethyst,Purple,2.82,Mixed Brilliant Round,Purple,Very Slightly Included,Heat Treated,12675.0,,9.92 x 9.96 x 5.26,Certified by Natural Sapphire Company,2025-09-08
Garnet,Orange,2.46,Checkerboard Round,Orange,Very Slightly Included,No Enhancement,239850.0,,9.36 x 9.29 x 4.71,Certified by Natural Sapphire Company,2025-09-08
Alexandrite,Yellowish Green to Brownish Orange,0.51,Mixed Brilliant Oval,Yellowish Green to Brownish Orange,Very Very Slightly Included,No Enhancement,325000.0,,4.93 x 4.11 x 3.31,Certified by Natural Sapphire Company,2025-09-08
Amethyst,Purple,0.99,Mixed Brilliant Round,Purple,Eye Clean,No Enhancement,9750.0,,6.64 x 6.56 x 4.45,Certified by Natural Sapphire Company,2025-09-08
Spinel,Blue,1.87,Asscher Asscher - Octagon,Blue,Very Slightly Included,No Enhancement,121550.0,,7.09 x 7.05 x 4.39,Certified by Natural Sapphire Company,2025-09-08
Alexandrite,Green to Brown,0.47,Mixed Brilliant Cushion,Green to Brown,Very Very Slightly Included,No Enhancement,240500.0,,4.46 x 3.89 x 3.48,Certified by Natural Sapphire Company,2025-09-08
Alexandrite,Green to Pink,0.41,Mixed Brilliant Pear,Green to Pink,Very Very Slightly Included,No Enhancement,214500.0,,5.29 x 3.79 x 2.8,Certified by Natural Sapphire Company,2025-09-08
Garnet,Purplish Red,1.58,Mixed Brilliant Oval,Purplish Red,Eye Clean,No Enhancement,23075.0,,8.09 x 6.09 x 4.14,Certified by Natural Sapphire Company,2025-09-08
Alexandrite,Green to Purplish Red,2.05,Cabochon Oval,Green to Purplish Red,Very Very Slightly Included,No Enhancement,932750.0,,7.62 x 6.87 x 4.14,Certified by Natural Sapphire Company,2025-09-08
Garnet,Purplish Red,1.21,Mixed Brilliant Pear,Purplish Red,Eye Clean,No Enhancement,11700.0,,8.01 x 6.02 x 3.52,Certified by Natural Sapphire Company,2025-09-08
Topaz,Blue,3.35,Mixed Brilliant Marquise,Blue,Very Slightly Included,Irradiation,13000.0,,14.69 x 7.01 x 4.68,Certified by Natural Sapphire Company,2025-09-08
Moonstone,Grey,26.74,Cabochon Oval,Grey,Very Slightly Included,No Enhancement,121550.0,,20.02 x 13.07 x 13.8,Certified by Natural Sapphire Company,2025-09-08
Spinel,Purple,0.9,Mixed Brilliant Round,Purple,Very Very Slightly Included,No Enhancement,102375.0,,5.71 x 5.71 x 4.1,Certified by Natural Sapphire Company,2025-09-08
Spinel,Purplish Blue,0.7,Mixed Brilliant Round,Purplish Blue,Very Slightly Included,No Enhancement,9425.0,,5.12 x 5.15 x 3.65,Certified by Natural Sapphire Company,2025-09-08
Moonstone,Grey,17.05,Cabochon Oval,Grey,Very Very Slightly Included,No Enhancement,77675.0,,20.5 x 16.41 x 7.71,Certified by Natural Sapphire Company,2025-09-08
Rhodolite Garnet,Purplish Red,1.35,Mixed Brilliant Oval,Purplish Red,Eye Clean,No Enhancement,70200.0,,8.36 x 6.22 x 3.25,Certified by Natural Sapphire Company,2025-09-08
Alexandrite,Green to Pink,0.36,Mixed Brilliant Marquise,Green to Pink,Very Slightly Included,No Enhancement,188500.0,,6.78 x 3.2 x 2.49,Certified by Natural Sapphire Company,2025-09-08
Spinel,Violet,1.28,Mixed Brilliant Oval,Violet,Very Very Slightly Included,No Enhancement,58500.0,,7.37 x 5.47 x 4.41,Certified by Natural Sapphire Company,2025-09-08
Spinel,Purple,1.06,Emerald Cut Emerald Cut,Purple,Very Slightly Included,No Enhancement,34450.0,,7.27 x 4.96 x 3.42,Certified by Natural Sapphire Company,2025-09-08
Spinel,Purple,1.06,Emerald Cut Emerald Cut,Purple,Very Slightly Included,No Enhancement,17225.0,,6.91 x 5.06 x 3.84,Certified by Natural Sapphire Company,2025-09-08
Garnet,Purplish Red,4.5,Mixed Brilliant Cushion,Purplish Red,Eye Clean,No Enhancement,234000.0,,10.08 x 8.68 x 5.91,Certified by Natural Sapphire Company,2025-09-08
Spinel,Purple,0.53,Mixed Brilliant Oval,Purple,Very Very Slightly Included,No Enhancement,6500.0,,5.5 x 4.14 x 3.1,Certified by Natural Sapphire Company,2025-09-08
Spinel,Purplish Pink,0.95,Mixed Brilliant Cushion,Purplish Pink,Very Very Slightly Included,No Enhancement,74100.0,,5.91 x 5.69 x 3.57,Certified by Natural Sapphire Company,2025-09-08
Moonstone,Brown,11.54,Cabochon Oval,Brown,Very Slightly Included,No Enhancement,37375.0,,15.37 x 12.3 x 8.17,Certified by Natural Sapphire Company,2025-09-08
Spinel,Pink,0.74,Emerald Cut Emerald Cut,Pink,Very Slightly Included,No Enhancement,12025.0,,6.3 x 4.46 x 3.04,Certified by Natural Sapphire Company,2025-09-08
Spinel,Violet,1.16,Mixed Brilliant Cushion,Violet,Eye Clean,No Enhancement,52650.0,,7.17 x 5.25 x 3.62,Certified by Natural Sapphire Company,2025-09-08
Spinel,Purplish Blue,0.83,Emerald Cut Emerald Cut,Purplish Blue,Very Slightly Included,No Enhancement,16250.0,,6.44 x 4.6 x 3.27,Certified by Natural Sapphire Company,2025-09-08
Spinel,Purple,4.94,Emerald Cut Emerald Cut,Purple,Eye Clean,Heat Treated,2079025.0,,12.13 x 8.97 x 5.87,Certified by Natural Sapphire Company,2025-09-08
Chrysoberyl,Brown,7.03,Emerald Cut Emerald Cut,Brown,Eye Clean,Heat Treated,913900.0,,12.81 x 8.99 x 7.34,Certified by Natural Sapphire Company,2025-09-08
Alexandrite,Green to Brown,0.83,Mixed Brilliant Cushion,Green to Brown,Very Very Slightly Included,No Enhancement,455000.0,,5.21 x 4.55 x 3.95,Certified by Natural Sapphire Company,2025-09-08
Spinel,Pink,2.56,Emerald Cut Emerald Cut,Pink,Eye Clean,Heat Treated,1308450.0,,8.8 x 7.09 x 4.41,Certified by Natural Sapphire Company,2025-09-08
Spinel,Blue,0.69,Mixed Brilliant Oval,Blue,Very Very Slightly Included,No Enhancement,13000.0,,5.78 x 4.94 x 3.31,Certified by Natural Sapphire Company,2025-09-08
Spinel,Blue,0.33,Mixed Brilliant Oval,Blue,Very Very Slightly Included,No Enhancement,6500.0,,4.51 x 3.61 x 2.67,Certified by Natural Sapphire Company,2025-09-08
Chrysoberyl,Green,6.64,Emerald Cut Emerald Cut,Green,Eye Clean,Heat Treated,3118375.0,,12.47 x 9.31 x 6.25,Certified by Natural Sapphire Company,2025-09-08
Spinel,Pinkish Purple,2.53,Emerald Cut Emerald Cut,Pinkish Purple,Eye Clean,Heat Treated,1151150.0,,8.34 x 7.3 x 4.66,Certified by Natural Sapphire Company,2025-09-08
Amethyst,Purple,2.49,Checkerboard Oval,Purple,Very Slightly Included,Heat Treated,8125.0,,10.11 x 7.7 x 6.07,Certified by Natural Sapphire Company,2025-09-08
Spinel,Blue,0.84,Mixed Brilliant Oval,Blue,Very Slightly Included,No Enhancement,13000.0,,6.12 x 4.84 x 3.73,Certified by Natural Sapphire Company,2025-09-08
Spinel,Purple,1.02,Mixed Brilliant Cushion,Purple,Eye Clean,No Enhancement,116025.0,,6.15 x 6.12 x 3.58,Certified by Natural Sapphire Company,2025-09-08
Garnet,Red,4.21,Radiant Cut Radiant,Red,Eye Clean,No Enhancement,136825.0,,9.93 x 7.17 x 6.19,Certified by Natural Sapphire Company,2025-09-08
Chrysoberyl,Green,6.4,Cabochon Oval,Green,Eye Clean,No Enhancement,2693600.0,,9.12 x 8.47 x 8.28,Certified by Natural Sapphire Company,2025-09-08
Spinel,Blue,2.1,Emerald Cut Emerald Cut,Blue,Very Slightly Included,No Enhancement,204750.0,,8.86 x 5.95 x 4.2,Certified by Natural Sapphire Company,2025-09-08
Moonstone,Orange,14.4,Cabochon Oval,Orange,Very Very Slightly Included,No Enhancement,46800.0,,17.06 x 13.34 x 8.78,Certified by Natural Sapphire Company,2025-09-08
Spinel,Blue,0.51,Mixed Brilliant Round,Blue,Very Very Slightly Included,No Enhancement,13000.0,,4.69 x 4.68 x 3.41,Certified by Natural Sapphire Company,2025-09-08
Spinel,Greenish Blue,1.16,Mixed Brilliant Cushion,Greenish Blue,Very Very Slightly Included,No Enhancement,65000.0,,6.95 x 5.6 x 3.45,Certified by Natural Sapphire Company,2025-09-08
Citrine,Yellowish Brown,188.13,Mixed Brilliant Cushion,Yellowish Brown,Eye Clean,No Enhancement,611325.0,,41.84 x 31.37 x 25.97,Certified by Natural Sapphire Company,2025-09-08
Moonstone,Orange,13.09,Cabochon Oval,Orange,Very Slightly Included,No Enhancement,59475.0,,16.21 x 12.07 x 8.59,Certified by Natural Sapphire Company,2025-09-08
Spinel,Violet,1.04,Mixed Brilliant Oval,Violet,Slightly Included,No Enhancement,101400.0,,6.98 x 5.24 x 3.84,Certified by Natural Sapphire Company,2025-09-08
Garnet,Red,3.76,Mixed Brilliant Cushion,Red,Eye Clean,No Enhancement,195650.0,,9.83 x 7.24 x 5.74,Certified by Natural Sapphire Company,2025-09-08
Spinel,Pinkish Purple,1.17,Mixed Brilliant Cushion,Pinkish Purple,Eye Clean,No Enhancement,114075.0,,7.28 x 5.32 x 3.66,Certified by Natural Sapphire Company,2025-09-08
Spinel,Blue,0.97,Mixed Brilliant Oval,Blue,Very Very Slightly Included,No Enhancement,94575.0,,6.19 x 4.99 x 4.71,Certified by Natural Sapphire Company,2025-09-08
Chrysoberyl,Green,8.24,Cabochon Oval,Green,Not Applicable,No Enhancement,5463250.0,,11.68 x 8.67 x 8.23,Certified by Natural Sapphire Company,2025-09-08
Spinel,Blue,1.91,Mixed Brilliant Oval,Blue,Very Slightly Included,No Enhancement,62400.0,,8.54 x 6.74 x 4.79,Certified by Natural Sapphire Company,2025-09-08
Spinel,Pinkish Purple,1.12,Mixed Brilliant Oval,Pinkish Purple,Very Slightly Included,No Enhancement,227825.0,,6.85 x 5.73 x 4.48,Certified by Natural Sapphire Company,2025-09-08
Spinel,Pink,1.3,Mixed Brilliant Cushion,Pink,Eye Clean,No Enhancement,152100.0,,6.71 x 5.29 x 4.48,Certified by Natural Sapphire Company,2025-09-08
Garnet,Red,3.46,Mixed Brilliant Oval,Red,Eye Clean,No Enhancement,78650.0,,9.87 x 8.09 x 4.65,Certified by Natural Sapphire Company,2025-09-08
Garnet,Purplish Red,1.38,Mixed Brilliant Oval,Purplish Red,Very Slightly Included,No Enhancement,9100.0,,7.66 x 6.09 x 3.76,Certified by Natural Sapphire Company,2025-09-08
Spinel,Blue,1.03,Mixed Brilliant Round,Blue,Very Very Slightly Included,No Enhancement,100425.0,,6.53 x 6.54 x 3.73,Certified by Natural Sapphire Company,2025-09-08
Spinel,Brown,0.89,Mixed Brilliant Oval,Brown,Very Very Slightly Included,No Enhancement,86775.0,,7.04 x 5.09 x 2.76,Certified by Natural Sapphire Company,2025-09-08
Garnet,Red,0.79,Mixed Brilliant Oval,Red,Very Very Slightly Included,No Enhancement,20800.0,,7.14 x 5.1 x 2.79,Certified by Natural Sapphire Company,2025-09-08
Spinel,Blue,0.79,Mixed Brilliant Oval,Blue,Eye Clean,No Enhancement,77025.0,,6.13 x 5.05 x 3.53,Certified by Natural Sapphire Company,2025-09-08
Spinel,Pinkish Purple,0.82,Mixed Brilliant Oval,Pinkish Purple,Very Very Slightly Included,No Enhancement,15925.0,,6.08 x 4.85 x 3.66,Certified by Natural Sapphire Company,2025-09-08
Spinel,Blue,0.99,Mixed Brilliant Cushion,Blue,Eye Clean,No Enhancement,77350.0,,6.45 x 5.63 x 3.64,Certified by Natural Sapphire Company,2025-09-08
Topaz,Blue,0.64,Emerald Cut Emerald Cut,Blue,Very Very Slightly Included,Irradiation,6175.0,,6.0 x 4.01 x 2.87,Certified by Natural Sapphire Company,2025-09-08
Moonstone,Brown,14.89,Cabochon Oval,Brown,Very Very Slightly Included,No Enhancement,67600.0,,19.35 x 15.7 x 6.76,Certified by Natural Sapphire Company,2025-09-08
Spinel,Pinkish Purple,1.05,Mixed Brilliant Round,Pinkish Purple,Very Very Slightly Included,No Enhancement,136500.0,,5.99 x 6.04 x 4.39,Certified by Natural Sapphire Company,2025-09-08
Spinel,Pinkish Purple,0.91,Mixed Brilliant Cushion,Pinkish Purple,Very Very Slightly Included,No Enhancement,70850.0,,6.31 x 6.02 x 3.14,Certified by Natural Sapphire Company,2025-09-08
Garnet,Red,2.71,Checkerboard Cushion,Red,Very Slightly Included,Heat Treated,79300.0,,8.94 x 7.01 x 5.0,Certified by Natural Sapphire Company,2025-09-08
Spinel,Purple,1.27,Mixed Brilliant Cushion,Purple,Eye Clean,No Enhancement,82550.0,,7.03 x 6.05 x 3.89,Certified by Natural Sapphire Company,2025-09-08
Spinel,Violet,1.25,Mixed Brilliant Oval,Violet,Very Very Slightly Included,No Enhancement,142350.0,,7.16 x 5.47 x 4.22,Certified by Natural Sapphire Company,2025-09-08
Tourmaline,Yellowish Brown,0.69,Princess Cut Princess,Yellowish Brown,Eye Clean,No Enhancement,67275.0,,5.11 x 5.08 x 3.72,Certified by Natural Sapphire Company,2025-09-08
Garnet,Red,1.7,Mixed Brilliant Round,Red,Eye Clean,No Enhancement,11050.0,,7.01 x 6.98 x 4.09,Certified by Natural Sapphire Company,2025-09-08
Garnet,Red,0.88,Mixed Brilliant Oval,Red,Eye Clean,No Enhancement,22750.0,,7.14 x 5.15 x 3.16,Certified by Natural Sapphire Company,2025-09-08
Tourmaline,Yellowish Brown,2.93,Mixed Brilliant Cushion,Yellowish Brown,Very Slightly Included,No Enhancement,133250.0,,8.96 x 7.26 x 5.89,Certified by Natural Sapphire Company,2025-09-08
Chrysoberyl,Yellowish Green,2.0,Emerald Cut Emerald Cut,Yellowish Green,Eye Clean,No Enhancement,552500.0,,7.87 x 6.46 x 4.25,Certified by Natural Sapphire Company,2025-09-08
Topaz,Blue,0.6,Emerald Cut Emerald Cut,Blue,Very Slightly Included,Irradiation,5850.0,,5.91 x 4.08 x 2.68,Certified by Natural Sapphire Company,2025-09-08
Spinel,Greyish Blue,0.94,Mixed Brilliant Round,Greyish Blue,Very Slightly Included,No Enhancement,91650.0,,5.52 x 5.57 x 4.49,Certified by Natural Sapphire Company,2025-09-08
Topaz,Blue,0.71,Emerald Cut Emerald Cut,Blue,Very Slightly Included,Irradiation,6825.0,,6.09 x 4.04 x 2.96,Certified by Natural Sapphire Company,2025-09-08
Tourmaline,Green,0.65,Princess Cut Princess,Green,Very Very Slightly Included,No Enhancement,42250.0,,5.05 x 5.01 x 3.58,Certified by Natural Sapphire Company,2025-09-08
Garnet,Red,4.76,Emerald Cut Emerald Cut,Red,Very Very Slightly Included,No Enhancement,232050.0,,11.64 x 8.26 x 5.14,Certified by Natural Sapphire Company,2025-09-08
Garnet,Purple,0.83,Mixed Brilliant Radiant,Purple,Very Slightly Included,Heat Treated,178425.0,,6.56 x 4.53 x 2.62,Certified by Natural Sapphire Company,2025-09-08
Tourmaline,Green,0.61,Princess Cut Princess,Green,Eye Clean,No Enhancement,39650.0,,5.04 x 5.02 x 3.52,Certified by Natural Sapphire Company,2025-09-08
Garnet,Red,0.85,Mixed Brilliant Oval,Red,Eye Clean,No Enhancement,22100.0,,7.01 x 5.07 x 3.3,Certified by Natural Sapphire Company,2025-09-08
Spinel,Blue,1.37,Mixed Brilliant Oval,Blue,Eye Clean,No Enhancement,133575.0,,7.08 x 6.1 x 4.4,Certified by Natural Sapphire Company,2025-09-08
Spinel,Purplish Pink,0.86,Mixed Brilliant Oval,Purplish Pink,Very Very Slightly Included,No Enhancement,66950.0,,6.52 x 5.32 x 3.6,Certified by Natural Sapphire Company,2025-09-08
Smokey Quartz,Greyish Brown,92.93,Mixed Brilliant Cushion,Greyish Brown,Eye Clean,No Enhancement,151125.0,,27.93 x 27.92 x 22.05,Certified by Natural Sapphire Company,2025-09-08
Spinel,Blue,0.48,Mixed Brilliant Oval,Blue,Very Very Slightly Included,No Enhancement,6500.0,,4.95 x 4.16 x 3.07,Certified by Natural Sapphire Company,2025-09-08
Tourmaline,Pinkish Brown,0.56,Mixed Brilliant Round,Pinkish Brown,Eye Clean,No Enhancement,25350.0,,5.04 x 5.02 x 3.66,Certified by Natural Sapphire Company,2025-09-08
Spinel,Greyish Blue,1.03,Mixed Brilliant Cushion,Greyish Blue,Eye Clean,No Enhancement,80275.0,,6.9 x 5.15 x 3.59,Certified by Natural Sapphire Company,2025-09-08
Spinel,Purplish Blue,0.48,Mixed Brilliant Oval,Purplish Blue,Very Very Slightly Included,No Enhancement,13000.0,,4.93 x 4.18 x 3.2,Certified by Natural Sapphire Company,2025-09-08
Spinel,Pinkish Purple,0.81,Mixed Brilliant Cushion,Pinkish Purple,Very Slightly Included,No Enhancement,78975.0,,5.81 x 5.58 x 3.27,Certified by Natural Sapphire Company,2025-09-08
Zircon,Red,1.81,Mixed Brilliant Pear,Red,Slightly Included,No Enhancement,9425.0,,9.05 x 5.54 x 4.93,Certified by Natural Sapphire Company,2025-09-08
Moonstone,Peach,13.44,Cabochon Round,Peach,Very Very Slightly Included,No Enhancement,61100.0,,15.21 x 15.06 x 7.9,Certified by Natural Sapphire Company,2025-09-08
Spinel,Purple,0.34,Mixed Brilliant Round,Purple,Eye Clean,No Enhancement,6500.0,,4.04 x 4.01 x 2.84,Certified by Natural Sapphire Company,2025-09-08
Moonstone,Brown,6.07,Cabochon Oval,Brown,Very Very Slightly Included,No Enhancement,19825.0,,13.41 x 11.11 x 6.02,Certified by Natural Sapphire Company,2025-09-08
Topaz,Blue,0.67,Emerald Cut Emerald Cut,Blue,Very Very Slightly Included,No Enhancement,8775.0,,6.07 x 4.08 x 2.89,Certified by Natural Sapphire Company,2025-09-08
Spinel,Blue,0.91,Mixed Brilliant Pear,Blue,Eye Clean,No Enhancement,70850.0,,7.87 x 5.07 x 3.03,Certified by Natural Sapphire Company,2025-09-08
Chrysoberyl,Green,2.68,Cabochon Round,Green,Very Very Slightly Included,No Enhancement,454350.0,,7.54 x 7.38 x 4.99,Certified by Natural Sapphire Company,2025-09-08
Spinel,Blue,1.98,Emerald Cut Emerald Cut,Blue,Very Slightly Included,No Enhancement,193050.0,,8.26 x 5.88 x 4.33,Certified by Natural Sapphire Company,2025-09-08
Spinel,Pink,1.02,Mixed Brilliant Round,Pink,Eye Clean,No Enhancement,46150.0,,6.37 x 6.38 x 4.13,Certified by Natural Sapphire Company,2025-09-08
Chrysoberyl,Greenish Yellow,4.03,Cabochon Oval,Greenish Yellow,Very Very Slightly Included,No Enhancement,1938300.0,,9.53 x 7.12 x 5.71,Certified by Natural Sapphire Company,2025-09-08
Garnet,Red,0.91,Mixed Brilliant Oval,Red,Eye Clean,No Enhancement,23400.0,,7.13 x 5.16 x 3.26,Certified by Natural Sapphire Company,2025-09-08
Kornerupine,Green,3.11,Cabochon Oval,Green,Eye Clean,No Enhancement,808600.0,,9.43 x 7.41 x 4.95,Certified by Natural Sapphire Company,2025-09-08
Chrysoberyl,Greenish Yellow,4.55,Cabochon Oval,Greenish Yellow,Very Very Slightly Included,No Enhancement,3016650.0,,9.16 x 7.1 x 6.48,Certified by Natural Sapphire Company,2025-09-08
Spinel,Pinkish Purple,1.5,Mixed Brilliant Round,Pinkish Purple,Very Slightly Included,No Enhancement,170625.0,,6.93 x 6.99 x 4.48,Certified by Natural Sapphire Company,2025-09-08
Garnet,Red,0.76,Mixed Brilliant Oval,Red,Eye Clean,No Enhancement,19500.0,,6.97 x 4.96 x 3.01,Certified by Natural Sapphire Company,2025-09-08
Garnet,Orangish Red,4.13,Emerald Cut Emerald Cut,Orangish Red,Very Very Slightly Included,No Enhancement,671125.0,,11.22 x 7.99 x 4.79,Certified by Natural Sapphire Company,2025-09-08
Moonstone,Peach,10.06,Cabochon Oval,Peach,Eye Clean,No Enhancement,32825.0,,15.81 x 13.83 x 6.62,Certified by Natural Sapphire Company,2025-09-08
Spinel,Purple,2.05,Radiant Cut Radiant,Purple,Very Very Slightly Included,Heat Treated,733200.0,,7.36 x 6.26 x 5.22,Certified by Natural Sapphire Company,2025-09-08
Spinel,Purple,1.24,Mixed Brilliant Cushion,Purple,Very Very Slightly Included,No Enhancement,161200.0,,6.96 x 5.16 x 4.18,Certified by Natural Sapphire Company,2025-09-08
Garnet,Red,0.9,Mixed Brilliant Oval,Red,Eye Clean,No Enhancement,23400.0,,7.14 x 5.16 x 3.27,Certified by Natural Sapphire Company,2025-09-08
Moonstone,Brown,101.73,Cabochon Oval,Brown,Very Slightly Included,No Enhancement,462800.0,,32.65 x 24.0 x 17.5,Certified by Natural Sapphire Company,2025-09-08
Chrysoberyl,Greenish Brown,3.28,Mixed Brilliant Round,Greenish Brown,Very Slightly Included,No Enhancement,852800.0,,7.85 x 7.9 x 5.7,Certified by Natural Sapphire Company,2025-09-08
Chrysoberyl,Brownish Yellow,1.56,Mixed Brilliant Cushion,Brownish Yellow,Very Slightly Included,No Enhancement,78000.0,,7.55 x 5.77 x 3.81,Certified by Natural Sapphire Company,2025-09-08
Garnet,Red,0.83,Mixed Brilliant Oval,Red,Very Very Slightly Included,No Enhancement,21450.0,,6.98 x 5.11 x 3.02,Certified by Natural Sapphire Company,2025-09-08
Rhodolite Garnet,Purple,3.28,Mixed Brilliant Oval,Purple,Slightly Included,No Enhancement,213200.0,,9.97 x 7.95 x 4.69,Certified by Natural Sapphire Company,2025-09-08
Moonstone,Peach,23.76,Cabochon Round,Peach,Very Very Slightly Included,No Enhancement,108225.0,,17.21 x 15.21 x 12.72,Certified by Natural Sapphire Company,2025-09-08
Moonstone,Brown,19.22,Cabochon Oval,Brown,Very Very Slightly Included,No Enhancement,87425.0,,19.3 x 12.02 x 11.13,Certified by Natural Sapphire Company,2025-09-08
Topaz,Blue,0.65,Emerald Cut Emerald Cut,Blue,Very Slightly Included,Irradiation,6500.0,,5.93 x 4.11 x 2.96,Certified by Natural Sapphire Company,2025-09-08
Aquamarine,Blue,15.06,Radiant Cut Radiant,Blue,Very Slightly Included,No Enhancement,293800.0,,20.02 x 12.28 x 8.66,Certified by Natural Sapphire Company,2025-09-08
Aquamarine,Blue,3.55,Mixed Brilliant Cushion,Blue,Very Slightly Included,Heat Treated,288600.0,,10.35 x 8.08 x 7.14,Certified by Natural Sapphire Company,2025-09-08
Alexandrite,Green to Pink,0.23,Mixed Brilliant Oval,Green to Pink,Very Slightly Included,No Enhancement,97500.0,,4.19 x 3.15 x 2.29,Certified by Natural Sapphire Company,2025-09-08
Spinel,Purple,0.95,Mixed Brilliant Cushion,Purple,Eye Clean,No Enhancement,107900.0,,6.21 x 5.27 x 3.67,Certified by Natural Sapphire Company,2025-09-08
Chrysoberyl,Brown,19.15,Cabochon Oval,Brown,Very Slightly Included,No Enhancement,10269350.0,,13.75 x 12.0 x 11.79,Certified by Natural Sapphire Company,2025-09-08
Garnet,Orangish Red,4.3,Emerald Cut Emerald Cut,Orangish Red,Very Very Slightly Included,No Enhancement,698750.0,,10.22 x 7.64 x 5.48,Certified by Natural Sapphire Company,2025-09-08
Citrine,Yellow,3.22,Mixed Brilliant Pear,Yellow,Very Very Slightly Included,Heat Treated,25350.0,,12.24 x 8.76 x 5.76,Certified by Natural Sapphire Company,2025-09-08
Tourmaline,Brownish Green,1.21,Princess Cut Princess,Brownish Green,Eye Clean,No Enhancement,117975.0,,6.1 x 6.08 x 4.17,Certified by Natural Sapphire Company,2025-09-08
Moonstone,White,4.69,Asscher Asscher - Octagon,White,Very Very Slightly Included,No Enhancement,176800.0,,9.53 x 9.4 x 7.88,Certified by Natural Sapphire Company,2025-09-08
Spinel,Purplish Pink,1.04,Mixed Brilliant Oval,Purplish Pink,Very Very Slightly Included,No Enhancement,65000.0,,6.94 x 4.87 x 4.01,Certified by Natural Sapphire Company,2025-09-08
Chrysoberyl,Yellowish Green,5.04,Asscher Asscher - Octagon,Yellowish Green,Very Slightly Included,No Enhancement,1114100.0,,9.08 x 9.0 x 7.09,Certified by Natural Sapphire Company,2025-09-08
Spinel,Purple,1.1,Mixed Brilliant Oval,Purple,Eye Clean,No Enhancement,65000.0,,7.41 x 5.6 x 3.15,Certified by Natural Sapphire Company,2025-09-08
Cobalt Spinel,Blue,1.51,Mixed Brilliant Pear,Blue,Slightly Included,Heat Treated,392600.0,,8.48 x 6.01 x 4.16,Certified by Natural Sapphire Company,2025-09-08
Aquamarine,Blue,2.9,Asscher Asscher - Octagon,Blue,Eye Clean,No Enhancement,245050.0,,8.85 x 8.17 x 5.75,Certified by Natural Sapphire Company,2025-09-08
Chrysoberyl,Yellowish Green,7.01,Cabochon Round,Yellowish Green,Eye Clean,No Enhancement,8269950.0,,10.55 x 10.13 x 6.52,Certified by Natural Sapphire Company,2025-09-08
Spinel,Greyish Blue,0.65,Mixed Brilliant Pear,Greyish Blue,Very Slightly Included,No Enhancement,71825.0,,6.85 x 4.89 x 3.01,Certified by Natural Sapphire Company,2025-09-08
Spinel,Greyish Violet,1.68,Mixed Brilliant Pear,Greyish Violet,Very Slightly Included,No Enhancement,76700.0,,9.25 x 6.22 x 4.41,Certified by Natural Sapphire Company,2025-09-08
Chrysoberyl,Green,6.03,Cabochon Oval,Green,Very Very Slightly Included,No Enhancement,2175225.0,,10.36 x 9.13 x 6.73,Certified by Natural Sapphire Company,2025-09-08
Garnet,Color Change,1.17,Mixed Brilliant Oval,Color Change,Slightly Included,Heat Treated,190125.0,,6.91 x 4.93 x 4.23,Certified by Natural Sapphire Company,2025-09-08
Spinel,Purplish Pink,0.85,Mixed Brilliant Oval,Purplish Pink,Very Very Slightly Included,No Enhancement,66300.0,,6.35 x 4.93 x 3.83,Certified by Natural Sapphire Company,2025-09-08
Zircon,Blue,2.13,Mixed Brilliant Pear,Blue,Very Slightly Included,Heat Treated,138450.0,,9.33 x 5.31 x 4.67,Certified by Natural Sapphire Company,2025-09-08
Zircon,Yellowish Brown,3.44,Mixed Brilliant Oval,Yellowish Brown,Very Slightly Included,Heat Treated,89375.0,,9.17 x 7.47 x 5.42,Certified by Natural Sapphire Company,2025-09-08
Spinel,Pink,2.12,Emerald Cut Emerald Cut,Pink,Eye Clean,Heat Treated,964600.0,,8.11 x 6.28 x 4.54,Certified by Natural Sapphire Company,2025-09-08
Moonstone,Rainbow,5.8,Emerald Cut Emerald Cut,Rainbow,Slightly Included,No Enhancement,414700.0,,10.78 x 9.11 x 9.2,Certified by Natural Sapphire Company,2025-09-08
Zircon,Greenish Yellow,1.42,Mixed Brilliant Oval,Greenish Yellow,Very Slightly Included,Heat Treated,37050.0,,8.51 x 6.48 x 3.34,Certified by Natural Sapphire Company,2025-09-08
Zircon,Greenish Yellow,1.92,Mixed Brilliant Oval,Greenish Yellow,Very Slightly Included,Heat Treated,50050.0,,9.46 x 7.01 x 3.9,Certified by Natural Sapphire Company,2025-09-08
Spinel,Violet,2.22,Radiant Cut Radiant,Violet,Very Slightly Included,No Enhancement,1202500.0,,8.28 x 6.47 x 4.88,Certified by Natural Sapphire Company,2025-09-08
Zircon,Pinkish Brown,2.25,Mixed Brilliant Round,Pinkish Brown,Very Slightly Included,Heat Treated,58500.0,,7.98 x 8.02 x 4.11,Certified by Natural Sapphire Company,2025-09-08
Zircon,Yellowish Green,2.81,Mixed Brilliant Oval,Yellowish Green,Eye Clean,Heat Treated,73125.0,,10.42 x 8.1 x 4.58,Certified by Natural Sapphire Company,2025-09-08
Zircon,Brownish Green,2.53,Mixed Brilliant Oval,Brownish Green,Very Slightly Included,Heat Treated,65650.0,,8.66 x 7.12 x 4.33,Certified by Natural Sapphire Company,2025-09-08
Spinel,Pinkish Purple,2.3,Mixed Brilliant Oval,Pinkish Purple,Very Slightly Included,No Enhancement,149500.0,,8.52 x 6.49 x 5.48,Certified by Natural Sapphire Company,2025-09-08
Spinel,Pink,2.34,Mixed Brilliant Oval,Pink,Very Slightly Included,No Enhancement,152100.0,,8.39 x 6.6 x 5.68,Certified by Natural Sapphire Company,2025-09-08
Zircon,Brownish Green,1.67,Mixed Brilliant Oval,Brownish Green,Very Slightly Included,Heat Treated,43550.0,,8.59 x 6.52 x 4.03,Certified by Natural Sapphire Company,2025-09-08
Zircon,Greenish Brown,1.97,Mixed Brilliant Cushion,Greenish Brown,Very Slightly Included,Heat Treated,51350.0,,7.85 x 6.84 x 4.22,Certified by Natural Sapphire Company,2025-09-08
Zircon,Yellowish Brown,2.53,Mixed Brilliant Oval,Yellowish Brown,Very Slightly Included,Heat Treated,65650.0,,8.93 x 6.85 x 4.53,Certified by Natural Sapphire Company,2025-09-08
Spinel,Purplish Pink,1.89,Mixed Brilliant Oval,Purplish Pink,Very Slightly Included,No Enhancement,122850.0,,8.91 x 6.65 x 4.09,Certified by Natural Sapphire Company,2025-09-08
Zircon,Green,1.77,Mixed Brilliant Oval,Green,Eye Clean,Heat Treated,46150.0,,9.19 x 6.84 x 3.88,Certified by Natural Sapphire Company,2025-09-08
Chrysoberyl,Green,1.3,Mixed Brilliant Round,Green,Very Slightly Included,No Enhancement,84500.0,,6.64 x 6.64 x 4.15,Certified by Natural Sapphire Company,2025-09-08
Spinel,Blue,1.78,Mixed Brilliant Round,Blue,Very Slightly Included,No Enhancement,115700.0,,7.4 x 7.43 x 4.65,Certified by Natural Sapphire Company,2025-09-08
Spinel,Pink,0.92,Mixed Brilliant Pear,Pink,Very Very Slightly Included,No Enhancement,89700.0,,7.87 x 5.36 x 3.48,Certified by Natural Sapphire Company,2025-09-08
Spinel,Pinkish Purple,1.05,Mixed Brilliant Oval,Pinkish Purple,Eye Clean,No Enhancement,102375.0,,6.94 x 5.79 x 3.67,Certified by Natural Sapphire Company,2025-09-08
Spinel,Purple,1.71,Mixed Brilliant Round,Purple,Very Slightly Included,No Enhancement,55575.0,,7.18 x 7.16 x 4.7,Certified by Natural Sapphire Company,2025-09-08
Chrysoberyl,Greenish Yellow,1.72,Mixed Brilliant Oval,Greenish Yellow,Very Slightly Included,No Enhancement,39000.0,,7.2 x 6.06 x 5.03,Certified by Natural Sapphire Company,2025-09-08
Spinel,Purple,2.18,Mixed Brilliant Round,Purple,Very Slightly Included,No Enhancement,70850.0,,8.07 x 8.09 x 4.74,Certified by Natural Sapphire Company,2025-09-08
Moonstone,Rainbow,0.39,Asscher Asscher - Octagon,Rainbow,Very Slightly Included,No Enhancement,48750.0,,4.63 x 3.95 x 3.34,Certified by Natural Sapphire Company,2025-09-08
Moonstone,Rainbow,0.46,Radiant Cut Radiant,Rainbow,Very Slightly Included,No Enhancement,48750.0,,4.99 x 4.27 x 3.43,Certified by Natural Sapphire Company,2025-09-08
Moonstone,Rainbow,0.4,Radiant Cut Radiant,Rainbow,Very Slightly Included,No Enhancement,48750.0,,5.21 x 3.96 x 3.02,Certified by Natural Sapphire Company,2025-09-08
Spinel,Purple,1.59,Mixed Brilliant Round,Purple,Very Slightly Included,No Enhancement,51675.0,,6.98 x 6.98 x 4.8,Certified by Natural Sapphire Company,2025-09-08
Moonstone,Rainbow,0.37,Radiant Cut Radiant,Rainbow,Very Very Slightly Included,No Enhancement,48750.0,,4.45 x 4.0 x 3.25,Certified by Natural Sapphire Company,2025-09-08
Spinel,Blue,1.6,Mixed Brilliant Round,Blue,Very Slightly Included,No Enhancement,52000.0,,6.44 x 6.46 x 5.04,Certified by Natural Sapphire Company,2025-09-08
Spinel,Pink,1.49,Mixed Brilliant Oval,Pink,Very Slightly Included,No Enhancement,48425.0,,8.35 x 6.04 x 3.98,Certified by Natural Sapphire Company,2025-09-08
Chrysoberyl,Yellowish Green,8.2,Emerald Cut Emerald Cut,Yellowish Green,Very Slightly Included,No Enhancement,1676350.0,,13.37 x 9.41 x 6.78,Certified by Natural Sapphire Company,2025-09-08
Spinel,Blue,1.99,Mixed Brilliant Pear,Blue,Very Slightly Included,No Enhancement,64675.0,,10.06 x 6.0 x 4.66,Certified by Natural Sapphire Company,2025-09-08
Spinel,Violet,1.55,Mixed Brilliant Cushion,Violet,Very Slightly Included,No Enhancement,50375.0,,7.76 x 6.08 x 4.27,Certified by Natural Sapphire Company,2025-09-08
Spinel,Greenish Blue,1.65,Mixed Brilliant Pear,Greenish Blue,Slightly Included,No Enhancement,53625.0,,10.03 x 6.45 x 3.91,Certified by Natural Sapphire Company,2025-09-08
Spinel,Purplish Pink,1.25,Asscher Asscher - Octagon,Purplish Pink,Very Slightly Included,No Enhancement,40625.0,,5.99 x 5.97 x 4.29,Certified by Natural Sapphire Company,2025-09-08
Spinel,Purple,1.48,Mixed Brilliant Oval,Purple,Very Slightly Included,No Enhancement,48100.0,,7.69 x 5.65 x 4.69,Certified by Natural Sapphire Company,2025-09-08
Spinel,Violet,2.04,Mixed Brilliant Pear,Violet,Very Slightly Included,No Enhancement,66300.0,,10.97 x 6.53 x 4.19,Certified by Natural Sapphire Company,2025-09-08
Spinel,Pink,1.82,Asscher Asscher - Octagon,Pink,Very Slightly Included,No Enhancement,59150.0,,6.78 x 6.71 x 4.65,Certified by Natural Sapphire Company,2025-09-08
Spinel,Purple,2.27,Mixed Brilliant Marquise,Purple,Very Slightly Included,No Enhancement,73775.0,,13.38 x 6.02 x 4.31,Certified by Natural Sapphire Company,2025-09-08
Spinel,Blue,1.3,Asscher Asscher - Octagon,Blue,Very Slightly Included,No Enhancement,42250.0,,6.16 x 6.08 x 4.05,Certified by Natural Sapphire Company,2025-09-08
Moonstone,Rainbow,1.48,Mixed Brilliant Cushion,Rainbow,Very Very Slightly Included,No Enhancement,72150.0,,11.57 x 5.82 x 3.14,Certified by Natural Sapphire Company,2025-09-08
Moonstone,Rainbow,1.65,Mixed Brilliant Oval,Rainbow,Slightly Included,No Enhancement,80600.0,,10.1 x 6.36 x 4.77,Certified by Natural Sapphire Company,2025-09-08
Moonstone,Rainbow,1.33,Mixed Brilliant Pear,Rainbow,Eye Clean,No Enhancement,65000.0,,9.45 x 6.63 x 4.24,Certified by Natural Sapphire Company,2025-09-08
Moonstone,Rainbow,1.65,Mixed Brilliant Pear,Rainbow,Very Slightly Included,No Enhancement,80600.0,,8.33 x 8.45 x 4.43,Certified by Natural Sapphire Company,2025-09-08
Moonstone,Rainbow,1.8,Mixed Brilliant Pear,Rainbow,Slightly Included,No Enhancement,87750.0,,9.2 x 6.98 x 5.07,Certified by Natural Sapphire Company,2025-09-08
Moonstone,Rainbow,1.9,Mixed Brilliant Oval,Rainbow,Eye Clean,No Enhancement,92625.0,,9.37 x 6.89 x 4.66,Certified by Natural Sapphire Company,2025-09-08
Moonstone,Rainbow,1.85,Mixed Brilliant Pear,Rainbow,Very Very Slightly Included,No Enhancement,90350.0,,10.34 x 6.99 x 5.24,Certified by Natural Sapphire Company,2025-09-08
Moonstone,Rainbow,1.48,Mixed Brilliant Oval,Rainbow,Very Very Slightly Included,No Enhancement,72150.0,,8.87 x 6.24 x 4.46,Certified by Natural Sapphire Company,2025-09-08
Garnet,Purplish Red,5.1,Mixed Brilliant Cushion,Purplish Red,Eye Clean,No Enhancement,232050.0,,11.51 x 8.18 x 5.97,Certified by Natural Sapphire Company,2025-09-08
Almandine Garnet,Red,5.1,Mixed Brilliant Oval,Red,Very Very Slightly Included,No Enhancement,165750.0,,10.32 x 9.06 x 6.57,Certified by Natural Sapphire Company,2025-09-08
Aquamarine,Blue,2.69,Emerald Cut Emerald Cut,Blue,Eye Clean,No Enhancement,227175.0,,11.13 x 6.24 x 4.95,Certified by Natural Sapphire Company,2025-09-08
Aquamarine,Blue,1.74,Emerald Cut Emerald Cut,Blue,Eye Clean,No Enhancement,146900.0,,8.95 x 7.18 x 3.95,Certified by Natural Sapphire Company,2025-09-08
Garnet,Red,4.74,Asscher Asscher - Octagon,Red,Eye Clean,No Enhancement,215800.0,,8.42 x 8.04 x 7.04,Certified by Natural Sapphire Company,2025-09-08
Garnet,Reddish Purple,3.43,Mixed Brilliant Cushion,Reddish Purple,Very Slightly Included,No Enhancement,156000.0,,10.44 x 7.33 x 4.93,Certified by Natural Sapphire Company,2025-09-08
Spinel,Bluish Purple,3.59,Step Cut Fancy,Bluish Purple,Slightly Included,No Enhancement,123825.0,,10.47 x 9.26 x 5.88,Certified by Natural Sapphire Company,2025-09-08
Garnet,Reddish Purple,3.37,Mixed Brilliant Cushion,Reddish Purple,Eye Clean,No Enhancement,153400.0,,10.41 x 7.4 x 5.15,Certified by Natural Sapphire Company,2025-09-08
Spinel,Purple,1.5,Mixed Brilliant Cushion,Purple,Slightly Included,No Enhancement,22425.0,,7.91 x 5.97 x 3.86,Certified by Natural Sapphire Company,2025-09-08
Spinel,Blue,2.71,Asscher Asscher - Octagon,Blue,Very Slightly Included,No Enhancement,110825.0,,8.07 x 7.86 x 5.47,Certified by Natural Sapphire Company,2025-09-08
Aquamarine,Blue,2.67,Emerald Cut Emerald Cut,Blue,Eye Clean,No Enhancement,225550.0,,11.11 x 6.66 x 5.25,Certified by Natural Sapphire Company,2025-09-08
Aquamarine,Blue,2.86,Emerald Cut Emerald Cut,Blue,Very Slightly Included,No Enhancement,241800.0,,9.18 x 7.66 x 5.75,Certified by Natural Sapphire Company,2025-09-08
Aquamarine,Blue,2.16,Radiant Cut Emerald Cut,Blue,Very Slightly Included,No Enhancement,182650.0,,8.6 x 6.93 x 6.05,Certified by Natural Sapphire Company,2025-09-08
Aquamarine,Blue,2.77,Emerald Cut Emerald Cut,Blue,Very Slightly Included,No Enhancement,234000.0,,11.35 x 6.91 x 4.74,Certified by Natural Sapphire Company,2025-09-08
Aquamarine,Blue,2.77,Emerald Cut Emerald Cut,Blue,Very Slightly Included,No Enhancement,234000.0,,12.09 x 7.13 x 4.19,Certified by Natural Sapphire Company,2025-09-08
Chrysoberyl,Greenish Yellow,2.63,Mixed Brilliant Cushion,Greenish Yellow,Eye Clean,No Enhancement,324350.0,,7.72 x 7.46 x 5.28,Certified by Natural Sapphire Company,2025-09-08
Zircon,Yellow,4.71,Mixed Brilliant Oval,Yellow,Very Slightly Included,No Enhancement,143975.0,,10.53 x 8.61 x 4.69,Certified by Natural Sapphire Company,2025-09-08
Garnet,Red,1.92,Mixed Brilliant Round,Red,Very Slightly Included,No Enhancement,18850.0,,7.14 x 7.14 x 4.41,Certified by Natural Sapphire Company,2025-09-08
Chrysoberyl,Greenish Yellow,1.54,Cabochon Fancy,Greenish Yellow,Very Very Slightly Included,No Enhancement,400400.0,,9.69 x 4.83 x 2.95,Certified by Natural Sapphire Company,2025-09-08
Aquamarine,Blue,2.83,Emerald Cut Emerald Cut,Blue,Eye Clean,No Enhancement,239200.0,,11.15 x 7.51 x 4.4,Certified by Natural Sapphire Company,2025-09-08
Aquamarine,Blue,7.57,Radiant Cut Radiant,Blue,Eye Clean,Heat Treated,738075.0,,13.76 x 9.89 x 8.37,Certified by Natural Sapphire Company,2025-09-08
Spinel,Purplish Blue,2.15,Mixed Brilliant Oval,Purplish Blue,Very Slightly Included,Heat Treated,419250.0,,8.58 x 7.41 x 4.53,Certified by Natural Sapphire Company,2025-09-08
Aquamarine,Greenish Blue,4.47,Asscher Asscher - Octagon,Greenish Blue,Eye Clean,Heat Treated,363350.0,,10.41 x 10.24 x 7.0,Certified by Natural Sapphire Company,2025-09-08
Chrysoberyl,Greenish Yellow,3.07,Mixed Brilliant Cushion,Greenish Yellow,Very Slightly Included,No Enhancement,838175.0,,7.82 x 7.57 x 6.22,Certified by Natural Sapphire Company,2025-09-08
Zircon,Yellowish Brown,1.17,Mixed Brilliant Cushion,Yellowish Brown,Eye Clean,No Enhancement,9750.0,,5.88 x 4.91 x 4.01,Certified by Natural Sapphire Company,2025-09-08
Aquamarine,Blue,2.32,Emerald Cut Emerald Cut,Blue,Very Slightly Included,No Enhancement,195975.0,,9.56 x 8.37 x 4.72,Certified by Natural Sapphire Company,2025-09-08
Aquamarine,Blue,3.65,Mixed Brilliant Fancy,Blue,Eye Clean,Heat Treated,296400.0,,14.17 x 10.91 x 5.84,Certified by Natural Sapphire Company,2025-09-08
Chrysoberyl,Green,1.6,Mixed Brilliant Oval,Green,Eye Clean,No Enhancement,195650.0,,8.42 x 6.62 x 3.47,Certified by Natural Sapphire Company,2025-09-08
Chrysoberyl,Greenish Yellow,4.42,Mixed Brilliant Pear,Greenish Yellow,Very Slightly Included,No Enhancement,1793675.0,,10.81 x 9.22 x 6.81,Certified by Natural Sapphire Company,2025-09-08
Spinel,Greenish Blue,1.23,Mixed Brilliant Oval,Greenish Blue,Very Slightly Included,No Enhancement,403650.0,,7.0 x 5.97 x 4.05,Certified by Natural Sapphire Company,2025-09-08
Spinel,Purplish Pink,2.09,Mixed Brilliant Cushion,Purplish Pink,Very Slightly Included,Heat Treated,407550.0,,7.37 x 6.88 x 5.27,Certified by Natural Sapphire Company,2025-09-08
Citrine,Yellow,4.17,Mixed Brilliant Pear,Yellow,Very Slightly Included,Heat Treated,40625.0,,14.77 x 9.73 x 5.68,Certified by Natural Sapphire Company,2025-09-08
Citrine,Yellow,4.19,Mixed Brilliant Pear,Yellow,Very Slightly Included,Heat Treated,40950.0,,14.56 x 9.74 x 5.9,Certified by Natural Sapphire Company,2025-09-08
Aquamarine,Bluish Green,7.21,Radiant Cut Radiant,Bluish Green,Very Slightly Included,No Enhancement,140725.0,,12.94 x 12.28 x 7.21,Certified by Natural Sapphire Company,2025-09-08
Citrine,Yellow,4.67,Mixed Brilliant Pear,Yellow,Very Slightly Included,Heat Treated,45500.0,,14.33 x 10.12 x 6.4,Certified by Natural Sapphire Company,2025-09-08
Citrine,Yellow,3.62,Mixed Brilliant Pear,Yellow,Very Slightly Included,Heat Treated,35425.0,,14.45 x 9.58 x 5.07,Certified by Natural Sapphire Company,2025-09-08
Citrine,Yellow,4.76,Mixed Brilliant Pear,Yellow,Very Slightly Included,Heat Treated,46475.0,,15.27 x 9.91 x 5.83,Certified by Natural Sapphire Company,2025-09-08
Citrine,Yellow,5.28,Mixed Brilliant Pear,Yellow,Very Slightly Included,Heat Treated,51350.0,,15.02 x 9.9 x 7.17,Certified by Natural Sapphire Company,2025-09-08
Citrine,Yellow,4.09,Mixed Brilliant Pear,Yellow,Very Slightly Included,Heat Treated,39975.0,,14.86 x 9.95 x 5.71,Certified by Natural Sapphire Company,2025-09-08
Citrine,Yellow,3.71,Mixed Brilliant Pear,Yellow,Very Very Slightly Included,Heat Treated,26650.0,,13.11 x 8.85 x 6.23,Certified by Natural Sapphire Company,2025-09-08
Citrine,Yellow,4.41,Mixed Brilliant Pear,Yellow,Very Slightly Included,Heat Treated,42900.0,,14.89 x 9.81 x 5.86,Certified by Natural Sapphire Company,2025-09-08
Citrine,Yellow,3.95,Mixed Brilliant Pear,Yellow,Very Slightly Included,Heat Treated,38350.0,,15.02 x 9.73 x 5.37,Certified by Natural Sapphire Company,2025-09-08
Citrine,Yellow,3.86,Mixed Brilliant Pear,Yellow,Very Slightly Included,Heat Treated,37700.0,,14.62 x 9.73 x 5.33,Certified by Natural Sapphire Company,2025-09-08
Citrine,Yellow,4.09,Mixed Brilliant Pear,Yellow,Very Slightly Included,Heat Treated,39975.0,,14.34 x 9.89 x 5.59,Certified by Natural Sapphire Company,2025-09-08
Citrine,Yellow,4.42,Mixed Brilliant Pear,Yellow,Very Slightly Included,Heat Treated,43225.0,,14.99 x 9.88 x 5.67,Certified by Natural Sapphire Company,2025-09-08
Citrine,Yellow,4.61,Mixed Brilliant Pear,Yellow,Very Slightly Included,Heat Treated,44850.0,,15.05 x 9.78 x 6.03,Certified by Natural Sapphire Company,2025-09-08
Citrine,Yellow,5.15,Mixed Brilliant Pear,Yellow,Eye Clean,Heat Treated,50050.0,,15.22 x 9.98 x 6.36,Certified by Natural Sapphire Company,2025-09-08
Citrine,Yellow,4.08,Mixed Brilliant Pear,Yellow,Eye Clean,Heat Treated,39650.0,,14.96 x 9.56 x 5.57,Certified by Natural Sapphire Company,2025-09-08
Spinel,Greyish Blue,1.23,Mixed Brilliant Round,Greyish Blue,Very Very Slightly Included,No Enhancement,55900.0,,6.63 x 6.61 x 4.26,Certified by Natural Sapphire Company,2025-09-08
Aquamarine,Blue,2.82,Emerald Cut Emerald Cut,Blue,Very Slightly Included,No Enhancement,238225.0,,10.87 x 7.58 x 4.74,Certified by Natural Sapphire Company,2025-09-08
Topaz,White,143.17,Mixed Brilliant Cushion,White,Eye Clean,No Enhancement,465400.0,,29.08 x 27.04 x 22.17,Certified by Natural Sapphire Company,2025-09-08
Spinel,Bluish Purple,3.54,Emerald Cut Emerald Cut,Bluish Purple,Very Slightly Included,No Enhancement,1104350.0,,9.71 x 8.3 x 4.88,Certified by Natural Sapphire Company,2025-09-08
Alexandrite,Yellowish Green to Reddish Brown,1.59,Mixed Brilliant Oval,Yellowish Green to Reddish Brown,Very Slightly Included,No Enhancement,723450.0,,6.72 x 6.03 x 4.75,Certified by Natural Sapphire Company,2025-09-08
Aquamarine,Blue,2.2,Emerald Cut Emerald Cut,Blue,Very Slightly Included,No Enhancement,185900.0,,10.53 x 6.54 x 4.23,Certified by Natural Sapphire Company,2025-09-08
Aquamarine,Blue,2.34,Emerald Cut Emerald Cut,Blue,Very Slightly Included,No Enhancement,197600.0,,8.92 x 7.24 x 5.42,Certified by Natural Sapphire Company,2025-09-08
Spinel,Purple,1.14,Radiant Cut Radiant,Purple,Very Slightly Included,Heat Treated,148200.0,,6.38 x 5.17 x 3.86,Certified by Natural Sapphire Company,2025-09-08
Aquamarine,Blue,2.13,Emerald Cut Emerald Cut,Blue,Eye Clean,No Enhancement,180050.0,,11.64 x 6.71 x 3.41,Certified by Natural Sapphire Company,2025-09-08
Garnet,Pinkish Purple,1.02,Mixed Brilliant Cushion,Pinkish Purple,Very Slightly Included,No Enhancement,43225.0,,5.87 x 5.13 x 4.0,Certified by Natural Sapphire Company,2025-09-08
Spinel,Purplish Pink,10.24,Emerald Cut Emerald Cut,Purplish Pink,Very Slightly Included,No Enhancement,1680900.0,,14.31 x 10.54 x 8.33,Certified by Natural Sapphire Company,2025-09-08
Aquamarine,Blue,1.64,Emerald Cut Emerald Cut,Blue,Eye Clean,No Enhancement,138450.0,,9.54 x 6.51 x 3.61,Certified by Natural Sapphire Company,2025-09-08
Spinel,Blue,2.99,Mixed Brilliant Oval,Blue,Eye Clean,No Enhancement,388700.0,,10.13 x 8.64 x 4.21,Certified by Natural Sapphire Company,2025-09-08
Spinel,Blue,1.37,Mixed Brilliant Round,Blue,Very Slightly Included,No Enhancement,133575.0,,6.33 x 6.33 x 4.73,Certified by Natural Sapphire Company,2025-09-08
Spinel,Purple,0.98,Mixed Brilliant Pear,Purple,Eye Clean,No Enhancement,95550.0,,7.92 x 5.51 x 3.52,Certified by Natural Sapphire Company,2025-09-08
Spinel,Blue,1.06,Mixed Brilliant Round,Blue,Very Slightly Included,No Enhancement,275600.0,,6.99 x 7.06 x 3.44,Certified by Natural Sapphire Company,2025-09-08
Garnet,Purplish Pink,6.97,Emerald Cut Emerald Cut,Purplish Pink,Very Slightly Included,Heat Treated,357825.0,,12.48 x 9.08 x 6.3,Certified by Natural Sapphire Company,2025-09-08
Spinel,Blue,1.61,Mixed Brilliant Oval,Blue,Very Slightly Included,No Enhancement,261625.0,,9.18 x 6.51 x 4.08,Certified by Natural Sapphire Company,2025-09-08
Spinel,Pinkish Purple,1.76,Mixed Brilliant Oval,Pinkish Purple,Very Slightly Included,No Enhancement,286000.0,,7.43 x 6.21 x 5.3,Certified by Natural Sapphire Company,2025-09-08
Spinel,Purplish Pink,1.91,Mixed Brilliant Oval,Purplish Pink,Very Slightly Included,No Enhancement,310375.0,,8.19 x 6.76 x 4.06,Certified by Natural Sapphire Company,2025-09-08
Zircon,Brown,1.45,Mixed Brilliant Cushion,Brown,Eye Clean,No Enhancement,12350.0,,6.59 x 5.13 x 4.23,Certified by Natural Sapphire Company,2025-09-08
Garnet,Purplish Red,22.0,Emerald Cut Emerald Cut,Purplish Red,Very Slightly Included,No Enhancement,1269775.0,,16.48 x 14.09 x 9.18,Certified by Natural Sapphire Company,2025-09-08
Chrysoberyl,Greenish Yellow,2.83,Cabochon Fancy,Greenish Yellow,Very Slightly Included,No Enhancement,919750.0,,11.62 x 6.65 x 3.88,Certified by Natural Sapphire Company,2025-09-08
Zircon,Blue,1.95,Emerald Cut Emerald Cut,Blue,Very Slightly Included,Heat Treated,126750.0,,6.79 x 4.8 x 4.9,Certified by Natural Sapphire Company,2025-09-08
Garnet,Red,2.85,Checkerboard Cushion,Red,Very Slightly Included,Heat Treated,83525.0,,9.27 x 7.17 x 4.93,Certified by Natural Sapphire Company,2025-09-08
Zircon,Orange,5.85,Emerald Cut Emerald Cut,Orange,Eye Clean,Heat Treated,1273350.0,,10.27 x 7.73 x 6.26,Certified by Natural Sapphire Company,2025-09-08
Zircon,Blue,1.78,Emerald Cut Emerald Cut,Blue,Very Slightly Included,Heat Treated,115700.0,,6.74 x 4.12 x 4.98,Certified by Natural Sapphire Company,2025-09-08
Zircon,Blue,1.66,Emerald Cut Emerald Cut,Blue,Very Slightly Included,Heat Treated,107900.0,,6.4 x 5.53 x 3.87,Certified by Natural Sapphire Company,2025-09-08
Moonstone,Rainbow,2.0,Emerald Cut Emerald Cut,Rainbow,Very Slightly Included,No Enhancement,117000.0,,8.2 x 7.12 x 4.99,Certified by Natural Sapphire Company,2025-09-08
Spinel,Greenish Blue,2.67,Emerald Cut Emerald Cut,Greenish Blue,Very Slightly Included,No Enhancement,968500.0,,9.67 x 7.89 x 3.65,Certified by Natural Sapphire Company,2025-09-08
Garnet,Red,2.27,Checkerboard Round,Red,Very Slightly Included,Heat Treated,37050.0,,8.07 x 8.09 x 4.76,Certified by Natural Sapphire Company,2025-09-08
Garnet,Color Change,4.09,Mixed Brilliant Round,Color Change,Eye Clean,Heat Treated,1844375.0,,9.56 x 9.49 x 6.14,Certified by Natural Sapphire Company,2025-09-08
Spinel,Greyish Blue,1.69,Emerald Cut Emerald Cut,Greyish Blue,Very Slightly Included,No Enhancement,164775.0,,8.02 x 5.69 x 4.03,Certified by Natural Sapphire Company,2025-09-08
Garnet,Orange,1.45,Emerald Cut Emerald Cut,Orange,Very Slightly Included,No Enhancement,185575.0,,6.76 x 5.48 x 4.44,Certified by Natural Sapphire Company,2025-09-08
Zircon,Blue,1.97,Emerald Cut Emerald Cut,Blue,Very Slightly Included,Heat Treated,128050.0,,7.23 x 4.36 x 4.75,Certified by Natural Sapphire Company,2025-09-08
Spinel,Purple,1.36,Emerald Cut Emerald Cut,Purple,Very Slightly Included,No Enhancement,88400.0,,8.51 x 4.95 x 3.53,Certified by Natural Sapphire Company,2025-09-08
Garnet,Red,2.88,Emerald Cut Emerald Cut,Red,Very Very Slightly Included,No Enhancement,74750.0,,9.13 x 6.31 x 5.14,Certified by Natural Sapphire Company,2025-09-08
Moonstone,Brown,6.5,Cabochon Oval,Brown,Very Very Slightly Included,No Enhancement,21450.0,,14.14 x 10.22 x 6.25,Certified by Natural Sapphire Company,2025-09-08
Chrysoberyl,Brown,3.32,Cabochon Round,Brown,Very Slightly Included,No Enhancement,1294800.0,,8.37 x 8.35 x 4.87,Certified by Natural Sapphire Company,2025-09-08
Spinel,Bluish Purple,0.98,Emerald Cut Emerald Cut,Bluish Purple,Very Slightly Included,No Enhancement,63700.0,,6.99 x 4.66 x 3.37,Certified by Natural Sapphire Company,2025-09-08
Spinel,Pink,0.9,Emerald Cut Emerald Cut,Pink,Very Slightly Included,No Enhancement,58500.0,,7.03 x 4.66 x 3.3,Certified by Natural Sapphire Company,2025-09-08
Spinel,Pinkish Purple,0.38,Mixed Brilliant Oval,Pinkish Purple,Very Very Slightly Included,No Enhancement,9750.0,,4.84 x 3.8 x 2.79,Certified by Natural Sapphire Company,2025-09-08
Garnet,Red,1.57,Emerald Cut Emerald Cut,Red,Eye Clean,No Enhancement,40950.0,,7.53 x 4.98 x 4.25,Certified by Natural Sapphire Company,2025-09-08
Spinel,Purple,1.95,Emerald Cut Emerald Cut,Purple,Very Slightly Included,No Enhancement,190125.0,,9.03 x 5.26 x 4.13,Certified by Natural Sapphire Company,2025-09-08
Spinel,Purplish Pink,2.73,Emerald Cut Emerald Cut,Purplish Pink,Eye Clean,No Enhancement,532350.0,,8.67 x 6.26 x 5.48,Certified by Natural Sapphire Company,2025-09-08
Garnet,Red,5.8,Emerald Cut Emerald Cut,Red,Eye Clean,Heat Treated,471250.0,,10.56 x 8.71 x 7.06,Certified by Natural Sapphire Company,2025-09-08
Spinel,Purple,1.67,Emerald Cut Emerald Cut,Purple,Very Slightly Included,No Enhancement,217100.0,,7.6 x 6.04 x 4.14,Certified by Natural Sapphire Company,2025-09-08
Spinel,Purple,1.41,Emerald Cut Emerald Cut,Purple,Very Slightly Included,No Enhancement,137475.0,,8.12 x 5.27 x 3.59,Certified by Natural Sapphire Company,2025-09-08
Garnet,Red,2.66,Emerald Cut Emerald Cut,Red,Very Slightly Included,No Enhancement,69225.0,,10.13 x 6.36 x 4.06,Certified by Natural Sapphire Company,2025-09-08
Garnet,Red,1.77,Emerald Cut Emerald Cut,Red,Very Slightly Included,No Enhancement,46150.0,,9.17 x 5.84 x 3.35,Certified by Natural Sapphire Company,2025-09-08
Garnet,Red,1.84,Emerald Cut Emerald Cut,Red,Very Slightly Included,No Enhancement,47775.0,,8.43 x 5.85 x 3.82,Certified by Natural Sapphire Company,2025-09-08
Garnet,Red,1.32,Emerald Cut Emerald Cut,Red,Very Slightly Included,No Enhancement,34450.0,,7.51 x 5.9 x 3.38,Certified by Natural Sapphire Company,2025-09-08
Garnet,Red,1.5,Mixed Brilliant Round,Red,Very Slightly Included,No Enhancement,19500.0,,7.08 x 7.1 x 4.28,Certified by Natural Sapphire Company,2025-09-08
Moonstone,Rainbow,0.46,Emerald Cut Emerald Cut,Rainbow,Very Slightly Included,No Enhancement,48750.0,,4.88 x 4.03 x 3.85,Certified by Natural Sapphire Company,2025-09-08
Garnet,Purplish Red,1.52,Mixed Brilliant Round,Purplish Red,Eye Clean,No Enhancement,19825.0,,7.07 x 7.08 x 4.21,Certified by Natural Sapphire Company,2025-09-08
Spinel,Purple,0.92,Mixed Brilliant Cushion,Purple,Eye Clean,No Enhancement,89700.0,,6.19 x 4.99 x 3.69,Certified by Natural Sapphire Company,2025-09-08
Moonstone,Rainbow,0.32,Emerald Cut Emerald Cut,Rainbow,Very Slightly Included,No Enhancement,48750.0,,5.63 x 3.59 x 2.4,Certified by Natural Sapphire Company,2025-09-08
Moonstone,Rainbow,0.53,Emerald Cut Emerald Cut,Rainbow,Slightly Included,No Enhancement,49075.0,,5.64 x 4.16 x 3.48,Certified by Natural Sapphire Company,2025-09-08
Moonstone,Rainbow,0.6,Emerald Cut Emerald Cut,Rainbow,Very Slightly Included,No Enhancement,48750.0,,6.18 x 4.12 x 3.38,Certified by Natural Sapphire Company,2025-09-08
Moonstone,Brown,17.95,Cabochon Oval,Brown,Very Very Slightly Included,No Enhancement,81575.0,,18.81 x 10.73 x 11.6,Certified by Natural Sapphire Company,2025-09-08
Moonstone,Rainbow,0.44,Emerald Cut Emerald Cut,Rainbow,Very Slightly Included,No Enhancement,48750.0,,6.98 x 3.58 x 2.47,Certified by Natural Sapphire Company,2025-09-08
Moonstone,Rainbow,0.52,Emerald Cut Emerald Cut,Rainbow,Very Slightly Included,No Enhancement,48750.0,,6.97 x 3.77 x 3.04,Certified by Natural Sapphire Company,2025-09-08
Moonstone,Rainbow,0.41,Emerald Cut Emerald Cut,Rainbow,Eye Clean,No Enhancement,48750.0,,6.29 x 3.49 x 2.83,Certified by Natural Sapphire Company,2025-09-08
Moonstone,Rainbow,0.54,Emerald Cut Emerald Cut,Rainbow,Slightly Included,No Enhancement,48750.0,,5.79 x 3.88 x 3.46,Certified by Natural Sapphire Company,2025-09-08
Moonstone,Rainbow,0.3,Emerald Cut Emerald Cut,Rainbow,Very Slightly Included,No Enhancement,48750.0,,5.17 x 3.27 x 2.73,Certified by Natural Sapphire Company,2025-09-08
Spinel,Purple,0.92,Mixed Brilliant Cushion,Purple,Eye Clean,No Enhancement,35750.0,,6.21 x 6.15 x 3.4,Certified by Natural Sapphire Company,2025-09-08
Spinel,Greyish Blue,1.05,Mixed Brilliant Oval,Greyish Blue,Eye Clean,No Enhancement,54600.0,,6.48 x 5.33 x 3.93,Certified by Natural Sapphire Company,2025-09-08
Spinel,Bluish Purple,1.88,Radiant Cut Radiant,Bluish Purple,Eye Clean,No Enhancement,122200.0,,7.12 x 5.79 x 5.47,Certified by Natural Sapphire Company,2025-09-08
Spinel,Pinkish Purple,1.1,Mixed Brilliant Cushion,Pinkish Purple,Eye Clean,No Enhancement,57200.0,,6.47 x 5.63 x 3.55,Certified by Natural Sapphire Company,2025-09-08
Moonstone,Rainbow,0.44,Emerald Cut Emerald Cut,Rainbow,Very Slightly Included,No Enhancement,48750.0,,5.77 x 3.83 x 3.0,Certified by Natural Sapphire Company,2025-09-08
Spinel,Pinkish Purple,1.41,Mixed Brilliant Cushion,Pinkish Purple,Very Slightly Included,No Enhancement,73450.0,,7.24 x 6.3 x 3.67,Certified by Natural Sapphire Company,2025-09-08
Moonstone,Rainbow,0.32,Emerald Cut Emerald Cut,Rainbow,Very Slightly Included,No Enhancement,48750.0,,5.67 x 3.72 x 2.44,Certified by Natural Sapphire Company,2025-09-08
Spinel,Pinkish Purple,1.04,Radiant Cut Radiant,Pinkish Purple,Very Slightly Included,No Enhancement,67600.0,,6.98 x 4.62 x 3.66,Certified by Natural Sapphire Company,2025-09-08
Spinel,Blue,1.11,Radiant Cut Radiant,Blue,Slightly Included,No Enhancement,57850.0,,6.58 x 5.4 x 3.62,Certified by Natural Sapphire Company,2025-09-08
Spinel,Greyish Blue,1.17,Mixed Brilliant Oval,Greyish Blue,Very Slightly Included,No Enhancement,60775.0,,6.67 x 5.52 x 4.33,Certified by Natural Sapphire Company,2025-09-08
Spinel,Blue,1.18,Mixed Brilliant Oval,Blue,Eye Clean,No Enhancement,61425.0,,7.05 x 5.65 x 3.66,Certified by Natural Sapphire Company,2025-09-08
Spinel,Pinkish Purple,1.17,Mixed Brilliant Oval,Pinkish Purple,Very Slightly Included,No Enhancement,60775.0,,7.29 x 6.44 x 3.73,Certified by Natural Sapphire Company,2025-09-08
Spinel,Purple,2.58,Mixed Brilliant Oval,Purple,Slightly Included,No Enhancement,167700.0,,9.27 x 7.56 x 4.91,Certified by Natural Sapphire Company,2025-09-08
Spinel,Pinkish Purple,2.08,Mixed Brilliant Oval,Pinkish Purple,Slightly Included,No Enhancement,162175.0,,9.01 x 6.45 x 4.44,Certified by Natural Sapphire Company,2025-09-08
Spinel,Purple,2.26,Mixed Brilliant Cushion,Purple,Very Slightly Included,No Enhancement,146900.0,,7.64 x 7.56 x 4.89,Certified by Natural Sapphire Company,2025-09-08
Rhodolite Garnet,Purplish Red,5.27,Mixed Brilliant Oval,Purplish Red,Slightly Included,No Enhancement,273975.0,,10.45 x 9.37 x 6.66,Certified by Natural Sapphire Company,2025-09-08
Spinel,Purple,1.27,Mixed Brilliant Round,Purple,Slightly Included,No Enhancement,57850.0,,6.84 x 6.75 x 4.26,Certified by Natural Sapphire Company,2025-09-08
Rhodolite Garnet,Pinkish Purple,0.81,Mixed Brilliant Pear,Pinkish Purple,Very Slightly Included,No Enhancement,31525.0,,7.63 x 5.42 x 2.72,Certified by Natural Sapphire Company,2025-09-08
Almandine Garnet,Red,5.21,Mixed Brilliant Oval,Red,Eye Clean,No Enhancement,203125.0,,11.5 x 9.47 x 5.96,Certified by Natural Sapphire Company,2025-09-08
Rhodolite Garnet,Purplish Red,0.88,Mixed Brilliant Pear,Purplish Red,Eye Clean,No Enhancement,28600.0,,6.78 x 4.99 x 3.63,Certified by Natural Sapphire Company,2025-09-08
Rhodolite Garnet,Purplish Pink,0.71,Mixed Brilliant Pear,Purplish Pink,Very Slightly Included,No Enhancement,27625.0,,7.25 x 5.0 x 2.84,Certified by Natural Sapphire Company,2025-09-08
Rhodolite Garnet,Reddish Purple,0.85,Mixed Brilliant Cushion,Reddish Purple,Very Slightly Included,No Enhancement,27625.0,,5.83 x 5.75 x 3.11,Certified by Natural Sapphire Company,2025-09-08
Rhodolite Garnet,Purplish Pink,0.97,Mixed Brilliant Pear,Purplish Pink,Very Slightly Included,No Enhancement,37700.0,,7.93 x 5.31 x 3.3,Certified by Natural Sapphire Company,2025-09-08
Rhodolite Garnet,Purplish Pink,0.87,Mixed Brilliant Pear,Purplish Pink,Eye Clean,No Enhancement,33800.0,,7.32 x 4.9 x 3.44,Certified by Natural Sapphire Company,2025-09-08
Rhodolite Garnet,Purple,0.86,Mixed Brilliant Pear,Purple,Eye Clean,No Enhancement,33475.0,,7.35 x 4.96 x 3.41,Certified by Natural Sapphire Company,2025-09-08
Rhodolite Garnet,Purplish Red,0.87,Mixed Brilliant Cushion,Purplish Red,Very Slightly Included,No Enhancement,28275.0,,5.67 x 5.64 x 3.3,Certified by Natural Sapphire Company,2025-09-08
Rhodolite Garnet,Purplish Pink,0.87,Mixed Brilliant Pear,Purplish Pink,Very Slightly Included,No Enhancement,33800.0,,8.06 x 4.72 x 3.22,Certified by Natural Sapphire Company,2025-09-08
Kornerupine,Yellowish Brown,2.47,Mixed Brilliant Pear,Yellowish Brown,Eye Clean,No Enhancement,80275.0,,9.67 x 7.34 x 5.59,Certified by Natural Sapphire Company,2025-09-08
Moonstone,Rainbow,0.3,Emerald Cut Emerald Cut,Rainbow,Very Slightly Included,No Enhancement,48750.0,,4.63 x 3.66 x 2.77,Certified by Natural Sapphire Company,2025-09-08
Moonstone,Rainbow,0.39,Emerald Cut Emerald Cut,Rainbow,Very Slightly Included,No Enhancement,48750.0,,5.81 x 3.5 x 2.79,Certified by Natural Sapphire Company,2025-09-08
Zircon,White,2.25,Mixed Brilliant Round,White,Very Slightly Included,No Enhancement,102375.0,,7.67 x 7.57 x 4.61,Certified by Natural Sapphire Company,2025-09-08
Kornerupine,Brownish Green,1.52,Mixed Brilliant Oval,Brownish Green,Very Slightly Included,No Enhancement,49400.0,,8.02 x 6.26 x 4.76,Certified by Natural Sapphire Company,2025-09-08
Spinel,Purplish Pink,0.89,Mixed Brilliant Oval,Purplish Pink,Very Slightly Included,No Enhancement,69550.0,,7.01 x 4.81 x 3.31,Certified by Natural Sapphire Company,2025-09-08
Citrine,Yellow,23.29,Mixed Brilliant Fancy,Yellow,Eye Clean,No Enhancement,227175.0,,26.64 x 15.01 x 11.7,Certified by Natural Sapphire Company,2025-09-08
Tourmaline,Orange,5.28,Mixed Brilliant Heart,Orange,Eye Clean,No Enhancement,274625.0,,9.98 x 11.03 x 7.69,Certified by Natural Sapphire Company,2025-09-08
Moonstone,Rainbow,0.24,Emerald Cut Emerald Cut,Rainbow,Very Slightly Included,No Enhancement,48750.0,,5.17 x 3.07 x 2.33,Certified by Natural Sapphire Company,2025-09-08
Kornerupine,Yellow,12.16,Mixed Brilliant Cushion,Yellow,Eye Clean,No Enhancement,632450.0,,15.36 x 10.37 x 8.35,Certified by Natural Sapphire Company,2025-09-08
Zircon,White,1.85,Mixed Brilliant Round,White,Very Slightly Included,No Enhancement,84175.0,,7.11 x 7.01 x 4.42,Certified by Natural Sapphire Company,2025-09-08
Tourmaline,Yellowish Green,1.29,Mixed Brilliant Round,Yellowish Green,Very Slightly Included,No Enhancement,58825.0,,6.68 x 6.65 x 3.57,Certified by Natural Sapphire Company,2025-09-08
Chrysoberyl,Greenish Yellow,0.76,Mixed Brilliant Oval,Greenish Yellow,Very Slightly Included,No Enhancement,44525.0,,5.57 x 4.81 x 3.37,Certified by Natural Sapphire Company,2025-09-08
Moonstone,White,0.49,Emerald Cut Emerald Cut,White,Very Slightly Included,No Enhancement,48750.0,,5.76 x 4.14 x 3.24,Certified by Natural Sapphire Company,2025-09-08
Moonstone,Rainbow,0.55,Emerald Cut Emerald Cut,Rainbow,Very Slightly Included,No Enhancement,48750.0,,6.47 x 3.83 x 3.3,Certified by Natural Sapphire Company,2025-09-08
Zircon,White,1.45,Mixed Brilliant Round,White,Eye Clean,No Enhancement,65975.0,,6.34 x 6.38 x 4.14,Certified by Natural Sapphire Company,2025-09-08
Zircon,White,1.96,Mixed Brilliant Round,White,Eye Clean,No Enhancement,89050.0,,6.9 x 6.85 x 4.69,Certified by Natural Sapphire Company,2025-09-08
Zircon,White,0.9,Mixed Brilliant Round,White,Eye Clean,No Enhancement,40950.0,,5.64 x 5.57 x 3.38,Certified by Natural Sapphire Company,2025-09-08
Zircon,White,0.82,Mixed Brilliant Round,White,Very Slightly Included,No Enhancement,37375.0,,5.55 x 5.58 x 3.16,Certified by Natural Sapphire Company,2025-09-08
Spinel,Blue,0.86,Mixed Brilliant Oval,Blue,Very Slightly Included,No Enhancement,27950.0,,7.0 x 4.92 x 3.09,Certified by Natural Sapphire Company,2025-09-08
Spinel,Purplish Blue,0.77,Mixed Brilliant Oval,Purplish Blue,Very Slightly Included,No Enhancement,29900.0,,5.95 x 4.67 x 3.68,Certified by Natural Sapphire Company,2025-09-08
Spinel,Blue,0.68,Mixed Brilliant Oval,Blue,Slightly Included,No Enhancement,26650.0,,6.44 x 5.5 x 2.97,Certified by Natural Sapphire Company,2025-09-08
Spinel,Purple,0.7,Mixed Brilliant Oval,Purple,Slightly Included,No Enhancement,18200.0,,6.41 x 4.6 x 3.47,Certified by Natural Sapphire Company,2025-09-08
Spinel,Purple,0.85,Mixed Brilliant Oval,Purple,Eye Clean,No Enhancement,38675.0,,7.29 x 5.51 x 2.88,Certified by Natural Sapphire Company,2025-09-08
Spinel,Purple,0.41,Mixed Brilliant Round,Purple,Very Slightly Included,No Enhancement,18525.0,,4.86 x 4.91 x 2.57,Certified by Natural Sapphire Company,2025-09-08
Spinel,Greenish Blue,0.54,Mixed Brilliant Round,Greenish Blue,Eye Clean,No Enhancement,17550.0,,5.01 x 5.02 x 3.24,Certified by Natural Sapphire Company,2025-09-08
Spinel,Purple,1.01,Mixed Brilliant Round,Purple,Eye Clean,No Enhancement,32825.0,,6.47 x 6.38 x 3.7,Certified by Natural Sapphire Company,2025-09-08
Spinel,Bluish Purple,0.79,Mixed Brilliant Round,Bluish Purple,Very Slightly Included,No Enhancement,25675.0,,6.4 x 6.31 x 2.98,Certified by Natural Sapphire Company,2025-09-08
Spinel,Purple,0.48,Mixed Brilliant Oval,Purple,Slightly Included,No Enhancement,15600.0,,5.84 x 4.52 x 2.68,Certified by Natural Sapphire Company,2025-09-08
Spinel,Greyish Blue,0.56,Mixed Brilliant Oval,Greyish Blue,Very Slightly Included,No Enhancement,18200.0,,6.28 x 4.16 x 2.89,Certified by Natural Sapphire Company,2025-09-08
Spinel,Purple,1.89,Mixed Brilliant Pear,Purple,Slightly Included,No Enhancement,61425.0,,8.98 x 6.37 x 5.2,Certified by Natural Sapphire Company,2025-09-08
Topaz,Blue,0.57,Emerald Cut Emerald Cut,Blue,Very Very Slightly Included,No Enhancement,7475.0,,5.98 x 3.91 x 2.65,Certified by Natural Sapphire Company,2025-09-08
Spinel,Purple,1.08,Mixed Brilliant Cushion,Purple,Very Slightly Included,No Enhancement,52650.0,,8.01 x 5.18 x 3.31,Certified by Natural Sapphire Company,2025-09-08
Beryl,White,8.88,Mixed Brilliant Oval,White,Very Slightly Included,No Enhancement,173225.0,,15.68 x 12.13 x 7.99,Certified by Natural Sapphire Company,2025-09-08
Spinel,Purple,0.99,Radiant Cut Radiant,Purple,Eye Clean,No Enhancement,64350.0,,8.22 x 4.1 x 3.12,Certified by Natural Sapphire Company,2025-09-08
Aquamarine,Blue,1.39,Trillion Cut Trillion,Blue,Very Slightly Included,No Enhancement,13650.0,,9.46 x 7.2 x 3.97,Certified by Natural Sapphire Company,2025-09-08
Hessonite Garnet,Red,8.03,Mixed Brilliant Cushion,Red,Eye Clean,No Enhancement,652600.0,,12.36 x 9.69 x 7.4,Certified by Natural Sapphire Company,2025-09-08
Aquamarine,Greenish Blue,12.88,Mixed Brilliant Round,Greenish Blue,Very Slightly Included,No Enhancement,251225.0,,16.4 x 16.4 x 8.84,Certified by Natural Sapphire Company,2025-09-08
Aquamarine,Blue,1.32,Mixed Brilliant Pear,Blue,Very Slightly Included,No Enhancement,13000.0,,9.61 x 7.2 x 3.6,Certified by Natural Sapphire Company,2025-09-08
Moonstone,Blue Flash,6.81,Cabochon Oval,Blue Flash,Very Slightly Included,No Enhancement,88400.0,,17.8 x 10.44 x 5.26,Certified by Natural Sapphire Company,2025-09-08
Rhodolite Garnet,Reddish Purple,3.05,Asscher Asscher - Octagon,Reddish Purple,Very Slightly Included,No Enhancement,172900.0,,8.16 x 7.98 x 5.08,Certified by Natural Sapphire Company,2025-09-08
Tourmaline,Green,16.6,Mixed Brilliant Cushion,Green,Eye Clean,Heat Treated,4585750.0,,16.88 x 13.42 x 9.13,Certified by Natural Sapphire Company,2025-09-08
Rubellite Tourmaline,Pinkish Red,9.96,Mixed Brilliant Cushion,Pinkish Red,Very Slightly Included,Heat Treated,2694900.0,,14.24 x 12.34 x 8.74,Certified by Natural Sapphire Company,2025-09-08
Moonstone,Rainbow,0.47,Emerald Cut Emerald Cut,Rainbow,Very Slightly Included,No Enhancement,48750.0,,5.31 x 3.73 x 3.57,Certified by Natural Sapphire Company,2025-09-08
Garnet,Red,1.58,Mixed Brilliant Oval,Red,Very Slightly Included,No Enhancement,10400.0,,8.02 x 5.97 x 4.16,Certified by Natural Sapphire Company,2025-09-08
Spinel,Grey,1.29,Asscher Asscher - Octagon,Grey,Slightly Included,No Enhancement,419250.0,,5.94 x 5.76 x 4.31,Certified by Natural Sapphire Company,2025-09-08
Spinel,Purple,4.03,Mixed Brilliant Oval,Purple,Slightly Included,Heat Treated,654875.0,,12.02 x 8.03 x 5.07,Certified by Natural Sapphire Company,2025-09-08
Moonstone,Rainbow,0.43,Emerald Cut Emerald Cut,Rainbow,Very Slightly Included,No Enhancement,48750.0,,5.65 x 3.95 x 2.75,Certified by Natural Sapphire Company,2025-09-08
Spinel,Pinkish Red,2.7,Asscher Asscher - Octagon,Pinkish Red,Eye Clean,Heat Treated,438750.0,,7.3 x 7.26 x 5.38,Certified by Natural Sapphire Company,2025-09-08
Spinel,Bluish Grey,1.22,Asscher Asscher - Octagon,Bluish Grey,Slightly Included,No Enhancement,396500.0,,5.84 x 5.76 x 4.32,Certified by Natural Sapphire Company,2025-09-08
Rhodolite Garnet,Purplish Pink,0.9,Mixed Brilliant Pear,Purplish Pink,Eye Clean,No Enhancement,35100.0,,7.4 x 5.17 x 3.35,Certified by Natural Sapphire Company,2025-09-08
Almandine Garnet,Red,1.23,Mixed Brilliant Pear,Red,Eye Clean,No Enhancement,39975.0,,8.14 x 5.55 x 3.82,Certified by Natural Sapphire Company,2025-09-08
Almandine Garnet,Purplish Red,1.34,Mixed Brilliant Pear,Purplish Red,Very Slightly Included,No Enhancement,43550.0,,6.93 x 7.23 x 3.75,Certified by Natural Sapphire Company,2025-09-08
Chrysoberyl,Yellowish Green,3.08,Mixed Brilliant Round,Yellowish Green,Eye Clean,No Enhancement,346450.0,,8.15 x 8.14 x 5.91,Certified by Natural Sapphire Company,2025-09-08
Almandine Garnet,Red,1.04,Mixed Brilliant Oval,Red,Eye Clean,No Enhancement,33800.0,,6.57 x 5.08 x 3.79,Certified by Natural Sapphire Company,2025-09-08
Rhodolite Garnet,Purplish Pink,0.96,Mixed Brilliant Oval,Purplish Pink,Eye Clean,No Enhancement,37375.0,,6.25 x 5.2 x 3.85,Certified by Natural Sapphire Company,2025-09-08
Almandine Garnet,Red,0.95,Mixed Brilliant Cushion,Red,Eye Clean,No Enhancement,30875.0,,6.1 x 6.02 x 3.34,Certified by Natural Sapphire Company,2025-09-08
Topaz,Blue,0.68,Emerald Cut Emerald Cut,Blue,Very Very Slightly Included,Irradiation,6500.0,,6.07 x 4.05 x 3.01,Certified by Natural Sapphire Company,2025-09-08
Chrysoberyl,Greenish Yellow,2.79,Cabochon Oval,Greenish Yellow,Very Very Slightly Included,No Enhancement,1088100.0,,7.91 x 6.5 x 5.52,Certified by Natural Sapphire Company,2025-09-08
Almandine Garnet,Red,1.05,Mixed Brilliant Pear,Red,Very Slightly Included,No Enhancement,34125.0,,8.32 x 5.58 x 3.08,Certified by Natural Sapphire Company,2025-09-08
Zircon,Green,1.65,Mixed Brilliant Cushion,Green,Included,No Enhancement,19175.0,,7.55 x 5.47 x 4.15,Certified by Natural Sapphire Company,2025-09-08
Chrysoberyl,Brown,4.13,Cabochon Round,Brown,Very Slightly Included,No Enhancement,67275.0,,9.52 x 9.51 x 5.33,Certified by Natural Sapphire Company,2025-09-08
Chrysoberyl,Greenish Yellow,2.68,Cabochon Oval,Greenish Yellow,Very Very Slightly Included,No Enhancement,1219400.0,,8.01 x 5.97 x 5.47,Certified by Natural Sapphire Company,2025-09-08
Spinel,Purple,0.78,Mixed Brilliant Oval,Purple,Very Very Slightly Included,No Enhancement,76050.0,,7.61 x 5.41 x 2.56,Certified by Natural Sapphire Company,2025-09-08
Chrysoberyl,Grey,3.86,Cabochon Oval,Grey,Very Slightly Included,No Enhancement,62725.0,,10.81 x 8.94 x 4.77,Certified by Natural Sapphire Company,2025-09-08
Moonstone,Grey,14.17,Cabochon Oval,Grey,Very Slightly Included,No Enhancement,46150.0,,19.64 x 13.55 x 6.85,Certified by Natural Sapphire Company,2025-09-08
Chrysoberyl,Yellowish Green,1.07,Cabochon Round,Yellowish Green,Very Slightly Included,No Enhancement,156650.0,,5.32 x 5.34 x 3.67,Certified by Natural Sapphire Company,2025-09-08
Chrysoberyl,Brown,4.1,Cabochon Round,Brown,Eye Clean,No Enhancement,66625.0,,9.42 x 9.23 x 5.59,Certified by Natural Sapphire Company,2025-09-08
Chrysoberyl,Brown,4.33,Cabochon Oval,Brown,Eye Clean,No Enhancement,70525.0,,10.63 x 8.6 x 5.05,Certified by Natural Sapphire Company,2025-09-08
Spinel,Purple,1.27,Mixed Brilliant Oval,Purple,Very Slightly Included,No Enhancement,82550.0,,7.44 x 5.8 x 4.15,Certified by Natural Sapphire Company,2025-09-08
Moonstone,Rainbow,0.44,Emerald Cut Emerald Cut,Rainbow,Very Slightly Included,No Enhancement,48750.0,,4.79 x 4.48 x 3.17,Certified by Natural Sapphire Company,2025-09-08
Moonstone,Rainbow,0.3,Emerald Cut Emerald Cut,Rainbow,Very Slightly Included,No Enhancement,48750.0,,5.14 x 3.04 x 3.01,Certified by Natural Sapphire Company,2025-09-08
Rhodolite Garnet,Red,1.7,Mixed Brilliant Cushion,Red,Eye Clean,No Enhancement,88400.0,,7.2 x 7.16 x 3.88,Certified by Natural Sapphire Company,2025-09-08
Chrysoberyl,Brown,2.99,Cabochon Oval,Brown,Eye Clean,No Enhancement,48750.0,,8.51 x 6.77 x 5.81,Certified by Natural Sapphire Company,2025-09-08
Chrysoberyl,Brown,3.38,Cabochon Round,Brown,Very Slightly Included,No Enhancement,54925.0,,8.89 x 8.82 x 5.23,Certified by Natural Sapphire Company,2025-09-08
Rhodolite Garnet,Purplish Pink,1.23,Mixed Brilliant Cushion,Purplish Pink,Eye Clean,No Enhancement,64025.0,,6.4 x 6.36 x 3.77,Certified by Natural Sapphire Company,2025-09-08
Chrysoberyl,Brown,3.41,Cabochon Oval,Brown,Very Slightly Included,No Enhancement,55575.0,,9.98 x 7.36 x 5.41,Certified by Natural Sapphire Company,2025-09-08
Rhodolite Garnet,Purplish Red,1.17,Mixed Brilliant Cushion,Purplish Red,Very Slightly Included,No Enhancement,60775.0,,5.88 x 5.7 x 4.15,Certified by Natural Sapphire Company,2025-09-08
Chrysoberyl,Brown,2.7,Cabochon Oval,Brown,Eye Clean,No Enhancement,43875.0,,8.84 x 6.41 x 5.67,Certified by Natural Sapphire Company,2025-09-08
Rhodolite Garnet,Purplish Red,1.13,Mixed Brilliant Oval,Purplish Red,Very Slightly Included,No Enhancement,58825.0,,6.75 x 5.45 x 3.85,Certified by Natural Sapphire Company,2025-09-08
Rhodolite Garnet,Reddish Purple,1.15,Mixed Brilliant Pear,Reddish Purple,Very Slightly Included,No Enhancement,59800.0,,7.96 x 5.45 x 3.87,Certified by Natural Sapphire Company,2025-09-08
Rhodolite Garnet,Purplish Pink,1.17,Mixed Brilliant Pear,Purplish Pink,Eye Clean,No Enhancement,60775.0,,8.63 x 5.58 x 3.42,Certified by Natural Sapphire Company,2025-09-08
Rhodolite Garnet,Purplish Pink,1.01,Mixed Brilliant Pear,Purplish Pink,Eye Clean,No Enhancement,52650.0,,6.67 x 5.33 x 4.13,Certified by Natural Sapphire Company,2025-09-08
Rhodolite Garnet,Pinkish Purple,1.03,Mixed Brilliant Pear,Pinkish Purple,Very Slightly Included,No Enhancement,53625.0,,8.44 x 5.37 x 3.22,Certified by Natural Sapphire Company,2025-09-08
Rhodolite Garnet,Purplish Pink,1.3,Mixed Brilliant Pear,Purplish Pink,Eye Clean,No Enhancement,67600.0,,8.5 x 5.82 x 3.74,Certified by Natural Sapphire Company,2025-09-08
Rhodolite Garnet,Purplish Red,1.26,Mixed Brilliant Cushion,Purplish Red,Eye Clean,No Enhancement,65650.0,,6.22 x 6.17 x 4.0,Certified by Natural Sapphire Company,2025-09-08
Rhodolite Garnet,Pinkish Purple,1.15,Mixed Brilliant Pear,Pinkish Purple,Eye Clean,No Enhancement,59800.0,,8.55 x 5.69 x 3.22,Certified by Natural Sapphire Company,2025-09-08
Rhodolite Garnet,Reddish Purple,1.12,Mixed Brilliant Cushion,Reddish Purple,Eye Clean,No Enhancement,58175.0,,7.42 x 5.4 x 3.38,Certified by Natural Sapphire Company,2025-09-08
Rhodolite Garnet,Purple,1.23,Mixed Brilliant Oval,Purple,Slightly Included,No Enhancement,64025.0,,6.93 x 5.36 x 4.05,Certified by Natural Sapphire Company,2025-09-08
Rhodolite Garnet,Reddish Purple,1.19,Mixed Brilliant Pear,Reddish Purple,Eye Clean,No Enhancement,61750.0,,9.08 x 5.43 x 3.46,Certified by Natural Sapphire Company,2025-09-08
Rhodolite Garnet,Purplish Red,1.41,Mixed Brilliant Oval,Purplish Red,Very Slightly Included,No Enhancement,73450.0,,7.59 x 5.88 x 4.04,Certified by Natural Sapphire Company,2025-09-08
Rhodolite Garnet,Red,1.37,Mixed Brilliant Cushion,Red,Eye Clean,No Enhancement,71175.0,,6.65 x 6.55 x 3.93,Certified by Natural Sapphire Company,2025-09-08
Rhodolite Garnet,Purplish Red,1.68,Mixed Brilliant Oval,Purplish Red,Eye Clean,No Enhancement,87425.0,,8.06 x 5.95 x 4.29,Certified by Natural Sapphire Company,2025-09-08
Rhodolite Garnet,Pinkish Purple,1.06,Mixed Brilliant Cushion,Pinkish Purple,Very Slightly Included,No Enhancement,55250.0,,5.65 x 5.52 x 4.22,Certified by Natural Sapphire Company,2025-09-08
Chrysoberyl,Brownish Yellow,1.01,Cabochon Oval,Brownish Yellow,Very Slightly Included,No Enhancement,65000.0,,5.99 x 4.67 x 3.69,Certified by Natural Sapphire Company,2025-09-08
Chrysoberyl,Brownish Green,0.67,Cabochon Oval,Brownish Green,Very Slightly Included,No Enhancement,32500.0,,5.56 x 3.58 x 3.34,Certified by Natural Sapphire Company,2025-09-08
Chrysoberyl,Brown,0.85,Cabochon Oval,Brown,Very Slightly Included,No Enhancement,32500.0,,5.52 x 4.78 x 3.22,Certified by Natural Sapphire Company,2025-09-08
Chrysoberyl,Greenish Yellow,1.27,Cabochon Oval,Greenish Yellow,Very Slightly Included,No Enhancement,65000.0,,6.67 x 5.18 x 3.65,Certified by Natural Sapphire Company,2025-09-08
Chrysoberyl,Yellowish Green,0.7,Cabochon Round,Yellowish Green,Eye Clean,No Enhancement,32500.0,,4.87 x 4.78 x 2.88,Certified by Natural Sapphire Company,2025-09-08
Chrysoberyl,Greenish Yellow,0.84,Cabochon Oval,Greenish Yellow,Eye Clean,No Enhancement,32825.0,,5.57 x 3.94 x 3.58,Certified by Natural Sapphire Company,2025-09-08
Chrysoberyl,Greenish Yellow,1.78,Cabochon Oval,Greenish Yellow,Eye Clean,No Enhancement,97500.0,,7.0 x 5.11 x 4.83,Certified by Natural Sapphire Company,2025-09-08
Chrysoberyl,Yellowish Brown,1.87,Cabochon Oval,Yellowish Brown,Slightly Included,No Enhancement,97500.0,,6.97 x 5.94 x 4.65,Certified by Natural Sapphire Company,2025-09-08
Chrysoberyl,Yellowish Green,1.29,Cabochon Oval,Yellowish Green,Eye Clean,No Enhancement,65000.0,,6.21 x 5.22 x 3.92,Certified by Natural Sapphire Company,2025-09-08
Chrysoberyl,Green,1.33,Cabochon Oval,Green,Eye Clean,No Enhancement,65000.0,,6.95 x 5.1 x 3.73,Certified by Natural Sapphire Company,2025-09-08
Chrysoberyl,Brown,1.84,Cabochon Oval,Brown,Very Slightly Included,No Enhancement,97500.0,,7.69 x 5.7 x 4.13,Certified by Natural Sapphire Company,2025-09-08
Chrysoberyl,Brownish Green,1.41,Cabochon Oval,Brownish Green,Very Slightly Included,No Enhancement,65000.0,,7.2 x 5.12 x 3.81,Certified by Natural Sapphire Company,2025-09-08
Chrysoberyl,Yellow,1.15,Cabochon Oval,Yellow,Very Slightly Included,No Enhancement,65000.0,,7.0 x 5.68 x 2.79,Certified by Natural Sapphire Company,2025-09-08
Chrysoberyl,Green,1.31,Cabochon Oval,Green,Eye Clean,No Enhancement,65000.0,,6.66 x 5.6 x 3.66,Certified by Natural Sapphire Company,2025-09-08
Chrysoberyl,Brownish Green,1.65,Cabochon Round,Brownish Green,Very Slightly Included,No Enhancement,97500.0,,6.2 x 6.17 x 4.36,Certified by Natural Sapphire Company,2025-09-08
Chrysoberyl,Yellow,1.24,Cabochon Oval,Yellow,Very Slightly Included,No Enhancement,65000.0,,7.02 x 5.93 x 2.88,Certified by Natural Sapphire Company,2025-09-08
Amethyst,Pinkish Purple,62.46,Mixed Brilliant Cushion,Pinkish Purple,Eye Clean,No Enhancement,435500.0,,26.41 x 23.87 x 16.02,Certified by Natural Sapphire Company,2025-09-08
Amethyst,Purple,39.24,Trillion Cut Trillion,Purple,Eye Clean,No Enhancement,273000.0,,23.9 x 23.54 x 14.92,Certified by Natural Sapphire Company,2025-09-08
Moonstone,Rainbow,4.3,Mixed Brilliant Cushion,Rainbow,Very Slightly Included,No Enhancement,390000.0,,12.61 x 9.06 x 6.27,Certified by Natural Sapphire Company,2025-09-08
Moonstone,Blue Flash,8.88,Cabochon Oval,Blue Flash,Eye Clean,No Enhancement,45500.0,,14.81 x 10.09 x 7.86,Certified by Natural Sapphire Company,2025-09-08
Chrysoberyl,Greenish Yellow,1.3,Cabochon Oval,Greenish Yellow,Eye Clean,No Enhancement,65000.0,,4.71 x 6.4 x 4.6,Certified by Natural Sapphire Company,2025-09-08
Chrysoberyl,Brown,1.45,Cabochon Oval,Brown,Very Slightly Included,No Enhancement,65000.0,,6.08 x 5.69 x 4.47,Certified by Natural Sapphire Company,2025-09-08
Moonstone,Blue Flash,4.86,Cabochon Oval,Blue Flash,Eye Clean,No Enhancement,26000.0,,16.84 x 6.43 x 6.03,Certified by Natural Sapphire Company,2025-09-08
Beryl,Green,15.62,Fancy Cut Fancy,Green,Very Slightly Included,No Enhancement,195000.0,,18.3 x 16.35 x 9.74,Certified by Natural Sapphire Company,2025-09-08
Amethyst,Purple,56.94,Trillion Cut Trillion,Purple,Eye Clean,No Enhancement,396500.0,,27.12 x 21.15 x 15.74,Certified by Natural Sapphire Company,2025-09-08
Chrysoberyl,Yellow,1.39,Cabochon Oval,Yellow,Eye Clean,No Enhancement,65000.0,,6.61 x 5.68 x 3.52,Certified by Natural Sapphire Company,2025-09-08
Zircon,Yellow,2.23,Mixed Brilliant Round,Yellow,Very Slightly Included,Heat Treated,57850.0,,7.55 x 7.49 x 4.74,Certified by Natural Sapphire Company,2025-09-08
Rhodolite Garnet,Purplish Pink,1.72,Mixed Brilliant Oval,Purplish Pink,Eye Clean,No Enhancement,44850.0,,7.94 x 6.27 x 4.31,Certified by Natural Sapphire Company,2025-09-08
Zircon,Greenish Brown,1.83,Mixed Brilliant Round,Greenish Brown,Very Slightly Included,Heat Treated,47450.0,,7.43 x 7.39 x 5.03,Certified by Natural Sapphire Company,2025-09-08
Tourmaline,Yellowish Green,0.75,Radiant Cut Radiant,Yellowish Green,Slightly Included,No Enhancement,29250.0,,5.65 x 4.65 x 4.27,Certified by Natural Sapphire Company,2025-09-08
Chrysoberyl,Yellow,1.26,Mixed Brilliant Oval,Yellow,Very Slightly Included,No Enhancement,65000.0,,8.97 x 7.08 x 2.3,Certified by Natural Sapphire Company,2025-09-08
Chrysoberyl,Yellowish Green,1.42,Mixed Brilliant Cushion,Yellowish Green,Very Slightly Included,No Enhancement,65000.0,,7.89 x 5.28 x 3.98,Certified by Natural Sapphire Company,2025-09-08
Chrysoberyl,Yellow,1.22,Cabochon Oval,Yellow,Eye Clean,No Enhancement,68250.0,,5.48 x 5.19 x 4.44,Certified by Natural Sapphire Company,2025-09-08
Chrysoberyl,Brownish Green,1.55,Cabochon Round,Brownish Green,Very Slightly Included,No Enhancement,468650.0,,6.59 x 6.66 x 3.59,Certified by Natural Sapphire Company,2025-09-08
Zircon,Brownish Yellow,1.74,Mixed Brilliant Round,Brownish Yellow,Very Slightly Included,Heat Treated,45175.0,,6.89 x 6.86 x 4.15,Certified by Natural Sapphire Company,2025-09-08
Tourmaline,Blue,5.37,Mixed Brilliant Cushion,Blue,Very Slightly Included,No Enhancement,1170000.0,,11.83 x 9.59 x 6.74,Certified by Natural Sapphire Company,2025-09-08
Tourmaline,Watermelon,1.32,Mixed Brilliant Oval,Watermelon,Very Slightly Included,No Enhancement,65000.0,,8.05 x 6.4 x 3.72,Certified by Natural Sapphire Company,2025-09-08
Tourmaline,Orange,3.93,Mixed Brilliant Cushion,Orange,Eye Clean,No Enhancement,97500.0,,10.49 x 10.35 x 5.15,Certified by Natural Sapphire Company,2025-09-08
Zircon,Brownish Yellow,1.03,Mixed Brilliant Round,Brownish Yellow,Very Slightly Included,No Enhancement,16900.0,,6.05 x 6.08 x 4.15,Certified by Natural Sapphire Company,2025-09-08
Zircon,Yellow,1.8,Mixed Brilliant Oval,Yellow,Very Slightly Included,No Enhancement,18850.0,,8.21 x 6.22 x 3.73,Certified by Natural Sapphire Company,2025-09-08
Spinel,Purplish Red,3.43,Mixed Brilliant Oval,Purplish Red,Eye Clean,No Enhancement,715000.0,,10.54 x 8.89 x 5.09,Certified by Natural Sapphire Company,2025-09-08
Spinel,Purplish Pink,1.02,Mixed Brilliant Pear,Purplish Pink,Very Slightly Included,No Enhancement,195000.0,,7.26 x 5.5 x 3.7,Certified by Natural Sapphire Company,2025-09-08
Spinel,Purplish Red,5.19,Mixed Brilliant Oval,Purplish Red,Eye Clean,No Enhancement,1503125.0,,10.95 x 8.93 x 6.53,Certified by Natural Sapphire Company,2025-09-08
Tourmaline,Green,3.81,Mixed Brilliant Heart,Green,Very Slightly Included,No Enhancement,260000.0,,9.47 x 10.18 x 6.37,Certified by Natural Sapphire Company,2025-09-08
Tourmaline,Purplish Pink,3.02,Mixed Brilliant Cushion,Purplish Pink,Very Slightly Included,No Enhancement,65000.0,,8.93 x 8.83 x 5.99,Certified by Natural Sapphire Company,2025-09-08
Zircon,Green,3.16,Mixed Brilliant Cushion,Green,Very Slightly Included,No Enhancement,65000.0,,8.58 x 8.51 x 4.69,Certified by Natural Sapphire Company,2025-09-08
Chrysoberyl,Greenish Yellow,1.99,Radiant Cut Radiant,Greenish Yellow,Very Slightly Included,No Enhancement,65000.0,,9.11 x 6.38 x 3.63,Certified by Natural Sapphire Company,2025-09-08
Cobalt Spinel,Blue,1.61,Sugar Loaf Cushion,Blue,Eye Clean,No Enhancement,715000.0,,7.84 x 6.29 x 4.13,Certified by Natural Sapphire Company,2025-09-08
Cobalt Spinel,Blue,1.58,Mixed Brilliant Cushion,Blue,Very Slightly Included,No Enhancement,347750.0,,6.76 x 6.16 x 4.69,Certified by Natural Sapphire Company,2025-09-08
Topaz,Swiss Blue,6.94,Mixed Brilliant Oval,Swiss Blue,Very Very Slightly Included,Irradiation,67600.0,,12.19 x 10.18 x 7.04,Certified by Natural Sapphire Company,2025-09-08
Cobalt Spinel,Blue,2.13,Mixed Brilliant Oval,Blue,Very Slightly Included,No Enhancement,975000.0,,8.06 x 6.85 x 5.01,Certified by Natural Sapphire Company,2025-09-08
Cobalt Spinel,Purplish Blue,1.36,Mixed Brilliant Oval,Purplish Blue,Eye Clean,No Enhancement,390000.0,,8.15 x 5.5 x 3.97,Certified by Natural Sapphire Company,2025-09-08
Cobalt Spinel,Blue,2.12,Mixed Brilliant Oval,Blue,Eye Clean,No Enhancement,975000.0,,8.11 x 7.17 x 4.76,Certified by Natural Sapphire Company,2025-09-08
Garnet,Color Change,6.94,Mixed Brilliant Cushion,Color Change,Eye Clean,No Enhancement,715000.0,,12.13 x 9.4 x 6.35,Certified by Natural Sapphire Company,2025-09-08
Cobalt Spinel,Blue,1.2,Mixed Brilliant Cushion,Blue,Very Slightly Included,No Enhancement,347750.0,,6.66 x 5.83 x 3.92,Certified by Natural Sapphire Company,2025-09-08
Chrysoberyl,Greenish Brown,8.35,Mixed Brilliant Cushion,Greenish Brown,Very Slightly Included,No Enhancement,370500.0,,14.4 x 10.01 x 6.38,Certified by Natural Sapphire Company,2025-09-08
Chrysoberyl,Yellow,1.25,Princess Cut Princess,Yellow,Very Slightly Included,No Enhancement,65000.0,,5.75 x 5.72 x 4.49,Certified by Natural Sapphire Company,2025-09-08
Chrysoberyl,Yellowish Green,1.08,Mixed Brilliant Pear,Yellowish Green,Eye Clean,No Enhancement,65000.0,,8.05 x 5.15 x 3.53,Certified by Natural Sapphire Company,2025-09-08
Chrysoberyl,Yellowish Green,1.19,Mixed Brilliant Pear,Yellowish Green,Very Slightly Included,No Enhancement,65000.0,,8.22 x 5.44 x 3.67,Certified by Natural Sapphire Company,2025-09-08
Chrysoberyl,Brownish Yellow,2.33,Radiant Cut Radiant,Brownish Yellow,Eye Clean,No Enhancement,195000.0,,7.83 x 6.54 x 5.24,Certified by Natural Sapphire Company,2025-09-08
Chrysoberyl,Brownish Green,1.52,Mixed Brilliant Oval,Brownish Green,Very Slightly Included,No Enhancement,65000.0,,7.57 x 5.43 x 4.24,Certified by Natural Sapphire Company,2025-09-08
Chrysoberyl,Yellowish Green,1.39,Radiant Cut Radiant,Yellowish Green,Very Slightly Included,No Enhancement,130000.0,,6.85 x 5.61 x 4.05,Certified by Natural Sapphire Company,2025-09-08
Chrysoberyl,Greenish Yellow,1.72,Mixed Brilliant Cushion,Greenish Yellow,Eye Clean,No Enhancement,65000.0,,7.01 x 6.98 x 4.38,Certified by Natural Sapphire Company,2025-09-08
Chrysoberyl,Yellowish Green,1.3,Mixed Brilliant Round,Yellowish Green,Very Slightly Included,No Enhancement,97500.0,,5.95 x 5.95 x 4.71,Certified by Natural Sapphire Company,2025-09-08
Chrysoberyl,Yellowish Green,1.7,Radiant Cut Radiant,Yellowish Green,Very Slightly Included,No Enhancement,143000.0,,6.8 x 6.48 x 4.23,Certified by Natural Sapphire Company,2025-09-08
Chrysoberyl,Yellowish Brown,1.54,Radiant Cut Radiant,Yellowish Brown,Very Slightly Included,No Enhancement,97500.0,,7.91 x 5.42 x 3.93,Certified by Natural Sapphire Company,2025-09-08
Chrysoberyl,Yellow,1.25,Mixed Brilliant Pear,Yellow,Very Slightly Included,No Enhancement,65000.0,,9.01 x 6.99 x 2.78,Certified by Natural Sapphire Company,2025-09-08
Chrysoberyl,Green,1.05,Mixed Brilliant Oval,Green,Very Slightly Included,No Enhancement,130000.0,,6.79 x 5.71 x 3.95,Certified by Natural Sapphire Company,2025-09-08
Chrysoberyl,Yellow,1.27,Mixed Brilliant Cushion,Yellow,Very Slightly Included,No Enhancement,65000.0,,8.03 x 5.27 x 3.26,Certified by Natural Sapphire Company,2025-09-08
Chrysoberyl,Yellowish Green,1.22,Mixed Brilliant Oval,Yellowish Green,Very Slightly Included,No Enhancement,65000.0,,6.97 x 5.58 x 3.92,Certified by Natural Sapphire Company,2025-09-08
Chrysoberyl,Greenish Yellow,0.95,Mixed Brilliant Pear,Greenish Yellow,Eye Clean,No Enhancement,39000.0,,8.1 x 6.07 x 2.9,Certified by Natural Sapphire Company,2025-09-08
Chrysoberyl,Greenish Yellow,1.44,Mixed Brilliant Oval,Greenish Yellow,Very Slightly Included,No Enhancement,97500.0,,8.96 x 7.0 x 2.64,Certified by Natural Sapphire Company,2025-09-08
Chrysoberyl,Greenish Yellow,1.58,Mixed Brilliant Oval,Greenish Yellow,Very Slightly Included,No Enhancement,65000.0,,8.06 x 6.81 x 3.62,Certified by Natural Sapphire Company,2025-09-08
Zircon,Brown,1.98,Mixed Brilliant Oval,Brown,Eye Clean,No Enhancement,32175.0,,7.87 x 5.75 x 4.41,Certified by Natural Sapphire Company,2025-09-08
Zircon,Brown,0.91,Mixed Brilliant Round,Brown,Very Slightly Included,No Enhancement,13000.0,,5.84 x 5.85 x 3.17,Certified by Natural Sapphire Company,2025-09-08
Zircon,Green,5.4,Mixed Brilliant Cushion,Green,Included,No Enhancement,122850.0,,12.25 x 8.19 x 5.78,Certified by Natural Sapphire Company,2025-09-08
Zircon,Yellowish Brown,1.64,Mixed Brilliant Oval,Yellowish Brown,Very Slightly Included,No Enhancement,31850.0,,6.77 x 5.6 x 4.49,Certified by Natural Sapphire Company,2025-09-08
Zircon,Pinkish Brown,0.67,Mixed Brilliant Round,Pinkish Brown,Eye Clean,No Enhancement,6500.0,,5.0 x 5.07 x 3.02,Certified by Natural Sapphire Company,2025-09-08
Zircon,Brown,1.17,Mixed Brilliant Oval,Brown,Very Slightly Included,No Enhancement,15925.0,,7.1 x 5.27 x 3.28,Certified by Natural Sapphire Company,2025-09-08
Zircon,Green,0.58,Mixed Brilliant Oval,Green,Very Slightly Included,No Enhancement,6500.0,,5.75 x 4.62 x 2.61,Certified by Natural Sapphire Company,2025-09-08
Zircon,Brown,0.9,Mixed Brilliant Oval,Brown,Very Slightly Included,No Enhancement,10075.0,,6.55 x 4.83 x 2.98,Certified by Natural Sapphire Company,2025-09-08
Amethyst,Purple,2.23,Emerald Cut Emerald Cut,Purple,Very Slightly Included,Heat Treated,7150.0,,8.79 x 6.83 x 4.75,Certified by Natural Sapphire Company,2025-09-08
Zircon,Brown,0.96,Mixed Brilliant Oval,Brown,Very Slightly Included,No Enhancement,13000.0,,6.88 x 4.91 x 2.95,Certified by Natural Sapphire Company,2025-09-08
Zircon,Brown,1.89,Emerald Cut Emerald Cut,Brown,Slightly Included,No Enhancement,15925.0,,7.37 x 5.3 x 4.28,Certified by Natural Sapphire Company,2025-09-08
Zircon,Pinkish Brown,1.07,Emerald Cut Emerald Cut,Pinkish Brown,Very Slightly Included,No Enhancement,9750.0,,6.66 x 4.25 x 3.13,Certified by Natural Sapphire Company,2025-09-08
Zircon,Purplish Red,1.39,Mixed Brilliant Oval,Purplish Red,Very Slightly Included,No Enhancement,22750.0,,6.47 x 5.4 x 4.13,Certified by Natural Sapphire Company,2025-09-08
Spinel,Purple,2.14,Mixed Brilliant Oval,Purple,Very Slightly Included,No Enhancement,139100.0,,8.82 x 6.94 x 5.01,Certified by Natural Sapphire Company,2025-09-08
Spinel,Pinkish Purple,0.48,Mixed Brilliant Round,Pinkish Purple,Very Slightly Included,No Enhancement,9750.0,,4.71 x 4.71 x 3.13,Certified by Natural Sapphire Company,2025-09-08
Chrysoberyl,Greenish Yellow,9.94,Double Cabochon Round,Greenish Yellow,Very Slightly Included,Heat Treated,3020550.0,,12.25 x 12.11 x 7.7,Certified by Natural Sapphire Company,2025-09-08
Moonstone,Brown,10.53,Cabochon Oval,Brown,Very Slightly Included,No Enhancement,34125.0,,15.29 x 9.35 x 9.88,Certified by Natural Sapphire Company,2025-09-08
Spinel,Blue,0.45,Mixed Brilliant Round,Blue,Very Very Slightly Included,No Enhancement,7800.0,,4.56 x 4.56 x 3.1,Certified by Natural Sapphire Company,2025-09-08
Spinel,Pinkish Purple,0.66,Emerald Cut Emerald Cut,Pinkish Purple,Very Very Slightly Included,No Enhancement,11700.0,,5.82 x 4.02 x 3.11,Certified by Natural Sapphire Company,2025-09-08
Spinel,Purple,0.5,Mixed Brilliant Round,Purple,Very Very Slightly Included,No Enhancement,13000.0,,4.87 x 4.84 x 3.26,Certified by Natural Sapphire Company,2025-09-08
Spinel,Blue,0.47,Mixed Brilliant Round,Blue,Eye Clean,No Enhancement,13000.0,,4.6 x 4.6 x 3.1,Certified by Natural Sapphire Company,2025-09-08
Spinel,Blue,0.42,Mixed Brilliant Round,Blue,Very Very Slightly Included,No Enhancement,9750.0,,4.34 x 4.32 x 3.14,Certified by Natural Sapphire Company,2025-09-08
Garnet,Reddish Purple,1.58,Radiant Cut Radiant,Reddish Purple,Slightly Included,No Enhancement,184925.0,,7.56 x 5.53 x 4.49,Certified by Natural Sapphire Company,2025-09-08
Spinel,Bluish Green,0.69,Mixed Brilliant Oval,Bluish Green,Very Slightly Included,No Enhancement,13000.0,,6.17 x 4.65 x 3.2,Certified by Natural Sapphire Company,2025-09-08
Zircon,Greenish Yellow,2.6,Mixed Brilliant Oval,Greenish Yellow,Very Slightly Included,Heat Treated,67600.0,,9.12 x 6.66 x 4.43,Certified by Natural Sapphire Company,2025-09-08
Zircon,Brownish Orange,1.47,Mixed Brilliant Round,Brownish Orange,Very Slightly Included,Heat Treated,38350.0,,8.06 x 8.09 x 4.7,Certified by Natural Sapphire Company,2025-09-08
Zircon,Brownish Green,1.8,Mixed Brilliant Round,Brownish Green,Very Slightly Included,Heat Treated,46800.0,,7.99 x 7.98 x 4.29,Certified by Natural Sapphire Company,2025-09-08
Zircon,Brownish Green,1.86,Mixed Brilliant Oval,Brownish Green,Very Slightly Included,Heat Treated,48425.0,,8.92 x 6.96 x 3.98,Certified by Natural Sapphire Company,2025-09-08
Beryl,Grey,0.8,Radiant Cut Radiant,Grey,Very Slightly Included,No Enhancement,10400.0,,6.9 x 5.0 x 3.81,Certified by Natural Sapphire Company,2025-09-08
Zircon,Orange,1.85,Mixed Brilliant Round,Orange,Very Slightly Included,Heat Treated,48100.0,,8.53 x 8.57 x 4.51,Certified by Natural Sapphire Company,2025-09-08
Zircon,Green,1.92,Mixed Brilliant Oval,Green,Very Slightly Included,Heat Treated,50050.0,,9.13 x 7.22 x 4.09,Certified by Natural Sapphire Company,2025-09-08
Zircon,Yellow,1.9,Mixed Brilliant Round,Yellow,Very Slightly Included,Heat Treated,49400.0,,7.05 x 7.04 x 4.5,Certified by Natural Sapphire Company,2025-09-08
Zircon,Brownish Yellow,1.65,Mixed Brilliant Round,Brownish Yellow,Very Slightly Included,Heat Treated,42900.0,,7.08 x 7.03 x 3.92,Certified by Natural Sapphire Company,2025-09-08
Aquamarine,Greenish Blue,7.4,Mixed Brilliant Cushion,Greenish Blue,Very Slightly Included,No Enhancement,288600.0,,12.79 x 10.87 x 7.46,Certified by Natural Sapphire Company,2025-09-08
Chrysoberyl,Green,1.09,Mixed Brilliant Cushion,Green,Very Slightly Included,No Enhancement,42575.0,,5.61 x 5.51 x 4.28,Certified by Natural Sapphire Company,2025-09-08
Chrysoberyl,Green,2.06,Cabochon Oval,Green,Very Slightly Included,No Enhancement,160550.0,,7.97 x 6.37 x 4.09,Certified by Natural Sapphire Company,2025-09-08
Chrysoberyl,Brownish Green,2.73,Cabochon Oval,Brownish Green,Very Slightly Included,No Enhancement,195325.0,,5.93 x 7.68 x 5.75,Certified by Natural Sapphire Company,2025-09-08
Chrysoberyl,Brownish Yellow,1.83,Cabochon Oval,Brownish Yellow,Very Slightly Included,No Enhancement,142675.0,,7.54 x 5.65 x 4.55,Certified by Natural Sapphire Company,2025-09-08
Chrysoberyl,Yellowish Brown,1.78,Cabochon Oval,Yellowish Brown,Very Slightly Included,No Enhancement,115700.0,,8.0 x 6.41 x 4.2,Certified by Natural Sapphire Company,2025-09-08
Chrysoberyl,Green,1.49,Cabochon Oval,Green,Very Slightly Included,No Enhancement,116350.0,,7.16 x 5.12 x 4.57,Certified by Natural Sapphire Company,2025-09-08
Chrysoberyl,Brown,1.53,Cabochon Oval,Brown,Very Slightly Included,No Enhancement,119275.0,,6.37 x 5.46 x 4.56,Certified by Natural Sapphire Company,2025-09-08
Chrysoberyl,Greenish Yellow,1.75,Cabochon Oval,Greenish Yellow,Very Slightly Included,No Enhancement,136500.0,,7.18 x 5.86 x 4.67,Certified by Natural Sapphire Company,2025-09-08
Chrysoberyl,Green,1.35,Cabochon Oval,Green,Very Slightly Included,No Enhancement,105300.0,,6.17 x 5.75 x 3.84,Certified by Natural Sapphire Company,2025-09-08
Chrysoberyl,Green,1.52,Cabochon Oval,Green,Very Slightly Included,No Enhancement,118625.0,,6.38 x 6.08 x 4.26,Certified by Natural Sapphire Company,2025-09-08
Chrysoberyl,Brown,0.87,Cabochon Oval,Brown,Very Slightly Included,No Enhancement,98800.0,,5.81 x 4.99 x 3.17,Certified by Natural Sapphire Company,2025-09-08
Zircon,Yellowish Brown,0.9,Mixed Brilliant Oval,Yellowish Brown,Very Slightly Included,No Enhancement,7475.0,,6.23 x 4.43 x 3.46,Certified by Natural Sapphire Company,2025-09-08
Chrysoberyl,Grey,12.9,Double Cabochon Oval,Grey,Eye Clean,Heat Treated,419250.0,,14.84 x 11.19 x 8.61,Certified by Natural Sapphire Company,2025-09-08
Aquamarine,Blue,1.88,Emerald Cut Emerald Cut,Blue,Very Slightly Included,No Enhancement,158925.0,,9.07 x 7.16 x 4.26,Certified by Natural Sapphire Company,2025-09-08
Garnet,Orangish Red,1.05,Mixed Brilliant Pear,Orangish Red,Very Slightly Included,No Enhancement,6825.0,,7.23 x 5.81 x 3.53,Certified by Natural Sapphire Company,2025-09-08
Aquamarine,Blue,2.76,Emerald Cut Emerald Cut,Blue,Very Slightly Included,No Enhancement,233350.0,,10.24 x 7.47 x 5.18,Certified by Natural Sapphire Company,2025-09-08
Spinel,Purple,0.84,Mixed Brilliant Pear,Purple,Very Very Slightly Included,No Enhancement,81900.0,,7.4 x 5.06 x 3.5,Certified by Natural Sapphire Company,2025-09-08
Aquamarine,Blue,2.93,Emerald Cut Emerald Cut,Blue,Very Slightly Included,No Enhancement,247650.0,,10.31 x 8.44 x 4.63,Certified by Natural Sapphire Company,2025-09-08
Aquamarine,Blue,2.91,Emerald Cut Emerald Cut,Blue,Very Slightly Included,No Enhancement,246025.0,,9.59 x 6.58 x 6.13,Certified by Natural Sapphire Company,2025-09-08
Aquamarine,Blue,2.13,Emerald Cut Emerald Cut,Blue,Eye Clean,No Enhancement,180050.0,,9.55 x 6.41 x 5.19,Certified by Natural Sapphire Company,2025-09-08
Aquamarine,Blue,2.84,Emerald Cut Emerald Cut,Blue,Very Slightly Included,No Enhancement,239850.0,,9.75 x 7.44 x 5.39,Certified by Natural Sapphire Company,2025-09-08
Aquamarine,Blue,2.77,Emerald Cut Emerald Cut,Blue,Eye Clean,No Enhancement,234000.0,,9.31 x 6.99 x 6.66,Certified by Natural Sapphire Company,2025-09-08
Aquamarine,Blue,2.47,Emerald Cut Emerald Cut,Blue,Eye Clean,No Enhancement,208650.0,,9.02 x 8.08 x 5.09,Certified by Natural Sapphire Company,2025-09-08
Zircon,Blue,3.94,Emerald Cut Emerald Cut,Blue,Eye Clean,Heat Treated,276575.0,,11.15 x 5.34 x 5.28,Certified by Natural Sapphire Company,2025-09-08
Spinel,Blue,1.34,Mixed Brilliant Cushion,Blue,Eye Clean,No Enhancement,104650.0,,7.5 x 5.31 x 4.24,Certified by Natural Sapphire Company,2025-09-08
Zircon,Blue,3.54,Emerald Cut Emerald Cut,Blue,Eye Clean,Heat Treated,276250.0,,11.18 x 5.36 x 4.75,Certified by Natural Sapphire Company,2025-09-08
Aquamarine,Blue,2.41,Emerald Cut Emerald Cut,Blue,Eye Clean,No Enhancement,203775.0,,10.84 x 6.69 x 4.37,Certified by Natural Sapphire Company,2025-09-08
Aquamarine,Blue,2.5,Emerald Cut Emerald Cut,Blue,Eye Clean,No Enhancement,211250.0,,12.11 x 6.61 x 4.29,Certified by Natural Sapphire Company,2025-09-08
Moonstone,Rainbow,0.57,Emerald Cut Emerald Cut,Rainbow,Very Slightly Included,No Enhancement,48750.0,,5.68 x 4.08 x 3.67,Certified by Natural Sapphire Company,2025-09-08
Spinel,Color Change,3.07,Asscher Asscher - Octagon,Color Change,Very Slightly Included,No Enhancement,698425.0,,7.6 x 7.59 x 5.59,Certified by Natural Sapphire Company,2025-09-08
Chrysoberyl,Brown,1.34,Mixed Brilliant Oval,Brown,Slightly Included,No Enhancement,522600.0,,6.11 x 5.7 x 4.38,Certified by Natural Sapphire Company,2025-09-08
Moonstone,Rainbow,0.46,Emerald Cut Emerald Cut,Rainbow,Very Slightly Included,No Enhancement,48750.0,,6.33 x 3.88 x 2.9,Certified by Natural Sapphire Company,2025-09-08
Spinel,Purple,1.53,Mixed Brilliant Cushion,Purple,Eye Clean,No Enhancement,149175.0,,7.34 x 5.74 x 4.37,Certified by Natural Sapphire Company,2025-09-08
Chrysoberyl,Green,2.37,Mixed Brilliant Round,Green,Very Slightly Included,No Enhancement,1232400.0,,8.8 x 8.24 x 3.38,Certified by Natural Sapphire Company,2025-09-08
Spinel,Blue,0.8,Mixed Brilliant Round,Blue,Very Slightly Included,No Enhancement,31200.0,,5.57 x 5.55 x 3.64,Certified by Natural Sapphire Company,2025-09-08
Moonstone,Rainbow,0.43,Emerald Cut Emerald Cut,Rainbow,Very Slightly Included,No Enhancement,48750.0,,5.4 x 3.83 x 3.27,Certified by Natural Sapphire Company,2025-09-08
Moonstone,Rainbow,1.69,Mixed Brilliant Oval,Rainbow,Very Slightly Included,No Enhancement,82550.0,,8.83 x 6.26 x 5.04,Certified by Natural Sapphire Company,2025-09-08
Spinel,Purplish Grey,1.25,Mixed Brilliant Marquise,Purplish Grey,Very Slightly Included,No Enhancement,121875.0,,9.6 x 5.19 x 3.75,Certified by Natural Sapphire Company,2025-09-08
Cobalt Spinel,Bluish Green,1.27,Mixed Brilliant Oval,Bluish Green,Very Slightly Included,No Enhancement,619125.0,,7.87 x 6.38 x 3.72,Certified by Natural Sapphire Company,2025-09-08
Topaz,Pink,4.13,Mixed Brilliant Pear,Pink,Very Slightly Included,Vapor-Infused Coating,16250.0,,12.14 x 8.19 x 6.06,Certified by Natural Sapphire Company,2025-09-08
Moonstone,Rainbow,0.57,Emerald Cut Emerald Cut,Rainbow,Very Slightly Included,No Enhancement,48750.0,,5.38 x 4.81 x 3.41,Certified by Natural Sapphire Company,2025-09-08
Topaz,Pink,4.06,Checkerboard Pear,Pink,Slightly Included,Vapor-Infused Coating,15925.0,,12.05 x 7.99 x 6.05,Certified by Natural Sapphire Company,2025-09-08
Moonstone,Rainbow,0.26,Emerald Cut Emerald Cut,Rainbow,Eye Clean,No Enhancement,48750.0,,4.96 x 3.35 x 2.26,Certified by Natural Sapphire Company,2025-09-08
Spinel,Violet,1.02,Mixed Brilliant Oval,Violet,Very Slightly Included,No Enhancement,33150.0,,7.05 x 5.66 x 3.45,Certified by Natural Sapphire Company,2025-09-08
Topaz,Pink,4.25,Checkerboard Pear,Pink,Very Slightly Included,Vapor-Infused Coating,16575.0,,12.13 x 8.13 x 6.34,Certified by Natural Sapphire Company,2025-09-08
Topaz,Pink,3.79,Mixed Brilliant Pear,Pink,Slightly Included,Vapor-Infused Coating,14625.0,,12.02 x 8.02 x 5.83,Certified by Natural Sapphire Company,2025-09-08
Topaz,Pink,3.74,Mixed Brilliant Pear,Pink,Slightly Included,Vapor-Infused Coating,14625.0,,12.02 x 7.99 x 6.01,Certified by Natural Sapphire Company,2025-09-08
Chrysoberyl,Green,0.88,Mixed Brilliant Round,Green,Very Slightly Included,No Enhancement,28600.0,,5.55 x 5.54 x 3.72,Certified by Natural Sapphire Company,2025-09-08
Garnet,Purplish Pink,4.9,Mixed Brilliant Cushion,Purplish Pink,Very Slightly Included,No Enhancement,254800.0,,9.85 x 9.15 x 6.11,Certified by Natural Sapphire Company,2025-09-08
Topaz,Pink,3.35,Mixed Brilliant Pear,Pink,Very Slightly Included,Vapor-Infused Coating,13000.0,,12.07 x 8.09 x 5.08,Certified by Natural Sapphire Company,2025-09-08
Topaz,Pink,4.27,Checkerboard Pear,Pink,Very Slightly Included,Vapor-Infused Coating,16575.0,,12.11 x 8.07 x 6.38,Certified by Natural Sapphire Company,2025-09-08
Topaz,Pink,3.5,Mixed Brilliant Pear,Pink,Very Slightly Included,Vapor-Infused Coating,13650.0,,12.01 x 8.0 x 5.7,Certified by Natural Sapphire Company,2025-09-08
Topaz,Pink,3.3,Mixed Brilliant Pear,Pink,Very Slightly Included,Vapor-Infused Coating,13000.0,,11.98 x 8.03 x 5.03,Certified by Natural Sapphire Company,2025-09-08
Topaz,Pink,4.06,Checkerboard Pear,Pink,Very Slightly Included,Vapor-Infused Coating,15925.0,,12.0 x 7.94 x 6.24,Certified by Natural Sapphire Company,2025-09-08
Topaz,Pink,3.25,Mixed Brilliant Pear,Pink,Very Slightly Included,Vapor-Infused Coating,12675.0,,12.05 x 8.02 x 5.12,Certified by Natural Sapphire Company,2025-09-08
Topaz,Pink,4.26,Checkerboard Pear,Pink,Very Slightly Included,Vapor-Infused Coating,16575.0,,12.04 x 7.99 x 6.46,Certified by Natural Sapphire Company,2025-09-08
Topaz,Pink,3.47,Mixed Brilliant Pear,Pink,Very Slightly Included,Vapor-Infused Coating,13650.0,,11.82 x 8.06 x 5.61,Certified by Natural Sapphire Company,2025-09-08
Topaz,Pink,3.0,Mixed Brilliant Pear,Pink,Very Slightly Included,Vapor-Infused Coating,11700.0,,12.1 x 8.07 x 4.61,Certified by Natural Sapphire Company,2025-09-08
Topaz,Pink,4.18,Checkerboard Pear,Pink,Very Slightly Included,Vapor-Infused Coating,16250.0,,12.16 x 8.02 x 6.37,Certified by Natural Sapphire Company,2025-09-08
Topaz,Pink,3.2,Mixed Brilliant Pear,Pink,Very Slightly Included,Vapor-Infused Coating,12350.0,,11.95 x 7.98 x 5.05,Certified by Natural Sapphire Company,2025-09-08
Topaz,Pink,3.32,Mixed Brilliant Pear,Pink,Very Slightly Included,Vapor-Infused Coating,13000.0,,12.03 x 8.02 x 5.17,Certified by Natural Sapphire Company,2025-09-08
Topaz,Pink,3.41,Mixed Brilliant Pear,Pink,Very Slightly Included,Vapor-Infused Coating,13325.0,,12.12 x 8.12 x 5.45,Certified by Natural Sapphire Company,2025-09-08
Topaz,Pink,3.86,Mixed Brilliant Pear,Pink,Very Slightly Included,Vapor-Infused Coating,14950.0,,12.14 x 8.09 x 4.37,Certified by Natural Sapphire Company,2025-09-08
Topaz,Pink,3.81,Mixed Brilliant Pear,Pink,Very Slightly Included,Vapor-Infused Coating,14950.0,,11.93 x 8.0 x 6.24,Certified by Natural Sapphire Company,2025-09-08
Topaz,Pink,3.87,Mixed Brilliant Pear,Pink,Very Slightly Included,Vapor-Infused Coating,14950.0,,12.08 x 8.2 x 6.03,Certified by Natural Sapphire Company,2025-09-08
Topaz,Pink,3.46,Mixed Brilliant Pear,Pink,Very Slightly Included,Vapor-Infused Coating,13650.0,,12.03 x 8.01 x 5.55,Certified by Natural Sapphire Company,2025-09-08
Topaz,Pink,3.72,Mixed Brilliant Pear,Pink,Very Slightly Included,Vapor-Infused Coating,14625.0,,11.95 x 7.99 x 5.85,Certified by Natural Sapphire Company,2025-09-08
Topaz,Pink,3.81,Mixed Brilliant Pear,Pink,Very Slightly Included,Vapor-Infused Coating,14950.0,,11.99 x 7.96 x 6.03,Certified by Natural Sapphire Company,2025-09-08
Topaz,Pink,3.35,Mixed Brilliant Pear,Pink,Very Slightly Included,Vapor-Infused Coating,13000.0,,11.99 x 7.97 x 5.39,Certified by Natural Sapphire Company,2025-09-08
Topaz,Pink,3.63,Mixed Brilliant Pear,Pink,Very Slightly Included,Vapor-Infused Coating,14300.0,,11.98 x 8.01 x 6.0,Certified by Natural Sapphire Company,2025-09-08
Topaz,Pink,3.63,Mixed Brilliant Pear,Pink,Very Slightly Included,Vapor-Infused Coating,14300.0,,12.01 x 8.0 x 5.66,Certified by Natural Sapphire Company,2025-09-08
Topaz,Pink,4.58,Checkerboard Pear,Pink,Very Slightly Included,Vapor-Infused Coating,17875.0,,12.05 x 7.95 x 6.85,Certified by Natural Sapphire Company,2025-09-08
Topaz,Pink,3.44,Mixed Brilliant Pear,Pink,Very Slightly Included,Vapor-Infused Coating,13325.0,,11.97 x 7.98 x 5.26,Certified by Natural Sapphire Company,2025-09-08
Topaz,Pink,3.98,Checkerboard Pear,Pink,Very Slightly Included,Vapor-Infused Coating,15600.0,,12.24 x 8.14 x 6.01,Certified by Natural Sapphire Company,2025-09-08
Garnet,Red,1.08,Mixed Brilliant Heart,Red,Very Slightly Included,No Enhancement,27950.0,,6.05 x 7.05 x 3.29,Certified by Natural Sapphire Company,2025-09-08
Topaz,Pink,3.64,Mixed Brilliant Pear,Pink,Very Slightly Included,Vapor-Infused Coating,14300.0,,11.96 x 7.97 x 5.76,Certified by Natural Sapphire Company,2025-09-08
Topaz,Pink,4.31,Checkerboard Pear,Pink,Very Slightly Included,Vapor-Infused Coating,16900.0,,12.13 x 8.15 x 6.34,Certified by Natural Sapphire Company,2025-09-08
Garnet,Purplish Red,1.02,Mixed Brilliant Oval,Purplish Red,Very Slightly Included,No Enhancement,26650.0,,7.45 x 5.38 x 3.14,Certified by Natural Sapphire Company,2025-09-08
Garnet,Reddish Purple,1.3,Mixed Brilliant Oval,Reddish Purple,Eye Clean,No Enhancement,33800.0,,7.5 x 6.01 x 3.5,Certified by Natural Sapphire Company,2025-09-08
Garnet,Red,1.2,Mixed Brilliant Pear,Red,Very Slightly Included,No Enhancement,31200.0,,8.58 x 6.07 x 3.22,Certified by Natural Sapphire Company,2025-09-08
Garnet,Red,1.2,Mixed Brilliant Oval,Red,Very Slightly Included,No Enhancement,31200.0,,7.95 x 5.8 x 3.14,Certified by Natural Sapphire Company,2025-09-08
Garnet,Red,1.3,Mixed Brilliant Oval,Red,Very Slightly Included,No Enhancement,33800.0,,7.41 x 5.82 x 3.6,Certified by Natural Sapphire Company,2025-09-08
Garnet,Red,1.5,Mixed Brilliant Oval,Red,Very Slightly Included,No Enhancement,39000.0,,7.58 x 5.86 x 4.1,Certified by Natural Sapphire Company,2025-09-08
Garnet,Purplish Red,1.43,Mixed Brilliant Cushion,Purplish Red,Very Slightly Included,No Enhancement,37050.0,,6.49 x 6.44 x 4.13,Certified by Natural Sapphire Company,2025-09-08
Garnet,Red,1.4,Step Cut Fancy,Red,Eye Clean,No Enhancement,36400.0,,5.77 x 6.41 x 4.8,Certified by Natural Sapphire Company,2025-09-08
Garnet,Red,1.48,Asscher Asscher - Octagon,Red,Very Slightly Included,No Enhancement,38350.0,,5.92 x 5.8 x 4.63,Certified by Natural Sapphire Company,2025-09-08
Garnet,Red,1.16,Mixed Brilliant Oval,Red,Very Slightly Included,No Enhancement,30225.0,,6.71 x 5.82 x 3.74,Certified by Natural Sapphire Company,2025-09-08
Garnet,Red,1.88,Mixed Brilliant Pear,Red,Eye Clean,No Enhancement,48750.0,,8.01 x 6.21 x 5.17,Certified by Natural Sapphire Company,2025-09-08
Garnet,Red,1.79,Mixed Brilliant Pear,Red,Very Slightly Included,No Enhancement,46475.0,,8.49 x 6.19 x 4.59,Certified by Natural Sapphire Company,2025-09-08
Garnet,Purplish Red,1.53,Mixed Brilliant Pear,Purplish Red,Very Slightly Included,No Enhancement,39650.0,,7.75 x 6.85 x 3.94,Certified by Natural Sapphire Company,2025-09-08
Garnet,Reddish Purple,1.16,Mixed Brilliant Oval,Reddish Purple,Eye Clean,No Enhancement,30225.0,,7.09 x 5.95 x 3.34,Certified by Natural Sapphire Company,2025-09-08
Garnet,Red,1.33,Mixed Brilliant Pear,Red,Very Slightly Included,No Enhancement,34450.0,,7.93 x 6.16 x 3.92,Certified by Natural Sapphire Company,2025-09-08
Garnet,Red,1.8,Mixed Brilliant Cushion,Red,Slightly Included,No Enhancement,46800.0,,7.01 x 6.93 x 4.41,Certified by Natural Sapphire Company,2025-09-08
Garnet,Red,1.46,Mixed Brilliant Round,Red,Very Slightly Included,No Enhancement,38025.0,,6.96 x 6.93 x 4.05,Certified by Natural Sapphire Company,2025-09-08
Garnet,Red,1.5,Mixed Brilliant Marquise,Red,Eye Clean,No Enhancement,39000.0,,9.97 x 5.49 x 3.62,Certified by Natural Sapphire Company,2025-09-08
Garnet,Red,1.03,Asscher Asscher - Octagon,Red,Very Slightly Included,No Enhancement,26650.0,,6.19 x 5.87 x 3.02,Certified by Natural Sapphire Company,2025-09-08
Garnet,Purple,1.52,Mixed Brilliant Pear,Purple,Slightly Included,No Enhancement,39650.0,,8.57 x 5.86 x 4.16,Certified by Natural Sapphire Company,2025-09-08
Garnet,Red,1.41,Asscher Asscher - Octagon,Red,Eye Clean,No Enhancement,36725.0,,7.11 x 6.63 x 3.12,Certified by Natural Sapphire Company,2025-09-08
Garnet,Red,1.74,Mixed Brilliant Oval,Red,Very Slightly Included,No Enhancement,45175.0,,7.68 x 6.16 x 4.41,Certified by Natural Sapphire Company,2025-09-08
Garnet,Red,1.4,Mixed Brilliant Oval,Red,Very Slightly Included,No Enhancement,36400.0,,7.99 x 5.59 x 3.75,Certified by Natural Sapphire Company,2025-09-08
Garnet,Red,1.18,Mixed Brilliant Pear,Red,Eye Clean,No Enhancement,30550.0,,8.2 x 6.25 x 3.14,Certified by Natural Sapphire Company,2025-09-08
Garnet,Red,1.14,Mixed Brilliant Cushion,Red,Very Slightly Included,No Enhancement,29575.0,,6.37 x 6.34 x 3.55,Certified by Natural Sapphire Company,2025-09-08
Garnet,Red,1.67,Mixed Brilliant Pear,Red,Very Slightly Included,No Enhancement,43550.0,,7.94 x 6.4 x 4.6,Certified by Natural Sapphire Company,2025-09-08
Citrine,Yellow,5.12,Mixed Brilliant Pear,Yellow,Very Slightly Included,Heat Treated,50050.0,,15.22 x 10.05 x 6.74,Certified by Natural Sapphire Company,2025-09-08
Citrine,Yellow,4.64,Mixed Brilliant Pear,Yellow,Eye Clean,Heat Treated,45175.0,,14.64 x 9.85 x 6.24,Certified by Natural Sapphire Company,2025-09-08
Citrine,Yellow,5.0,Mixed Brilliant Pear,Yellow,Very Slightly Included,Heat Treated,48750.0,,15.27 x 9.72 x 6.35,Certified by Natural Sapphire Company,2025-09-08
Citrine,Yellow,4.49,Mixed Brilliant Pear,Yellow,Very Slightly Included,Heat Treated,43875.0,,15.1 x 9.78 x 5.68,Certified by Natural Sapphire Company,2025-09-08
Citrine,Yellow,4.56,Mixed Brilliant Pear,Yellow,Very Slightly Included,Heat Treated,44525.0,,15.13 x 9.75 x 6.06,Certified by Natural Sapphire Company,2025-09-08
Garnet,Purplish Red,1.01,Mixed Brilliant Oval,Purplish Red,Very Slightly Included,No Enhancement,26325.0,,6.78 x 5.22 x 3.7,Certified by Natural Sapphire Company,2025-09-08
Spinel,Purple,1.75,Mixed Brilliant Oval,Purple,Very Slightly Included,No Enhancement,170625.0,,8.53 x 6.6 x 3.96,Certified by Natural Sapphire Company,2025-09-08
Citrine,Yellow,4.58,Mixed Brilliant Pear,Yellow,Very Slightly Included,Heat Treated,44525.0,,14.83 x 9.69 x 6.43,Certified by Natural Sapphire Company,2025-09-08
Citrine,Yellow,3.75,Mixed Brilliant Pear,Yellow,Very Slightly Included,Heat Treated,36400.0,,14.01 x 9.94 x 5.34,Certified by Natural Sapphire Company,2025-09-08
Spinel,Purple,0.66,Mixed Brilliant Cushion,Purple,Very Slightly Included,No Enhancement,10725.0,,5.01 x 5.01 x 3.49,Certified by Natural Sapphire Company,2025-09-08
Tourmaline,Pink,0.61,Mixed Brilliant Round,Pink,Eye Clean,No Enhancement,27625.0,,5.15 x 5.14 x 3.83,Certified by Natural Sapphire Company,2025-09-08
Tourmaline,Red,22.49,Designer Cut Oval,Red,Very Slightly Included,Heat Treated,4846075.0,,19.39 x 17.02 x 9.97,Certified by Natural Sapphire Company,2025-09-08
Tourmaline,Green,1.16,Mixed Brilliant Oval,Green,Very Slightly Included,No Enhancement,49075.0,,7.31 x 5.4 x 3.43,Certified by Natural Sapphire Company,2025-09-08
Chrysoberyl,Yellowish Green,1.05,Mixed Brilliant Oval,Yellowish Green,Very Slightly Included,No Enhancement,77675.0,,6.5 x 5.43 x 4.02,Certified by Natural Sapphire Company,2025-09-08
Spinel,Pink,4.09,Mixed Brilliant Oval,Pink,Very Slightly Included,No Enhancement,2824575.0,,10.66 x 8.37 x 6.17,Certified by Natural Sapphire Company,2025-09-08
Garnet,Pinkish Purple,0.98,Mixed Brilliant Trillion,Pinkish Purple,Very Slightly Included,No Enhancement,25350.0,,5.41 x 6.5 x 3.47,Certified by Natural Sapphire Company,2025-09-08
Moonstone,Rainbow,0.42,Emerald Cut Emerald Cut,Rainbow,Slightly Included,No Enhancement,48750.0,,5.1 x 4.17 x 3.1,Certified by Natural Sapphire Company,2025-09-08
Moonstone,Rainbow,0.5,Emerald Cut Emerald Cut,Rainbow,Slightly Included,No Enhancement,48750.0,,5.35 x 4.32 x 3.23,Certified by Natural Sapphire Company,2025-09-08
Moonstone,Rainbow,0.47,Emerald Cut Emerald Cut,Rainbow,Very Slightly Included,No Enhancement,48750.0,,5.31 x 4.16 x 3.31,Certified by Natural Sapphire Company,2025-09-08
Moonstone,Rainbow,0.52,Emerald Cut Emerald Cut,Rainbow,Very Slightly Included,No Enhancement,48750.0,,6.0 x 3.88 x 3.25,Certified by Natural Sapphire Company,2025-09-08
Tourmaline,Greenish Brown,2.77,Mixed Brilliant Cushion,Greenish Brown,Very Very Slightly Included,No Enhancement,180050.0,,8.75 x 7.25 x 6.06,Certified by Natural Sapphire Company,2025-09-08
Moonstone,Rainbow,0.46,Emerald Cut Emerald Cut,Rainbow,Very Slightly Included,No Enhancement,48750.0,,6.01 x 3.51 x 3.19,Certified by Natural Sapphire Company,2025-09-08
Moonstone,Rainbow,0.44,Asscher Emerald Cut,Rainbow,Very Slightly Included,No Enhancement,48750.0,,5.63 x 3.82 x 3.06,Certified by Natural Sapphire Company,2025-09-08
Moonstone,Rainbow,0.34,Emerald Cut Emerald Cut,Rainbow,Very Slightly Included,No Enhancement,48750.0,,6.53 x 3.52 x 2.33,Certified by Natural Sapphire Company,2025-09-08
Moonstone,Rainbow,0.67,Emerald Cut Emerald Cut,Rainbow,Slightly Included,No Enhancement,48750.0,,5.94 x 4.46 x 3.81,Certified by Natural Sapphire Company,2025-09-08
Tourmaline,Brownish Orange,18.97,Mixed Brilliant Oval,Brownish Orange,Eye Clean,No Enhancement,1368575.0,,17.85 x 15.22 x 10.76,Certified by Natural Sapphire Company,2025-09-08
Cobalt Spinel,Blue,1.68,Mixed Brilliant Cushion,Blue,Very Slightly Included,No Enhancement,436800.0,,7.5 x 6.3 x 4.1,Certified by Natural Sapphire Company,2025-09-08
Kornerupine,Greenish Brown,2.63,Mixed Brilliant Oval,Greenish Brown,Slightly Included,No Enhancement,162500.0,,9.4 x 8.85 x 5.11,Certified by Natural Sapphire Company,2025-09-08
Kornerupine,Brownish Green,4.96,Mixed Brilliant Oval,Brownish Green,Very Slightly Included,No Enhancement,228800.0,,11.92 x 8.85 x 7.24,Certified by Natural Sapphire Company,2025-09-08
Topaz,Swiss Blue,5.66,Mixed Brilliant Cushion,Swiss Blue,Very Very Slightly Included,Irradiation,55250.0,,10.0 x 9.98 x 6.6,Certified by Natural Sapphire Company,2025-09-08
Chrysoberyl,Green,1.17,Cabochon Oval,Green,Very Slightly Included,No Enhancement,76050.0,,5.72 x 5.16 x 3.97,Certified by Natural Sapphire Company,2025-09-08
Spinel,Violet,3.14,Mixed Brilliant Cushion,Violet,Eye Clean,No Enhancement,816400.0,,8.3 x 7.95 x 5.65,Certified by Natural Sapphire Company,2025-09-08
Spinel,Purple,3.03,Mixed Brilliant Round,Purple,Slightly Included,No Enhancement,590850.0,,8.6 x 8.62 x 6.08,Certified by Natural Sapphire Company,2025-09-08
Chrysoberyl,Greenish Yellow,1.14,Cabochon Oval,Greenish Yellow,Slightly Included,No Enhancement,65000.0,,6.41 x 5.38 x 3.35,Certified by Natural Sapphire Company,2025-09-08
Zircon,Yellow,1.84,Mixed Brilliant Oval,Yellow,Very Slightly Included,Heat Treated,15600.0,,8.8 x 6.63 x 3.12,Certified by Natural Sapphire Company,2025-09-08
Chrysoberyl,Brown,1.35,Cabochon Oval,Brown,Slightly Included,No Enhancement,65000.0,,7.1 x 5.2 x 3.84,Certified by Natural Sapphire Company,2025-09-08
Amethyst,Purple,2.3,Checkerboard Oval,Purple,Very Slightly Included,Heat Treated,7475.0,,10.05 x 7.92 x 5.47,Certified by Natural Sapphire Company,2025-09-08
Garnet,Red,1.3,Mixed Brilliant Cushion,Red,Very Slightly Included,No Enhancement,8450.0,,7.27 x 5.59 x 3.63,Certified by Natural Sapphire Company,2025-09-08
Garnet,Red,1.46,Mixed Brilliant Oval,Red,Eye Clean,No Enhancement,9425.0,,7.78 x 6.17 x 3.88,Certified by Natural Sapphire Company,2025-09-08
Spinel,Violet,2.27,Mixed Brilliant Oval,Violet,Very Slightly Included,Heat Treated,110825.0,,9.75 x 7.58 x 4.3,Certified by Natural Sapphire Company,2025-09-08
Zircon,Brown,2.79,Mixed Brilliant Pear,Brown,Very Slightly Included,No Enhancement,36400.0,,9.68 x 7.46 x 4.61,Certified by Natural Sapphire Company,2025-09-08
Garnet,Purplish Red,1.35,Mixed Brilliant Oval,Purplish Red,Eye Clean,No Enhancement,8775.0,,7.77 x 6.68 x 3.53,Certified by Natural Sapphire Company,2025-09-08
Moonstone,Blue Flash,5.54,Cabochon Oval,Blue Flash,Very Slightly Included,No Enhancement,36075.0,,19.23 x 6.57 x 5.8,Certified by Natural Sapphire Company,2025-09-08
Garnet,Purplish Red,1.81,Mixed Brilliant Oval,Purplish Red,Very Slightly Included,No Enhancement,11700.0,,7.62 x 6.59 x 4.56,Certified by Natural Sapphire Company,2025-09-08
Hessonite Garnet,Golden Brown,4.05,Mixed Brilliant Oval,Golden Brown,Very Slightly Included,No Enhancement,78975.0,,10.94 x 8.33 x 6.33,Certified by Natural Sapphire Company,2025-09-08
Hessonite Garnet,Golden Brown,4.83,Mixed Brilliant Oval,Golden Brown,Very Slightly Included,No Enhancement,94250.0,,11.38 x 8.81 x 6.45,Certified by Natural Sapphire Company,2025-09-08
Moonstone,Rainbow,0.48,Emerald Cut Emerald Cut,Rainbow,Very Very Slightly Included,No Enhancement,48750.0,,6.16 x 3.45 x 3.21,Certified by Natural Sapphire Company,2025-09-08
Zircon,Orange,2.25,Mixed Brilliant Oval,Orange,Very Slightly Included,No Enhancement,29250.0,,8.12 x 6.41 x 4.47,Certified by Natural Sapphire Company,2025-09-08
Sinhalite,Golden Brownish Green,11.16,Mixed Brilliant Cushion,Golden Brownish Green,Very Slightly Included,No Enhancement,239525.0,,15.85 x 13.14 x 6.95,Certified by Natural Sapphire Company,2025-09-08
Sinhalite,Golden Brown,8.55,Mixed Brilliant Oval,Golden Brown,Eye Clean,No Enhancement,177775.0,,16.54 x 12.01 x 5.6,Certified by Natural Sapphire Company,2025-09-08
Sinhalite,Golden Brown,8.54,Mixed Brilliant Cushion,Golden Brown,Very Slightly Included,No Enhancement,177775.0,,13.72 x 11.11 x 6.63,Certified by Natural Sapphire Company,2025-09-08
Moonstone,Rainbow,0.26,Emerald Cut Emerald Cut,Rainbow,Very Slightly Included,No Enhancement,48750.0,,4.47 x 3.38 x 2.74,Certified by Natural Sapphire Company,2025-09-08
Moonstone,Rainbow,0.51,Emerald Cut Emerald Cut,Rainbow,Very Slightly Included,No Enhancement,48750.0,,6.08 x 3.86 x 3.32,Certified by Natural Sapphire Company,2025-09-08
Chrysoberyl,Greenish Yellow,2.45,Cabochon Oval,Greenish Yellow,Eye Clean,No Enhancement,1114750.0,,7.28 x 6.19 x 5.24,Certified by Natural Sapphire Company,2025-09-08
Moonstone,Rainbow,0.5,Emerald Cut Emerald Cut,Rainbow,Eye Clean,No Enhancement,48750.0,,6.47 x 3.97 x 3.0,Certified by Natural Sapphire Company,2025-09-08
Zircon,Yellowish Brown,2.82,Mixed Brilliant Oval,Yellowish Brown,Very Slightly Included,No Enhancement,36725.0,,9.5 x 7.26 x 4.23,Certified by Natural Sapphire Company,2025-09-08
Moonstone,Rainbow,0.37,Asscher Emerald Cut,Rainbow,Very Very Slightly Included,No Enhancement,48750.0,,5.07 x 3.55 x 3.13,Certified by Natural Sapphire Company,2025-09-08
Moonstone,Rainbow,0.33,Emerald Cut Emerald Cut,Rainbow,Very Slightly Included,No Enhancement,48750.0,,5.46 x 3.17 x 3.04,Certified by Natural Sapphire Company,2025-09-08
Moonstone,Rainbow,0.5,Emerald Cut Emerald Cut,Rainbow,Very Slightly Included,No Enhancement,48750.0,,6.67 x 3.98 x 2.72,Certified by Natural Sapphire Company,2025-09-08
Chrysoberyl,Green,1.2,Mixed Brilliant Oval,Green,Very Slightly Included,No Enhancement,244075.0,,6.98 x 5.2 x 3.75,Certified by Natural Sapphire Company,2025-09-08
Moonstone,Rainbow,0.47,Emerald Cut Emerald Cut,Rainbow,Very Slightly Included,No Enhancement,48750.0,,6.16 x 4.2 x 2.92,Certified by Natural Sapphire Company,2025-09-08
Spinel,Blue,1.09,Mixed Brilliant Oval,Blue,Eye Clean,No Enhancement,143000.0,,6.69 x 5.66 x 3.85,Certified by Natural Sapphire Company,2025-09-08
Chrysoberyl,Green,1.08,Mixed Brilliant Cushion,Green,Very Slightly Included,No Enhancement,812175.0,,5.98 x 5.97 x 3.5,Certified by Natural Sapphire Company,2025-09-08
Spinel,Pinkish Purple,1.16,Asscher Asscher - Octagon,Pinkish Purple,Very Slightly Included,No Enhancement,129675.0,,5.74 x 5.24 x 4.43,Certified by Natural Sapphire Company,2025-09-08
Zircon,Yellow,4.16,Mixed Brilliant Cushion,Yellow,Very Slightly Included,No Enhancement,143325.0,,8.53 x 8.46 x 5.28,Certified by Natural Sapphire Company,2025-09-08
Cobalt Spinel,Bluish Green,1.63,Princess Cut Princess,Bluish Green,Very Slightly Included,No Enhancement,130325.0,,7.07 x 6.97 x 4.09,Certified by Natural Sapphire Company,2025-09-08
Spinel,Violet,1.01,Mixed Brilliant Cushion,Violet,Very Very Slightly Included,No Enhancement,65000.0,,6.34 x 5.24 x 3.68,Certified by Natural Sapphire Company,2025-09-08
Garnet,Purplish Red,2.88,Mixed Brilliant Pear,Purplish Red,Very Slightly Included,No Enhancement,37375.0,,10.94 x 7.36 x 4.82,Certified by Natural Sapphire Company,2025-09-08
Spinel,Greyish Blue,1.65,Mixed Brilliant Cushion,Greyish Blue,Very Very Slightly Included,No Enhancement,71825.0,,6.78 x 5.79 x 4.85,Certified by Natural Sapphire Company,2025-09-08
Garnet,Color Change,2.78,Mixed Brilliant Oval,Color Change,Slightly Included,No Enhancement,542100.0,,9.09 x 7.33 x 5.46,Certified by Natural Sapphire Company,2025-09-08
Tourmaline,Green,1.18,Princess Cut Princess,Green,Eye Clean,No Enhancement,115050.0,,6.04 x 6.01 x 4.41,Certified by Natural Sapphire Company,2025-09-08
Garnet,Purplish Red,1.89,Mixed Brilliant Oval,Purplish Red,Very Slightly Included,No Enhancement,12350.0,,8.89 x 6.77 x 3.81,Certified by Natural Sapphire Company,2025-09-08
Garnet,Red,2.4,Mixed Brilliant Round,Red,Eye Clean,No Enhancement,31200.0,,7.25 x 7.25 x 6.02,Certified by Natural Sapphire Company,2025-09-08
Zircon,Yellowish Green,1.59,Mixed Brilliant Oval,Yellowish Green,Very Slightly Included,Heat Treated,13325.0,,8.01 x 6.47 x 3.32,Certified by Natural Sapphire Company,2025-09-08
Tourmaline,Green,0.76,Princess Cut Princess,Green,Very Very Slightly Included,No Enhancement,49400.0,,4.99 x 4.93 x 3.92,Certified by Natural Sapphire Company,2025-09-08
Garnet,Purplish Red,2.07,Mixed Brilliant Pear,Purplish Red,Very Slightly Included,No Enhancement,26975.0,,9.03 x 6.99 x 4.63,Certified by Natural Sapphire Company,2025-09-08
Garnet,Red,7.48,Asscher Asscher - Octagon,Red,Eye Clean,Heat Treated,850850.0,,11.67 x 10.97 x 6.91,Certified by Natural Sapphire Company,2025-09-08
Garnet,Purplish Red,1.65,Mixed Brilliant Pear,Purplish Red,Eye Clean,No Enhancement,10725.0,,8.73 x 6.15 x 4.16,Certified by Natural Sapphire Company,2025-09-08
Zircon,Yellow,1.81,Mixed Brilliant Cushion,Yellow,Very Slightly Included,Heat Treated,15275.0,,8.61 x 6.37 x 2.99,Certified by Natural Sapphire Company,2025-09-08
Moonstone,Rainbow,0.46,Emerald Cut Emerald Cut,Rainbow,Very Slightly Included,No Enhancement,48750.0,,6.08 x 3.77 x 2.95,Certified by Natural Sapphire Company,2025-09-08
Garnet,Purplish Red,1.32,Mixed Brilliant Oval,Purplish Red,Very Slightly Included,No Enhancement,8450.0,,7.02 x 5.71 x 4.21,Certified by Natural Sapphire Company,2025-09-08
Garnet,Purplish Red,1.86,Mixed Brilliant Oval,Purplish Red,Very Slightly Included,No Enhancement,12025.0,,7.84 x 6.49 x 4.79,Certified by Natural Sapphire Company,2025-09-08
Garnet,Purplish Red,1.25,Mixed Brilliant Oval,Purplish Red,Very Slightly Included,No Enhancement,8125.0,,7.08 x 5.87 x 3.64,Certified by Natural Sapphire Company,2025-09-08
Garnet,Purplish Red,1.49,Mixed Brilliant Oval,Purplish Red,Very Slightly Included,No Enhancement,9750.0,,7.62 x 5.9 x 4.05,Certified by Natural Sapphire Company,2025-09-08
Garnet,Red,2.68,Checkerboard Cushion,Red,Very Slightly Included,Heat Treated,78325.0,,9.06 x 7.06 x 4.74,Certified by Natural Sapphire Company,2025-09-08
Garnet,Purplish Red,1.86,Mixed Brilliant Oval,Purplish Red,Very Slightly Included,No Enhancement,12025.0,,8.36 x 6.54 x 3.96,Certified by Natural Sapphire Company,2025-09-08
Zircon,Brown,2.04,Mixed Brilliant Pear,Brown,Eye Clean,No Enhancement,26650.0,,9.34 x 6.7 x 3.61,Certified by Natural Sapphire Company,2025-09-08
Garnet,Red,1.46,Mixed Brilliant Oval,Red,Very Slightly Included,No Enhancement,9425.0,,7.59 x 5.66 x 3.87,Certified by Natural Sapphire Company,2025-09-08
Garnet,Red,1.93,Mixed Brilliant Round,Red,Very Slightly Included,No Enhancement,12675.0,,7.24 x 7.24 x 4.99,Certified by Natural Sapphire Company,2025-09-08
Garnet,Purplish Red,1.56,Mixed Brilliant Cushion,Purplish Red,Eye Clean,No Enhancement,10075.0,,7.63 x 6.07 x 3.93,Certified by Natural Sapphire Company,2025-09-08
Spinel,Purplish Pink,3.56,Mixed Brilliant Heart,Purplish Pink,Very Very Slightly Included,Heat Treated,1391325.0,,9.14 x 9.6 x 5.91,Certified by Natural Sapphire Company,2025-09-08
Spinel,Bluish Grey,5.97,Radiant Cut Radiant,Bluish Grey,Very Very Slightly Included,Heat Treated,2243475.0,,11.5 x 8.65 x 6.68,Certified by Natural Sapphire Company,2025-09-08
Spinel,Purplish Pink,6.09,Mixed Brilliant Cushion,Purplish Pink,Eye Clean,Heat Treated,2860000.0,,11.15 x 8.72 x 7.37,Certified by Natural Sapphire Company,2025-09-08
Spinel,White,1.25,Mixed Brilliant Cushion,White,Very Very Slightly Included,No Enhancement,219375.0,,6.79 x 5.27 x 4.57,Certified by Natural Sapphire Company,2025-09-08
Spinel,White,1.39,Mixed Brilliant Cushion,White,Slightly Included,No Enhancement,307125.0,,6.35 x 5.36 x 4.4,Certified by Natural Sapphire Company,2025-09-08
Tourmaline,Orangish Brown,3.95,Mixed Brilliant Cushion,Orangish Brown,Very Very Slightly Included,No Enhancement,616200.0,,9.42 x 8.62 x 6.19,Certified by Natural Sapphire Company,2025-09-08
Chrysoberyl,Yellowish Green,0.84,Cabochon Round,Yellowish Green,Very Slightly Included,No Enhancement,32500.0,,5.25 x 5.33 x 3.09,Certified by Natural Sapphire Company,2025-09-08
Chrysoberyl,Brownish Yellow,0.73,Cabochon Oval,Brownish Yellow,Very Slightly Included,No Enhancement,32500.0,,6.36 x 4.1 x 2.67,Certified by Natural Sapphire Company,2025-09-08
Citrine,Orangish Yellow,11.15,Emerald Cut Emerald Cut,Orangish Yellow,Very Very Slightly Included,No Enhancement,144950.0,,14.97 x 11.59 x 9.34,Certified by Natural Sapphire Company,2025-09-08
Chrysoberyl,Yellowish Green,2.98,Radiant Cut Radiant,Yellowish Green,Eye Clean,No Enhancement,697450.0,,8.55 x 7.21 x 5.35,Certified by Natural Sapphire Company,2025-09-08
Garnet,Red,9.02,Emerald Cut Emerald Cut,Red,Very Very Slightly Included,No Enhancement,691925.0,,13.12 x 10.99 x 7.04,Certified by Natural Sapphire Company,2025-09-08
Moonstone,White,17.93,Cabochon Oval,White,Very Very Slightly Included,No Enhancement,81575.0,,21.7 x 12.78 x 8.78,Certified by Natural Sapphire Company,2025-09-08
Chrysoberyl,Greenish Yellow,0.89,Radiant Cut Radiant,Greenish Yellow,Very Slightly Included,No Enhancement,14625.0,,6.54 x 4.5 x 3.58,Certified by Natural Sapphire Company,2025-09-08
Chrysoberyl,Greenish Yellow,1.59,Mixed Brilliant Pear,Greenish Yellow,Very Slightly Included,No Enhancement,36075.0,,8.72 x 5.93 x 4.49,Certified by Natural Sapphire Company,2025-09-08
Chrysoberyl,Greenish Yellow,1.07,Mixed Brilliant Round,Greenish Yellow,Very Slightly Included,No Enhancement,17550.0,,6.06 x 6.08 x 3.97,Certified by Natural Sapphire Company,2025-09-08
Rhodolite Garnet,Purplish Red,3.03,Asscher Asscher - Octagon,Purplish Red,Eye Clean,No Enhancement,172900.0,,8.12 x 8.09 x 5.15,Certified by Natural Sapphire Company,2025-09-08
Spinel,Pink,1.12,Mixed Brilliant Round,Pink,Very Slightly Included,No Enhancement,72800.0,,6.3 x 6.3 x 4.06,Certified by Natural Sapphire Company,2025-09-08
Chrysoberyl,Greenish Yellow,1.43,Mixed Brilliant Pear,Greenish Yellow,Eye Clean,No Enhancement,23400.0,,8.52 x 5.76 x 4.23,Certified by Natural Sapphire Company,2025-09-08
Chrysoberyl,Greenish Yellow,1.23,Mixed Brilliant Round,Greenish Yellow,Very Slightly Included,No Enhancement,20150.0,,6.49 x 6.5 x 4.02,Certified by Natural Sapphire Company,2025-09-08
Zircon,Brown,2.4,Mixed Brilliant Pear,Brown,Very Slightly Included,No Enhancement,31200.0,,9.45 x 6.49 x 4.67,Certified by Natural Sapphire Company,2025-09-08
Chrysoberyl,Greenish Yellow,1.26,Mixed Brilliant Pear,Greenish Yellow,Very Slightly Included,No Enhancement,20475.0,,7.99 x 5.63 x 3.82,Certified by Natural Sapphire Company,2025-09-08
Spinel,Blue,1.23,Mixed Brilliant Round,Blue,Slightly Included,No Enhancement,39975.0,,6.59 x 6.59 x 4.33,Certified by Natural Sapphire Company,2025-09-08
Garnet,Red,4.16,Mixed Brilliant Oval,Red,Very Slightly Included,No Enhancement,108225.0,,10.48 x 8.64 x 6.01,Certified by Natural Sapphire Company,2025-09-08
Moonstone,Brown,22.12,Cabochon Oval,Brown,Very Very Slightly Included,No Enhancement,100750.0,,22.59 x 12.89 x 10.07,Certified by Natural Sapphire Company,2025-09-08
Spinel,Bluish Purple,1.01,Asscher Asscher - Octagon,Bluish Purple,Very Slightly Included,No Enhancement,32825.0,,5.73 x 5.71 x 3.84,Certified by Natural Sapphire Company,2025-09-08
Spinel,Blue,1.25,Mixed Brilliant Round,Blue,Very Slightly Included,No Enhancement,81250.0,,6.62 x 6.62 x 4.33,Certified by Natural Sapphire Company,2025-09-08
Spinel,Blue,5.01,Asscher Asscher - Octagon,Blue,Very Slightly Included,No Enhancement,488475.0,,10.1 x 10.06 x 6.17,Certified by Natural Sapphire Company,2025-09-08
Spinel,Blue,2.94,Asscher Asscher - Octagon,Blue,Very Slightly Included,No Enhancement,382200.0,,8.6 x 8.59 x 4.64,Certified by Natural Sapphire Company,2025-09-08
Spinel,Greyish Blue,2.82,Mixed Brilliant Cushion,Greyish Blue,Very Slightly Included,No Enhancement,366600.0,,9.96 x 7.12 x 4.97,Certified by Natural Sapphire Company,2025-09-08
Spinel,Blue,2.55,Mixed Brilliant Oval,Blue,Eye Clean,No Enhancement,745875.0,,10.27 x 7.45 x 4.16,Certified by Natural Sapphire Company,2025-09-08
Spinel,Red,2.99,Mixed Brilliant Oval,Red,Very Slightly Included,Heat Treated,2516800.0,,9.66 x 8.22 x 5.15,Certified by Natural Sapphire Company,2025-09-08
Chrysoberyl,Greenish Yellow,1.01,Mixed Brilliant Round,Greenish Yellow,Very Slightly Included,No Enhancement,16575.0,,5.85 x 5.86 x 3.83,Certified by Natural Sapphire Company,2025-09-08
Spinel,Pink,2.59,Mixed Brilliant Oval,Pink,Eye Clean,Heat Treated,1094275.0,,9.16 x 7.11 x 5.18,Certified by Natural Sapphire Company,2025-09-08
Spinel,Purple,3.79,Mixed Brilliant Oval,Purple,Very Slightly Included,No Enhancement,739050.0,,11.21 x 8.44 x 5.66,Certified by Natural Sapphire Company,2025-09-08
Zircon,Yellow,1.99,Mixed Brilliant Pear,Yellow,Eye Clean,Heat Treated,26000.0,,8.47 x 7.16 x 3.63,Certified by Natural Sapphire Company,2025-09-08
Zircon,Brown,25.98,Mixed Brilliant Cushion,Brown,Eye Clean,Heat Treated,3445000.0,,17.16 x 14.82 x 10.01,Certified by Natural Sapphire Company,2025-09-08
Chrysoberyl,Greenish Yellow,1.54,Radiant Cut Radiant,Greenish Yellow,Eye Clean,No Enhancement,35100.0,,6.83 x 5.74 x 4.57,Certified by Natural Sapphire Company,2025-09-08
Zircon,Brown,3.34,Mixed Brilliant Round,Brown,Very Slightly Included,Heat Treated,119275.0,,9.02 x 8.96 x 4.83,Certified by Natural Sapphire Company,2025-09-08
Zircon,Purplish Red,2.47,Mixed Brilliant Oval,Purplish Red,Very Slightly Included,No Enhancement,32175.0,,8.37 x 6.21 x 5.17,Certified by Natural Sapphire Company,2025-09-08
Chrysoberyl,Greenish Yellow,2.57,Mixed Brilliant Pear,Greenish Yellow,Very Slightly Included,No Enhancement,100100.0,,11.16 x 7.17 x 4.5,Certified by Natural Sapphire Company,2025-09-08
Chrysoberyl,Greenish Yellow,3.3,Mixed Brilliant Heart,Greenish Yellow,Eye Clean,No Enhancement,214500.0,,9.19 x 9.71 x 5.08,Certified by Natural Sapphire Company,2025-09-08
Chrysoberyl,Greenish Yellow,1.05,Mixed Brilliant Oval,Greenish Yellow,Very Slightly Included,No Enhancement,17225.0,,7.7 x 5.55 x 3.35,Certified by Natural Sapphire Company,2025-09-08
Chrysoberyl,Greenish Yellow,1.28,Radiant Cut Radiant,Greenish Yellow,Very Slightly Included,No Enhancement,20800.0,,7.35 x 6.15 x 3.28,Certified by Natural Sapphire Company,2025-09-08
Chrysoberyl,Greenish Yellow,2.8,Mixed Brilliant Pear,Greenish Yellow,Eye Clean,No Enhancement,109200.0,,10.87 x 8.18 x 4.59,Certified by Natural Sapphire Company,2025-09-08
Cobalt Spinel,Purplish Blue,1.82,Mixed Brilliant Oval,Purplish Blue,Very Slightly Included,No Enhancement,649350.0,,8.12 x 6.85 x 4.2,Certified by Natural Sapphire Company,2025-09-08
Zircon,Yellowish Brown,7.4,Mixed Brilliant Oval,Yellowish Brown,Very Slightly Included,Heat Treated,240500.0,,12.5 x 9.56 x 6.29,Certified by Natural Sapphire Company,2025-09-08
Zircon,Yellow,1.51,Mixed Brilliant Cushion,Yellow,Very Slightly Included,Heat Treated,12675.0,,8.01 x 6.11 x 3.06,Certified by Natural Sapphire Company,2025-09-08
Cobalt Spinel,Purplish Blue,2.06,Mixed Brilliant Oval,Purplish Blue,Very Slightly Included,No Enhancement,519675.0,,8.91 x 6.86 x 4.18,Certified by Natural Sapphire Company,2025-09-08
Chrysoberyl,Brown,4.85,Cabochon Oval,Brown,Very Slightly Included,No Enhancement,1040325.0,,9.45 x 7.87 x 6.27,Certified by Natural Sapphire Company,2025-09-08
Spinel,Purple,1.01,Radiant Cut Radiant,Purple,Very Slightly Included,No Enhancement,16575.0,,6.87 x 4.78 x 3.44,Certified by Natural Sapphire Company,2025-09-08
Zircon,Red,1.76,Mixed Brilliant Oval,Red,Eye Clean,No Enhancement,14950.0,,7.54 x 6.22 x 3.9,Certified by Natural Sapphire Company,2025-09-08
Spinel,Purple,1.01,Radiant Cut Radiant,Purple,Very Slightly Included,No Enhancement,16575.0,,6.9 x 5.09 x 3.64,Certified by Natural Sapphire Company,2025-09-08
Moonstone,Rainbow,0.32,Emerald Cut Emerald Cut,Rainbow,Very Slightly Included,No Enhancement,48750.0,,5.19 x 3.47 x 2.64,Certified by Natural Sapphire Company,2025-09-08
Spinel,Purplish Blue,1.2,Radiant Cut Radiant,Purplish Blue,Very Slightly Included,No Enhancement,23400.0,,7.07 x 5.02 x 4.13,Certified by Natural Sapphire Company,2025-09-08
Spinel,Purple,0.66,Mixed Brilliant Cushion,Purple,Very Slightly Included,No Enhancement,10725.0,,5.1 x 5.09 x 3.49,Certified by Natural Sapphire Company,2025-09-08
Spinel,Purple,0.73,Mixed Brilliant Cushion,Purple,Very Slightly Included,No Enhancement,12025.0,,5.06 x 5.03 x 3.77,Certified by Natural Sapphire Company,2025-09-08
Spinel,Purple,0.76,Mixed Brilliant Cushion,Purple,Very Slightly Included,No Enhancement,12350.0,,5.21 x 5.19 x 3.6,Certified by Natural Sapphire Company,2025-09-08
Spinel,Purple,0.85,Mixed Brilliant Cushion,Purple,Slightly Included,No Enhancement,13975.0,,5.5 x 5.43 x 3.91,Certified by Natural Sapphire Company,2025-09-08
Spinel,Purple,0.91,Mixed Brilliant Cushion,Purple,Slightly Included,No Enhancement,14950.0,,5.5 x 5.47 x 4.31,Certified by Natural Sapphire Company,2025-09-08
Spinel,Purple,0.63,Mixed Brilliant Cushion,Purple,Very Slightly Included,No Enhancement,10400.0,,4.97 x 4.97 x 3.57,Certified by Natural Sapphire Company,2025-09-08
Spinel,Purple,0.7,Mixed Brilliant Cushion,Purple,Very Slightly Included,No Enhancement,11375.0,,5.15 x 5.15 x 3.54,Certified by Natural Sapphire Company,2025-09-08
Spinel,Purple,0.62,Mixed Brilliant Cushion,Purple,Very Slightly Included,No Enhancement,10075.0,,5.02 x 5.01 x 3.41,Certified by Natural Sapphire Company,2025-09-08
Spinel,Purple,0.73,Mixed Brilliant Cushion,Purple,Slightly Included,No Enhancement,12025.0,,5.41 x 5.34 x 3.5,Certified by Natural Sapphire Company,2025-09-08
Spinel,Purple,0.78,Mixed Brilliant Cushion,Purple,Slightly Included,No Enhancement,12675.0,,5.38 x 5.36 x 3.73,Certified by Natural Sapphire Company,2025-09-08
Spinel,Purple,0.83,Mixed Brilliant Cushion,Purple,Very Slightly Included,No Enhancement,13650.0,,5.5 x 5.5 x 3.8,Certified by Natural Sapphire Company,2025-09-08
Spinel,Bluish Green,1.13,Radiant Cut Radiant,Bluish Green,Eye Clean,No Enhancement,25675.0,,6.97 x 5.03 x 3.84,Certified by Natural Sapphire Company,2025-09-08
Spinel,Blue,3.44,Mixed Brilliant Cushion,Blue,Very Slightly Included,No Enhancement,246025.0,,9.1 x 8.48 x 5.74,Certified by Natural Sapphire Company,2025-09-08
Aquamarine,Bluish Green,15.27,Radiant Cut Radiant,Bluish Green,Very Slightly Included,No Enhancement,297700.0,,24.23 x 11.21 x 8.22,Certified by Natural Sapphire Company,2025-09-08
Spinel,Blue,0.98,Mixed Brilliant Radiant,Blue,Very Slightly Included,No Enhancement,22425.0,,7.04 x 5.06 x 3.35,Certified by Natural Sapphire Company,2025-09-08
Spinel,Purple,0.51,Mixed Brilliant Cushion,Purple,Very Slightly Included,No Enhancement,8450.0,,4.64 x 4.55 x 3.25,Certified by Natural Sapphire Company,2025-09-08
Aquamarine,Bluish Green,13.29,Mixed Brilliant Oval,Bluish Green,Eye Clean,No Enhancement,259025.0,,16.98 x 14.23 x 9.83,Certified by Natural Sapphire Company,2025-09-08
Spinel,Purple,0.61,Mixed Brilliant Cushion,Purple,Very Slightly Included,No Enhancement,10075.0,,4.99 x 4.93 x 3.41,Certified by Natural Sapphire Company,2025-09-08
Spinel,Purple,0.51,Mixed Brilliant Cushion,Purple,Very Slightly Included,No Enhancement,8450.0,,4.53 x 4.53 x 3.31,Certified by Natural Sapphire Company,2025-09-08
Spinel,Purple,0.48,Mixed Brilliant Cushion,Purple,Very Slightly Included,No Enhancement,7800.0,,4.59 x 4.56 x 3.09,Certified by Natural Sapphire Company,2025-09-08
Spinel,Bluish Purple,0.49,Mixed Brilliant Cushion,Bluish Purple,Very Slightly Included,No Enhancement,8125.0,,4.59 x 4.55 x 3.21,Certified by Natural Sapphire Company,2025-09-08
Spinel,Pink,0.44,Mixed Brilliant Cushion,Pink,Very Slightly Included,No Enhancement,7150.0,,4.5 x 4.49 x 2.95,Certified by Natural Sapphire Company,2025-09-08
Spinel,Purple,0.52,Mixed Brilliant Cushion,Purple,Very Slightly Included,No Enhancement,8450.0,,4.62 x 4.61 x 3.29,Certified by Natural Sapphire Company,2025-09-08
Spinel,Purple,0.49,Mixed Brilliant Cushion,Purple,Very Slightly Included,No Enhancement,8125.0,,4.47 x 4.45 x 3.28,Certified by Natural Sapphire Company,2025-09-08
Aquamarine,Blue,11.44,Mixed Brilliant Oval,Blue,Very Slightly Included,No Enhancement,222950.0,,17.47 x 15.25 x 8.62,Certified by Natural Sapphire Company,2025-09-08
Spinel,Purple,0.48,Mixed Brilliant Cushion,Purple,Very Slightly Included,No Enhancement,7800.0,,4.47 x 4.47 x 3.23,Certified by Natural Sapphire Company,2025-09-08
Spinel,Greyish Blue,0.46,Mixed Brilliant Cushion,Greyish Blue,Very Slightly Included,No Enhancement,7475.0,,4.58 x 4.57 x 3.07,Certified by Natural Sapphire Company,2025-09-08
Spinel,Purple,0.57,Mixed Brilliant Cushion,Purple,Very Slightly Included,No Enhancement,9425.0,,5.01 x 4.96 x 3.0,Certified by Natural Sapphire Company,2025-09-08
Spinel,Purple,0.48,Mixed Brilliant Cushion,Purple,Very Slightly Included,No Enhancement,7800.0,,4.54 x 4.52 x 3.18,Certified by Natural Sapphire Company,2025-09-08
Spinel,Purple,0.45,Mixed Brilliant Cushion,Purple,Very Slightly Included,No Enhancement,7475.0,,4.53 x 4.49 x 3.04,Certified by Natural Sapphire Company,2025-09-08
Spinel,Purple,0.48,Mixed Brilliant Cushion,Purple,Very Slightly Included,No Enhancement,7800.0,,4.52 x 4.48 x 3.23,Certified by Natural Sapphire Company,2025-09-08
Spinel,Pinkish Purple,0.47,Mixed Brilliant Cushion,Pinkish Purple,Very Slightly Included,No Enhancement,7800.0,,4.59 x 4.59 x 3.1,Certified by Natural Sapphire Company,2025-09-08
Spinel,Purple,0.49,Mixed Brilliant Cushion,Purple,Very Slightly Included,No Enhancement,8125.0,,4.62 x 4.49 x 3.24,Certified by Natural Sapphire Company,2025-09-08
Spinel,Purple,0.5,Mixed Brilliant Cushion,Purple,Very Slightly Included,No Enhancement,8125.0,,4.59 x 4.56 x 3.26,Certified by Natural Sapphire Company,2025-09-08
Spinel,Blue,0.52,Mixed Brilliant Cushion,Blue,Very Slightly Included,No Enhancement,10075.0,,4.62 x 4.56 x 3.32,Certified by Natural Sapphire Company,2025-09-08
Aquamarine,Blue,13.42,Mixed Brilliant Oval,Blue,Eye Clean,No Enhancement,261625.0,,17.49 x 14.5 x 10.19,Certified by Natural Sapphire Company,2025-09-08
Spinel,Purple,0.65,Mixed Brilliant Cushion,Purple,Slightly Included,No Enhancement,10725.0,,5.1 x 5.09 x 3.46,Certified by Natural Sapphire Company,2025-09-08
Spinel,Blue,0.49,Mixed Brilliant Cushion,Blue,Very Slightly Included,No Enhancement,9425.0,,4.56 x 4.54 x 3.23,Certified by Natural Sapphire Company,2025-09-08
Spinel,Purple,0.48,Mixed Brilliant Cushion,Purple,Very Slightly Included,No Enhancement,7800.0,,4.59 x 4.53 x 3.17,Certified by Natural Sapphire Company,2025-09-08
Spinel,Purple,0.56,Mixed Brilliant Cushion,Purple,Very Slightly Included,No Enhancement,9100.0,,5.01 x 4.93 x 3.13,Certified by Natural Sapphire Company,2025-09-08
Spinel,Purple,0.46,Princess Cut Cushion,Purple,Very Slightly Included,No Enhancement,7475.0,,4.47 x 4.47 x 3.16,Certified by Natural Sapphire Company,2025-09-08
Spinel,Bluish Purple,0.52,Mixed Brilliant Cushion,Bluish Purple,Very Slightly Included,No Enhancement,8450.0,,4.61 x 4.59 x 3.28,Certified by Natural Sapphire Company,2025-09-08
Moonstone,Brown,29.91,Cabochon Oval,Brown,Very Slightly Included,No Enhancement,136175.0,,21.15 x 17.78 x 10.76,Certified by Natural Sapphire Company,2025-09-08
Tourmaline,Brownish Pink,19.77,Emerald Cut Emerald Cut,Brownish Pink,Very Very Slightly Included,Heat Treated,2377375.0,,14.62 x 12.7 x 11.31,Certified by Natural Sapphire Company,2025-09-08
Aquamarine,Bluish Green,10.5,Mixed Brilliant Cushion,Bluish Green,Very Slightly Included,No Enhancement,204750.0,,15.72 x 12.98 x 8.47,Certified by Natural Sapphire Company,2025-09-08
Chrysoberyl,Greenish Yellow,1.19,Cabochon Oval,Greenish Yellow,Eye Clean,No Enhancement,309400.0,,6.88 x 5.18 x 3.39,Certified by Natural Sapphire Company,2025-09-08
Spinel,Pink,4.71,Cabochon Oval,Pink,Very Slightly Included,No Enhancement,260000.0,,11.12 x 9.37 x 5.17,Certified by Natural Sapphire Company,2025-09-08
Chrysoberyl,Greenish Yellow,1.16,Mixed Brilliant Oval,Greenish Yellow,Very Slightly Included,No Enhancement,18850.0,,6.8 x 5.13 x 4.16,Certified by Natural Sapphire Company,2025-09-08
Aquamarine,Sky Blue,8.16,Mixed Brilliant Cushion,Sky Blue,Very Slightly Included,No Enhancement,159250.0,,15.93 x 10.51 x 8.03,Certified by Natural Sapphire Company,2025-09-08
Chrysoberyl,Greenish Yellow,1.45,Mixed Brilliant Cushion,Greenish Yellow,Very Slightly Included,No Enhancement,23725.0,,7.25 x 5.53 x 4.31,Certified by Natural Sapphire Company,2025-09-08
Moonstone,Rainbow,0.41,Emerald Cut Emerald Cut,Rainbow,Very Slightly Included,No Enhancement,48750.0,,4.91 x 4.11 x 3.31,Certified by Natural Sapphire Company,2025-09-08
Moonstone,Rainbow,0.31,Emerald Cut Emerald Cut,Rainbow,Very Slightly Included,No Enhancement,48750.0,,5.45 x 3.42 x 2.58,Certified by Natural Sapphire Company,2025-09-08
Moonstone,Rainbow,0.38,Emerald Cut Emerald Cut,Rainbow,Very Very Slightly Included,No Enhancement,48750.0,,5.8 x 3.33 x 2.97,Certified by Natural Sapphire Company,2025-09-08
Zircon,Blue,1.85,Mixed Brilliant Cushion,Blue,Very Slightly Included,Heat Treated,120250.0,,6.17 x 5.61 x 5.05,Certified by Natural Sapphire Company,2025-09-08
Spinel,Blue,5.47,Mixed Brilliant Cushion,Blue,Eye Clean,No Enhancement,1973400.0,,11.09 x 9.42 x 5.91,Certified by Natural Sapphire Company,2025-09-08
Chrysoberyl,Greenish Yellow,1.28,Mixed Brilliant Oval,Greenish Yellow,Very Slightly Included,No Enhancement,29250.0,,6.7 x 5.53 x 4.43,Certified by Natural Sapphire Company,2025-09-08
Moonstone,White,0.22,Emerald Cut Emerald Cut,White,Very Slightly Included,No Enhancement,48750.0,,6.45 x 2.62 x 1.88,Certified by Natural Sapphire Company,2025-09-08
Moonstone,Rainbow,0.32,Emerald Cut Emerald Cut,Rainbow,Very Slightly Included,No Enhancement,48750.0,,6.56 x 3.39 x 2.09,Certified by Natural Sapphire Company,2025-09-08
Moonstone,Rainbow,0.35,Emerald Cut Emerald Cut,Rainbow,Very Very Slightly Included,No Enhancement,48750.0,,6.64 x 3.52 x 2.33,Certified by Natural Sapphire Company,2025-09-08
Moonstone,Rainbow,0.37,Emerald Cut Emerald Cut,Rainbow,Slightly Included,No Enhancement,48750.0,,5.11 x 3.42 x 3.23,Certified by Natural Sapphire Company,2025-09-08
Moonstone,Rainbow,0.57,Emerald Cut Emerald Cut,Rainbow,Very Very Slightly Included,No Enhancement,48750.0,,5.25 x 4.45 x 3.74,Certified by Natural Sapphire Company,2025-09-08
Spinel,Blue,3.82,Mixed Brilliant Cushion,Blue,Eye Clean,No Enhancement,1493050.0,,11.03 x 8.1 x 4.95,Certified by Natural Sapphire Company,2025-09-08
Moonstone,Rainbow,0.39,Emerald Cut Emerald Cut,Rainbow,Very Very Slightly Included,No Enhancement,48750.0,,5.32 x 4.1 x 2.73,Certified by Natural Sapphire Company,2025-09-08
Moonstone,Rainbow,0.25,Emerald Cut Emerald Cut,Rainbow,Very Slightly Included,No Enhancement,48750.0,,4.98 x 3.03 x 2.46,Certified by Natural Sapphire Company,2025-09-08
Zircon,Blue,1.98,Mixed Brilliant Oval,Blue,Very Slightly Included,Heat Treated,128700.0,,7.2 x 6.39 x 4.14,Certified by Natural Sapphire Company,2025-09-08
Moonstone,Rainbow,0.4,Emerald Cut Emerald Cut,Rainbow,Very Slightly Included,No Enhancement,48750.0,,5.24 x 3.87 x 3.27,Certified by Natural Sapphire Company,2025-09-08
Zircon,Blue,1.82,Mixed Brilliant Oval,Blue,Eye Clean,Heat Treated,118300.0,,6.69 x 5.34 x 4.91,Certified by Natural Sapphire Company,2025-09-08
Zircon,Blue,1.98,Mixed Brilliant Oval,Blue,Very Slightly Included,Heat Treated,128700.0,,6.58 x 5.84 x 4.84,Certified by Natural Sapphire Company,2025-09-08
Zircon,Blue,1.72,Mixed Brilliant Oval,Blue,Very Slightly Included,Heat Treated,111800.0,,5.95 x 5.59 x 5.03,Certified by Natural Sapphire Company,2025-09-08
Chrysoberyl,Greenish Yellow,1.07,Mixed Brilliant Oval,Greenish Yellow,Very Slightly Included,No Enhancement,24375.0,,6.37 x 5.31 x 4.0,Certified by Natural Sapphire Company,2025-09-08
Zircon,Blue,1.74,Mixed Brilliant Oval,Blue,Eye Clean,Heat Treated,113100.0,,6.88 x 5.9 x 4.09,Certified by Natural Sapphire Company,2025-09-08
Zircon,Blue,1.72,Mixed Brilliant Cushion,Blue,Very Slightly Included,Heat Treated,111800.0,,6.39 x 5.62 x 4.55,Certified by Natural Sapphire Company,2025-09-08
Chrysoberyl,Greenish Yellow,1.52,Radiant Cut Radiant,Greenish Yellow,Very Slightly Included,No Enhancement,34450.0,,7.99 x 5.18 x 4.08,Certified by Natural Sapphire Company,2025-09-08
Zircon,Blue,1.58,Mixed Brilliant Cushion,Blue,Very Slightly Included,Heat Treated,102700.0,,6.15 x 5.98 x 3.87,Certified by Natural Sapphire Company,2025-09-08
Zircon,Greenish Blue,1.88,Mixed Brilliant Cushion,Greenish Blue,Eye Clean,Heat Treated,122200.0,,6.15 x 5.56 x 5.18,Certified by Natural Sapphire Company,2025-09-08
Zircon,Greenish Blue,1.97,Mixed Brilliant Cushion,Greenish Blue,Very Slightly Included,Heat Treated,128050.0,,6.71 x 6.42 x 4.28,Certified by Natural Sapphire Company,2025-09-08
Zircon,Blue,1.67,Mixed Brilliant Pear,Blue,Very Slightly Included,Heat Treated,108550.0,,7.99 x 4.96 x 4.41,Certified by Natural Sapphire Company,2025-09-08
Zircon,Blue,1.61,Asscher Asscher - Octagon,Blue,Very Slightly Included,Heat Treated,104650.0,,5.25 x 5.15 x 4.87,Certified by Natural Sapphire Company,2025-09-08
Garnet,Red,2.33,Mixed Brilliant Oval,Red,Eye Clean,No Enhancement,60450.0,,8.05 x 7.14 x 5.05,Certified by Natural Sapphire Company,2025-09-08
Chrysoberyl,Greenish Yellow,1.03,Radiant Cut Radiant,Greenish Yellow,Very Slightly Included,No Enhancement,23400.0,,6.64 x 4.86 x 3.58,Certified by Natural Sapphire Company,2025-09-08
Zircon,Blue,1.84,Mixed Brilliant Pear,Blue,Very Slightly Included,Heat Treated,119600.0,,7.24 x 5.84 x 4.72,Certified by Natural Sapphire Company,2025-09-08
Zircon,Blue,1.82,Radiant Cut Radiant,Blue,Eye Clean,Heat Treated,118300.0,,7.04 x 4.31 x 4.72,Certified by Natural Sapphire Company,2025-09-08
Zircon,Yellow,19.97,Mixed Brilliant Cushion,Yellow,Eye Clean,Heat Treated,2923700.0,,15.29 x 12.3 x 9.51,Certified by Natural Sapphire Company,2025-09-08
Garnet,Red,2.28,Emerald Cut Emerald Cut,Red,Very Slightly Included,No Enhancement,59150.0,,8.59 x 6.31 x 4.28,Certified by Natural Sapphire Company,2025-09-08
Spinel,Blue,4.08,Mixed Brilliant Cushion,Blue,Eye Clean,Heat Treated,1594450.0,,9.42 x 8.86 x 5.94,Certified by Natural Sapphire Company,2025-09-08
Chrysoberyl,Greenish Yellow,1.51,Mixed Brilliant Cushion,Greenish Yellow,Very Slightly Included,No Enhancement,24700.0,,7.26 x 6.16 x 4.11,Certified by Natural Sapphire Company,2025-09-08
Aquamarine,Blue,12.4,Mixed Brilliant Cushion,Blue,Eye Clean,Heat Treated,2124850.0,,14.58 x 13.46 x 9.7,Certified by Natural Sapphire Company,2025-09-08
Zircon,Brown,11.8,Mixed Brilliant Oval,Brown,Eye Clean,Heat Treated,1241500.0,,14.75 x 11.04 x 7.84,Certified by Natural Sapphire Company,2025-09-08
Chrysoberyl,Greenish Yellow,1.85,Radiant Cut Radiant,Greenish Yellow,Very Slightly Included,No Enhancement,42250.0,,7.17 x 6.23 x 4.78,Certified by Natural Sapphire Company,2025-09-08
Chrysoberyl,Greenish Yellow,1.88,Radiant Cut Radiant,Greenish Yellow,Eye Clean,No Enhancement,42900.0,,7.5 x 5.82 x 4.81,Certified by Natural Sapphire Company,2025-09-08
Garnet,Red,15.74,Mixed Brilliant Pear,Red,Eye Clean,No Enhancement,1419600.0,,20.55 x 14.24 x 7.52,Certified by Natural Sapphire Company,2025-09-08
Garnet,Purplish Red,7.8,Mixed Brilliant Oval,Purplish Red,Very Slightly Included,No Enhancement,380250.0,,13.6 x 11.43 x 7.25,Certified by Natural Sapphire Company,2025-09-08
Zircon,Green,4.4,Mixed Brilliant Cushion,Green,Very Slightly Included,Heat Treated,214500.0,,11.18 x 9.26 x 5.92,Certified by Natural Sapphire Company,2025-09-08
Chrysoberyl,Greenish Yellow,1.68,Mixed Brilliant Round,Greenish Yellow,Very Slightly Included,No Enhancement,38350.0,,6.78 x 6.81 x 5.15,Certified by Natural Sapphire Company,2025-09-08
Zircon,Yellowish Brown,15.72,Mixed Brilliant Oval,Yellowish Brown,Very Slightly Included,Heat Treated,1277250.0,,14.68 x 12.17 x 9.05,Certified by Natural Sapphire Company,2025-09-08
Zircon,Green,7.12,Radiant Cut Radiant,Green,Very Slightly Included,Heat Treated,1369875.0,,12.85 x 9.86 x 5.9,Certified by Natural Sapphire Company,2025-09-08
Zircon,Blue,19.37,Mixed Brilliant Oval,Blue,Very Slightly Included,Heat Treated,3745625.0,,16.46 x 10.89 x 10.19,Certified by Natural Sapphire Company,2025-09-08
Chrysoberyl,Greenish Yellow,1.57,Mixed Brilliant Pear,Greenish Yellow,Very Slightly Included,No Enhancement,35750.0,,7.89 x 5.99 x 4.66,Certified by Natural Sapphire Company,2025-09-08
Zircon,Blue,23.74,Mixed Brilliant Cushion,Blue,Very Slightly Included,Heat Treated,4590625.0,,14.08 x 12.37 x 11.44,Certified by Natural Sapphire Company,2025-09-08
Chrysoberyl,Green,2.31,Mixed Brilliant Cushion,Green,Very Slightly Included,Heat Treated,262925.0,,9.15 x 6.7 x 4.64,Certified by Natural Sapphire Company,2025-09-08
Chrysoberyl,Greenish Yellow,1.55,Radiant Cut Radiant,Greenish Yellow,Very Slightly Included,No Enhancement,35425.0,,6.46 x 6.02 x 4.4,Certified by Natural Sapphire Company,2025-09-08
Chrysoberyl,Yellow,2.34,Mixed Brilliant Cushion,Yellow,Very Slightly Included,No Enhancement,76050.0,,8.95 x 6.68 x 4.3,Certified by Natural Sapphire Company,2025-09-08
Moonstone,Rainbow,0.35,Emerald Cut Emerald Cut,Rainbow,Slightly Included,No Enhancement,48750.0,,5.24 x 3.43 x 2.89,Certified by Natural Sapphire Company,2025-09-08
Zircon,Brown,9.01,Mixed Brilliant Oval,Brown,Very Slightly Included,Heat Treated,292825.0,,13.56 x 10.37 x 6.9,Certified by Natural Sapphire Company,2025-09-08
Moonstone,Rainbow,0.55,Emerald Cut Emerald Cut,Rainbow,Slightly Included,No Enhancement,48750.0,,5.37 x 4.14 x 4.06,Certified by Natural Sapphire Company,2025-09-08
Spinel,Purple,3.0,Mixed Brilliant Oval,Purple,Very Slightly Included,No Enhancement,113100.0,,8.9 x 8.48 x 5.69,Certified by Natural Sapphire Company,2025-09-08
Zircon,Brown,9.01,Mixed Brilliant Cushion,Brown,Slightly Included,Heat Treated,292825.0,,13.22 x 9.53 x 6.36,Certified by Natural Sapphire Company,2025-09-08
Moonstone,Rainbow,0.72,Emerald Cut Emerald Cut,Rainbow,Slightly Included,No Enhancement,48750.0,,6.36 x 4.16 x 3.94,Certified by Natural Sapphire Company,2025-09-08
Zircon,Brownish Yellow,12.0,Mixed Brilliant Oval,Brownish Yellow,Eye Clean,Heat Treated,507000.0,,13.72 x 11.29 x 7.55,Certified by Natural Sapphire Company,2025-09-08
Moonstone,White,11.47,Cabochon Oval,White,Very Slightly Included,No Enhancement,37375.0,,17.27 x 12.03 x 7.49,Certified by Natural Sapphire Company,2025-09-08
Zircon,Brown,10.86,Radiant Cut Radiant,Brown,Very Slightly Included,Heat Treated,352950.0,,15.63 x 9.51 x 5.91,Certified by Natural Sapphire Company,2025-09-08
Zircon,Brown,11.98,Mixed Brilliant Oval,Brown,Very Slightly Included,Heat Treated,389350.0,,14.16 x 12.01 x 7.9,Certified by Natural Sapphire Company,2025-09-08
Zircon,Brown,12.34,Mixed Brilliant Oval,Brown,Very Slightly Included,Heat Treated,401050.0,,14.61 x 11.53 x 7.88,Certified by Natural Sapphire Company,2025-09-08
Zircon,Yellowish Brown,14.14,Mixed Brilliant Cushion,Yellowish Brown,Very Slightly Included,Heat Treated,643500.0,,13.36 x 12.6 x 8.0,Certified by Natural Sapphire Company,2025-09-08
Garnet,Red,1.71,Asscher Asscher - Octagon,Red,Eye Clean,No Enhancement,44525.0,,6.62 x 6.21 x 4.28,Certified by Natural Sapphire Company,2025-09-08
Chrysoberyl,Greenish Yellow,1.65,Mixed Brilliant Heart,Greenish Yellow,Eye Clean,No Enhancement,37700.0,,6.46 x 6.55 x 5.24,Certified by Natural Sapphire Company,2025-09-08
Garnet,Red,2.17,Mixed Brilliant Oval,Red,Eye Clean,No Enhancement,56550.0,,7.78 x 7.28 x 4.52,Certified by Natural Sapphire Company,2025-09-08
Moonstone,White,1.2,Radiant Cut Radiant,White,Very Slightly Included,No Enhancement,42900.0,,7.19 x 6.41 x 4.43,Certified by Natural Sapphire Company,2025-09-08
Garnet,Red,1.52,Asscher Asscher - Octagon,Red,Very Slightly Included,No Enhancement,39650.0,,6.97 x 6.62 x 3.56,Certified by Natural Sapphire Company,2025-09-08
Garnet,Red,2.44,Mixed Brilliant Oval,Red,Eye Clean,No Enhancement,63375.0,,8.65 x 6.41 x 5.01,Certified by Natural Sapphire Company,2025-09-08
Zircon,Brown,1.91,Mixed Brilliant Pear,Brown,Very Slightly Included,No Enhancement,16250.0,,8.21 x 6.45 x 4.21,Certified by Natural Sapphire Company,2025-09-08
Garnet,Purplish Red,15.84,Mixed Brilliant Cushion,Purplish Red,Very Slightly Included,Heat Treated,967850.0,,15.58 x 13.56 x 9.06,Certified by Natural Sapphire Company,2025-09-08
Garnet,Purplish Pink,4.63,Radiant Cut Radiant,Purplish Pink,Very Slightly Included,No Enhancement,553800.0,,11.94 x 7.66 x 5.53,Certified by Natural Sapphire Company,2025-09-08
Garnet,Red,14.29,Mixed Brilliant Cushion,Red,Eye Clean,No Enhancement,965900.0,,13.92 x 12.57 x 9.52,Certified by Natural Sapphire Company,2025-09-08
Garnet,Red,10.6,Mixed Brilliant Cushion,Red,Very Slightly Included,No Enhancement,826800.0,,12.84 x 11.97 x 8.04,Certified by Natural Sapphire Company,2025-09-08
Garnet,Red,13.85,Radiant Cut Asscher - Octagon,Red,Very Slightly Included,No Enhancement,1107275.0,,12.77 x 12.51 x 9.42,Certified by Natural Sapphire Company,2025-09-08
Garnet,Red,29.36,Mixed Brilliant Oval,Red,Eye Clean,No Enhancement,2542150.0,,20.04 x 15.85 x 11.43,Certified by Natural Sapphire Company,2025-09-08
Spinel,Pink,3.01,Mixed Brilliant Cushion,Pink,Eye Clean,No Enhancement,829400.0,,9.98 x 8.13 x 4.58,Certified by Natural Sapphire Company,2025-09-08
Spinel,Pink,3.07,Mixed Brilliant Cushion,Pink,Slightly Included,No Enhancement,973700.0,,7.98 x 7.72 x 6.09,Certified by Natural Sapphire Company,2025-09-08
Spinel,Greenish Blue,4.14,Mixed Brilliant Cushion,Greenish Blue,Very Slightly Included,No Enhancement,1530750.0,,11.74 x 8.83 x 5.13,Certified by Natural Sapphire Company,2025-09-08
Spinel,Purplish Blue,5.18,Mixed Brilliant Oval,Purplish Blue,Very Slightly Included,No Enhancement,1273675.0,,11.94 x 9.42 x 6.34,Certified by Natural Sapphire Company,2025-09-08
Spinel,Purple,1.68,Mixed Brilliant Pear,Purple,Very Slightly Included,No Enhancement,32825.0,,9.53 x 6.82 x 3.65,Certified by Natural Sapphire Company,2025-09-08
Spinel,Pink,3.92,Mixed Brilliant Oval,Pink,Very Slightly Included,No Enhancement,1798225.0,,11.32 x 8.55 x 5.76,Certified by Natural Sapphire Company,2025-09-08
Garnet,Brown,0.84,Mixed Brilliant Cushion,Brown,Very Slightly Included,No Enhancement,13650.0,,6.1 x 4.4 x 3.26,Certified by Natural Sapphire Company,2025-09-08
Zircon,Yellowish Brown,2.45,Mixed Brilliant Pear,Yellowish Brown,Eye Clean,No Enhancement,31850.0,,8.71 x 7.04 x 4.12,Certified by Natural Sapphire Company,2025-09-08
Moonstone,Rainbow,0.33,Asscher Asscher - Octagon,Rainbow,Very Slightly Included,No Enhancement,48750.0,,4.35 x 3.75 x 3.19,Certified by Natural Sapphire Company,2025-09-08
Moonstone,Rainbow,0.37,Asscher Asscher - Octagon,Rainbow,Very Slightly Included,No Enhancement,48750.0,,4.42 x 4.4 x 2.81,Certified by Natural Sapphire Company,2025-09-08
Chrysoberyl,Greenish Yellow,1.9,Mixed Brilliant Cushion,Greenish Yellow,Very Slightly Included,No Enhancement,43225.0,,9.36 x 6.64 x 3.67,Certified by Natural Sapphire Company,2025-09-08
Spinel,Purple,2.02,Mixed Brilliant Cushion,Purple,Very Slightly Included,No Enhancement,52650.0,,10.36 x 6.05 x 3.78,Certified by Natural Sapphire Company,2025-09-08
Moonstone,Rainbow,0.72,Emerald Cut Emerald Cut,Rainbow,Very Very Slightly Included,No Enhancement,48750.0,,5.23 x 4.32 x 4.5,Certified by Natural Sapphire Company,2025-09-08
Chrysoberyl,Greenish Yellow,1.13,Mixed Brilliant Cushion,Greenish Yellow,Eye Clean,No Enhancement,18525.0,,6.96 x 5.82 x 3.52,Certified by Natural Sapphire Company,2025-09-08
Moonstone,White,0.51,Emerald Cut Emerald Cut,White,Very Slightly Included,No Enhancement,48750.0,,6.18 x 3.79 x 3.27,Certified by Natural Sapphire Company,2025-09-08
Chrysoberyl,Greenish Yellow,2.53,Radiant Cut Radiant,Greenish Yellow,Very Slightly Included,No Enhancement,98800.0,,8.46 x 6.16 x 5.28,Certified by Natural Sapphire Company,2025-09-08
Moonstone,Rainbow,0.47,Emerald Cut Emerald Cut,Rainbow,Very Slightly Included,No Enhancement,48750.0,,6.2 x 4.16 x 3.71,Certified by Natural Sapphire Company,2025-09-08
Moonstone,Rainbow,0.46,Emerald Cut Emerald Cut,Rainbow,Eye Clean,No Enhancement,48750.0,,6.07 x 3.68 x 3.11,Certified by Natural Sapphire Company,2025-09-08
Garnet,Red,2.39,Mixed Brilliant Oval,Red,Very Slightly Included,No Enhancement,62075.0,,7.83 x 7.07 x 5.34,Certified by Natural Sapphire Company,2025-09-08
Moonstone,Rainbow,0.5,Emerald Cut Emerald Cut,Rainbow,Very Slightly Included,No Enhancement,48750.0,,7.15 x 4.0 x 2.58,Certified by Natural Sapphire Company,2025-09-08
Moonstone,Rainbow,0.38,Emerald Cut Emerald Cut,Rainbow,Very Very Slightly Included,No Enhancement,48750.0,,5.3 x 3.72 x 2.93,Certified by Natural Sapphire Company,2025-09-08
Chrysoberyl,Greenish Yellow,13.33,Cabochon Round,Greenish Yellow,Very Slightly Included,No Enhancement,49907650.0,,11.97 x 11.98 x 9.33,Certified by Natural Sapphire Company,2025-09-08
Moonstone,Rainbow,0.43,Emerald Cut Emerald Cut,Rainbow,Very Very Slightly Included,No Enhancement,48750.0,,5.6 x 3.6 x 3.32,Certified by Natural Sapphire Company,2025-09-08
Chrysoberyl,Greenish Yellow,19.1,Cabochon Oval,Greenish Yellow,Very Slightly Included,No Enhancement,34699925.0,,15.8 x 13.86 x 9.2,Certified by Natural Sapphire Company,2025-09-08
Moonstone,Rainbow,0.73,Emerald Cut Emerald Cut,Rainbow,Very Very Slightly Included,No Enhancement,48750.0,,6.76 x 4.34 x 3.6,Certified by Natural Sapphire Company,2025-09-08
Chrysoberyl,Greenish Yellow,2.02,Mixed Brilliant Cushion,Greenish Yellow,Very Slightly Included,No Enhancement,78650.0,,8.37 x 6.41 x 4.49,Certified by Natural Sapphire Company,2025-09-08
Spinel,Pink,0.76,Mixed Brilliant Round,Pink,Very Slightly Included,No Enhancement,49400.0,,5.97 x 5.93 x 3.21,Certified by Natural Sapphire Company,2025-09-08
Chrysoberyl,Greenish Yellow,2.25,Mixed Brilliant Pear,Greenish Yellow,Eye Clean,No Enhancement,87750.0,,9.39 x 6.94 x 4.89,Certified by Natural Sapphire Company,2025-09-08
Spinel,Purple,1.26,Mixed Brilliant Round,Purple,Very Slightly Included,No Enhancement,81900.0,,6.25 x 6.31 x 4.75,Certified by Natural Sapphire Company,2025-09-08
Spinel,Greyish Blue,1.33,Mixed Brilliant Round,Greyish Blue,Eye Clean,No Enhancement,86450.0,,6.77 x 6.71 x 4.23,Certified by Natural Sapphire Company,2025-09-08
Spinel,Purplish Pink,1.23,Mixed Brilliant Round,Purplish Pink,Very Slightly Included,No Enhancement,119925.0,,6.71 x 6.71 x 4.18,Certified by Natural Sapphire Company,2025-09-08
Spinel,Blue,1.96,Mixed Brilliant Round,Blue,Very Slightly Included,No Enhancement,191100.0,,8.06 x 8.06 x 4.63,Certified by Natural Sapphire Company,2025-09-08
Spinel,Greyish Blue,1.61,Mixed Brilliant Round,Greyish Blue,Very Slightly Included,No Enhancement,156975.0,,7.32 x 7.31 x 4.52,Certified by Natural Sapphire Company,2025-09-08
Chrysoberyl,Greenish Yellow,3.15,Mixed Brilliant Pear,Greenish Yellow,Very Slightly Included,No Enhancement,204750.0,,12.06 x 8.25 x 4.63,Certified by Natural Sapphire Company,2025-09-08
Spinel,Purple,1.42,Mixed Brilliant Round,Purple,Very Slightly Included,No Enhancement,138450.0,,6.98 x 6.99 x 4.34,Certified by Natural Sapphire Company,2025-09-08
Garnet,Red,15.49,Mixed Brilliant Cushion,Red,Eye Clean,Heat Treated,1396850.0,,16.23 x 13.36 x 7.62,Certified by Natural Sapphire Company,2025-09-08
Garnet,Red,17.39,Asscher Asscher - Octagon,Red,Eye Clean,Heat Treated,2613975.0,,13.74 x 13.62 x 11.12,Certified by Natural Sapphire Company,2025-09-08
Garnet,Red,14.32,Mixed Brilliant Cushion,Red,Eye Clean,Heat Treated,1721850.0,,15.65 x 12.45 x 8.36,Certified by Natural Sapphire Company,2025-09-08
Spinel,Purplish Pink,2.38,Mixed Brilliant Oval,Purplish Pink,Very Slightly Included,No Enhancement,232050.0,,9.67 x 7.27 x 4.84,Certified by Natural Sapphire Company,2025-09-08
Garnet,Purplish Red,38.6,Mixed Brilliant Cushion,Purplish Red,Eye Clean,Heat Treated,3732300.0,,20.88 x 18.04 x 12.1,Certified by Natural Sapphire Company,2025-09-08
Garnet,Red,21.36,Mixed Brilliant Oval,Red,Very Slightly Included,Heat Treated,2889575.0,,19.38 x 16.38 x 8.98,Certified by Natural Sapphire Company,2025-09-08
Zircon,Brown,2.03,Mixed Brilliant Cushion,Brown,Very Slightly Included,No Enhancement,26325.0,,8.65 x 5.76 x 3.78,Certified by Natural Sapphire Company,2025-09-08
Aquamarine,Blue,6.92,Mixed Brilliant Round,Blue,Slightly Included,Heat Treated,134875.0,,12.82 x 12.8 x 7.83,Certified by Natural Sapphire Company,2025-09-08
Spinel,Purplish Pink,4.68,Mixed Brilliant Pear,Purplish Pink,Eye Clean,No Enhancement,456300.0,,14.57 x 7.51 x 6.41,Certified by Natural Sapphire Company,2025-09-08
Spinel,Greyish Blue,1.59,Asscher Asscher - Octagon,Greyish Blue,Very Slightly Included,No Enhancement,155025.0,,6.48 x 6.48 x 4.65,Certified by Natural Sapphire Company,2025-09-08
Spinel,Purple,2.09,Mixed Brilliant Round,Purple,Eye Clean,No Enhancement,271700.0,,7.68 x 7.71 x 5.34,Certified by Natural Sapphire Company,2025-09-08
Spinel,Greyish Blue,2.08,Mixed Brilliant Round,Greyish Blue,Very Slightly Included,No Enhancement,270400.0,,8.11 x 8.14 x 4.76,Certified by Natural Sapphire Company,2025-09-08
Spinel,Blue,3.44,Mixed Brilliant Pear,Blue,Slightly Included,No Enhancement,335400.0,,11.99 x 7.39 x 5.9,Certified by Natural Sapphire Company,2025-09-08
Spinel,Purplish Pink,2.1,Mixed Brilliant Round,Purplish Pink,Eye Clean,No Enhancement,409500.0,,8.09 x 8.11 x 4.88,Certified by Natural Sapphire Company,2025-09-08
Spinel,Purplish Pink,2.97,Mixed Brilliant Round,Purplish Pink,Very Slightly Included,No Enhancement,579150.0,,8.57 x 8.57 x 5.96,Certified by Natural Sapphire Company,2025-09-08
Spinel,Purplish Pink,1.74,Mixed Brilliant Round,Purplish Pink,Very Slightly Included,No Enhancement,226200.0,,7.13 x 7.16 x 4.98,Certified by Natural Sapphire Company,2025-09-08
Spinel,Pink,1.46,Mixed Brilliant Round,Pink,Eye Clean,No Enhancement,189800.0,,6.98 x 6.87 x 4.57,Certified by Natural Sapphire Company,2025-09-08
Spinel,Purple,1.48,Mixed Brilliant Round,Purple,Very Slightly Included,No Enhancement,192400.0,,7.06 x 7.06 x 4.38,Certified by Natural Sapphire Company,2025-09-08
Spinel,Purple,4.41,Mixed Brilliant Round,Purple,Very Slightly Included,No Enhancement,1146600.0,,10.04 x 10.01 x 6.47,Certified by Natural Sapphire Company,2025-09-08
Spinel,Blue,1.7,Mixed Brilliant Round,Blue,Very Slightly Included,No Enhancement,221000.0,,7.45 x 7.47 x 4.61,Certified by Natural Sapphire Company,2025-09-08
Chrysoberyl,Greenish Brown,12.3,Mixed Brilliant Cushion,Greenish Brown,Very Slightly Included,No Enhancement,2958150.0,,15.37 x 11.89 x 7.65,Certified by Natural Sapphire Company,2025-09-08
Zircon,Yellow,2.07,Mixed Brilliant Cushion,Yellow,Very Slightly Included,Heat Treated,26975.0,,8.87 x 6.51 x 3.57,Certified by Natural Sapphire Company,2025-09-08
Moonstone,Rainbow,0.54,Emerald Cut Emerald Cut,Rainbow,Very Slightly Included,No Enhancement,48750.0,,6.63 x 3.58 x 3.16,Certified by Natural Sapphire Company,2025-09-08
Topaz,Peach,1.92,Mixed Brilliant Oval,Peach,Eye Clean,Heat Treated,187200.0,,9.11 x 6.03 x 4.27,Certified by Natural Sapphire Company,2025-09-08
Garnet,Red,3.68,Asscher Asscher - Octagon,Red,Eye Clean,No Enhancement,167700.0,,7.8 x 7.25 x 6.78,Certified by Natural Sapphire Company,2025-09-08
Moonstone,Rainbow,0.74,Emerald Cut Emerald Cut,Rainbow,Eye Clean,No Enhancement,48425.0,,7.54 x 4.16 x 3.4,Certified by Natural Sapphire Company,2025-09-08
Tourmaline,Green,0.62,Mixed Brilliant Round,Green,Eye Clean,No Enhancement,28275.0,,5.17 x 5.18 x 3.85,Certified by Natural Sapphire Company,2025-09-08
Spinel,Purple,1.07,Mixed Brilliant Oval,Purple,Very Slightly Included,No Enhancement,17550.0,,7.13 x 5.13 x 3.6,Certified by Natural Sapphire Company,2025-09-08
Garnet,Red,2.76,Checkerboard Cushion,Red,Very Slightly Included,Heat Treated,80600.0,,9.09 x 7.1 x 4.87,Certified by Natural Sapphire Company,2025-09-08
Tourmaline,Green,0.78,Princess Cut Princess,Green,Very Very Slightly Included,No Enhancement,50700.0,,5.16 x 5.13 x 3.89,Certified by Natural Sapphire Company,2025-09-08
Spinel,Bluish Grey,2.83,Mixed Brilliant Oval,Bluish Grey,Eye Clean,No Enhancement,598000.0,,10.5 x 7.86 x 4.55,Certified by Natural Sapphire Company,2025-09-08
Moonstone,Rainbow,2.05,Asscher Asscher - Octagon,Rainbow,Very Slightly Included,No Enhancement,117325.0,,7.84 x 7.23 x 5.44,Certified by Natural Sapphire Company,2025-09-08
Spinel,Purple,1.33,Mixed Brilliant Oval,Purple,Very Slightly Included,No Enhancement,21775.0,,7.51 x 5.81 x 4.15,Certified by Natural Sapphire Company,2025-09-08
Spinel,Pinkish Red,0.96,Mixed Brilliant Oval,Pinkish Red,Very Slightly Included,No Enhancement,43550.0,,6.63 x 5.28 x 3.13,Certified by Natural Sapphire Company,2025-09-08
Spinel,Red,0.76,Mixed Brilliant Oval,Red,Slightly Included,No Enhancement,34450.0,,5.63 x 4.85 x 3.65,Certified by Natural Sapphire Company,2025-09-08
Spinel,Red,1.24,Mixed Brilliant Oval,Red,Very Slightly Included,Heat Treated,362700.0,,7.27 x 5.82 x 4.02,Certified by Natural Sapphire Company,2025-09-08
Spinel,Red,1.21,Mixed Brilliant Oval,Red,Slightly Included,No Enhancement,54925.0,,8.0 x 5.1 x 3.77,Certified by Natural Sapphire Company,2025-09-08
Garnet,Red,2.85,Mixed Brilliant Pear,Red,Eye Clean,No Enhancement,148200.0,,9.7 x 7.57 x 5.54,Certified by Natural Sapphire Company,2025-09-08
Spinel,Red,0.56,Mixed Brilliant Oval,Red,Slightly Included,No Enhancement,25350.0,,4.83 x 4.22 x 3.23,Certified by Natural Sapphire Company,2025-09-08
Alexandrite,Color Change,15.26,Mixed Brilliant Oval,Color Change,Eye Clean,No Enhancement,48355125.0,,14.74 x 12.77 x 10.23,Certified by Natural Sapphire Company,2025-09-08
Moonstone,Rainbow,0.46,Emerald Cut Emerald Cut,Rainbow,Very Very Slightly Included,No Enhancement,48750.0,,5.81 x 4.04 x 2.91,Certified by Natural Sapphire Company,2025-09-08
Moonstone,Rainbow,0.57,Emerald Cut Emerald Cut,Rainbow,Very Slightly Included,No Enhancement,48750.0,,6.28 x 3.71 x 3.73,Certified by Natural Sapphire Company,2025-09-08
Moonstone,Rainbow,0.67,Emerald Cut Emerald Cut,Rainbow,Very Very Slightly Included,No Enhancement,48750.0,,6.94 x 4.26 x 3.18,Certified by Natural Sapphire Company,2025-09-08
Moonstone,Rainbow,0.51,Asscher Asscher - Octagon,Rainbow,Very Slightly Included,No Enhancement,48750.0,,4.77 x 4.63 x 4.0,Certified by Natural Sapphire Company,2025-09-08
Garnet,Red,2.75,Mixed Brilliant Cushion,Red,Slightly Included,No Enhancement,71500.0,,7.8 x 7.25 x 5.64,Certified by Natural Sapphire Company,2025-09-08
Moonstone,White,17.64,Cabochon Oval,White,Very Slightly Included,No Enhancement,80275.0,,18.79 x 13.39 x 9.86,Certified by Natural Sapphire Company,2025-09-08
Garnet,Red,3.07,Mixed Brilliant Cushion,Red,Eye Clean,No Enhancement,99775.0,,8.89 x 7.96 x 5.05,Certified by Natural Sapphire Company,2025-09-08
Garnet,Red,1.85,Mixed Brilliant Round,Red,Eye Clean,No Enhancement,48100.0,,7.45 x 7.51 x 4.63,Certified by Natural Sapphire Company,2025-09-08
Rubellite Tourmaline,Pinkish Red,5.84,Mixed Brilliant Cushion,Pinkish Red,Very Slightly Included,No Enhancement,265850.0,,13.16 x 10.6 x 5.7,Certified by Natural Sapphire Company,2025-09-08
Moonstone,Rainbow,0.8,Emerald Cut Emerald Cut,Rainbow,Eye Clean,No Enhancement,48750.0,,7.54 x 4.77 x 3.16,Certified by Natural Sapphire Company,2025-09-08
Garnet,Red,1.68,Mixed Brilliant Oval,Red,Eye Clean,No Enhancement,43550.0,,7.22 x 6.62 x 4.17,Certified by Natural Sapphire Company,2025-09-08
Moonstone,Rainbow,0.59,Mixed Brilliant Cushion,Rainbow,Very Slightly Included,No Enhancement,48750.0,,5.37 x 4.75 x 4.06,Certified by Natural Sapphire Company,2025-09-08
Moonstone,Rainbow,0.57,Emerald Cut Asscher - Octagon,Rainbow,Very Very Slightly Included,No Enhancement,48750.0,,5.15 x 4.83 x 3.78,Certified by Natural Sapphire Company,2025-09-08
Garnet,Red,1.52,Mixed Brilliant Oval,Red,Eye Clean,No Enhancement,39650.0,,7.32 x 6.61 x 3.83,Certified by Natural Sapphire Company,2025-09-08
Garnet,Red,2.15,Mixed Brilliant Round,Red,Slightly Included,No Enhancement,55900.0,,7.96 x 8.02 x 4.29,Certified by Natural Sapphire Company,2025-09-08
Garnet,Red,1.78,Mixed Brilliant Pear,Red,Very Slightly Included,No Enhancement,46150.0,,8.8 x 6.23 x 4.5,Certified by Natural Sapphire Company,2025-09-08
Chrysoberyl,Greenish Yellow,2.0,Cabochon Round,Greenish Yellow,Very Very Slightly Included,No Enhancement,702000.0,,8.06 x 7.8 x 3.35,Certified by Natural Sapphire Company,2025-09-08
Garnet,Red,2.38,Mixed Brilliant Oval,Red,Very Slightly Included,No Enhancement,54275.0,,9.29 x 7.2 x 3.76,Certified by Natural Sapphire Company,2025-09-08
Moonstone,Purple,0.54,Emerald Cut Cushion,Purple,Very Very Slightly Included,No Enhancement,48750.0,,5.29 x 4.51 x 3.79,Certified by Natural Sapphire Company,2025-09-08
Garnet,Reddish Purple,2.76,Mixed Brilliant Oval,Reddish Purple,Very Slightly Included,No Enhancement,71825.0,,9.31 x 6.73 x 5.13,Certified by Natural Sapphire Company,2025-09-08
Garnet,Red,2.1,Mixed Brilliant Oval,Red,Very Slightly Included,No Enhancement,54600.0,,9.03 x 6.68 x 4.19,Certified by Natural Sapphire Company,2025-09-08
Garnet,Red,2.28,Mixed Brilliant Round,Red,Slightly Included,No Enhancement,52000.0,,7.53 x 7.55 x 5.48,Certified by Natural Sapphire Company,2025-09-08
Moonstone,White,0.37,Mixed Brilliant Pear,White,Slightly Included,No Enhancement,48750.0,,6.08 x 4.33 x 3.63,Certified by Natural Sapphire Company,2025-09-08
Moonstone,Rainbow,0.62,Mixed Brilliant Cushion,Rainbow,Slightly Included,No Enhancement,48750.0,,5.65 x 4.35 x 4.46,Certified by Natural Sapphire Company,2025-09-08
Moonstone,Rainbow,0.54,Mixed Brilliant Pear,Rainbow,Slightly Included,No Enhancement,48750.0,,6.18 x 4.26 x 4.21,Certified by Natural Sapphire Company,2025-09-08
Moonstone,White,0.43,Mixed Brilliant Pear,White,Very Slightly Included,No Enhancement,48750.0,,6.63 x 4.29 x 3.17,Certified by Natural Sapphire Company,2025-09-08
Moonstone,White,0.65,Mixed Brilliant Pear,White,Very Very Slightly Included,No Enhancement,48750.0,,6.96 x 4.11 x 4.4,Certified by Natural Sapphire Company,2025-09-08
Moonstone,White,0.49,Mixed Brilliant Pear,White,Slightly Included,No Enhancement,48750.0,,5.75 x 3.97 x 4.1,Certified by Natural Sapphire Company,2025-09-08
Moonstone,White,0.51,Mixed Brilliant Pear,White,Slightly Included,No Enhancement,48750.0,,6.84 x 4.74 x 3.17,Certified by Natural Sapphire Company,2025-09-08
Moonstone,Rainbow,0.5,Mixed Brilliant Pear,Rainbow,Very Very Slightly Included,No Enhancement,48750.0,,6.47 x 4.17 x 3.68,Certified by Natural Sapphire Company,2025-09-08
Moonstone,Rainbow,0.51,Mixed Brilliant Pear,Rainbow,Very Slightly Included,No Enhancement,48750.0,,6.5 x 4.22 x 3.4,Certified by Natural Sapphire Company,2025-09-08
Moonstone,Rainbow,0.51,Mixed Brilliant Pear,Rainbow,Slightly Included,No Enhancement,48750.0,,6.48 x 4.08 x 3.55,Certified by Natural Sapphire Company,2025-09-08
Moonstone,Rainbow,0.49,Mixed Brilliant Pear,Rainbow,Very Very Slightly Included,No Enhancement,48750.0,,6.41 x 4.39 x 3.68,Certified by Natural Sapphire Company,2025-09-08
Moonstone,White,0.44,Mixed Brilliant Pear,White,Very Slightly Included,No Enhancement,48750.0,,6.3 x 4.66 x 3.03,Certified by Natural Sapphire Company,2025-09-08
Moonstone,White,0.64,Mixed Brilliant Pear,White,Very Slightly Included,No Enhancement,48750.0,,6.66 x 4.85 x 3.76,Certified by Natural Sapphire Company,2025-09-08
Moonstone,White,0.69,Mixed Brilliant Pear,White,Very Very Slightly Included,No Enhancement,48750.0,,6.38 x 4.94 x 4.32,Certified by Natural Sapphire Company,2025-09-08
Moonstone,Rainbow,0.58,Mixed Brilliant Pear,Rainbow,Slightly Included,No Enhancement,48750.0,,6.86 x 4.71 x 3.59,Certified by Natural Sapphire Company,2025-09-08
Moonstone,Rainbow,0.39,Mixed Brilliant Pear,Rainbow,Very Slightly Included,No Enhancement,48750.0,,6.4 x 4.18 x 2.91,Certified by Natural Sapphire Company,2025-09-08
Moonstone,White,0.42,Mixed Brilliant Pear,White,Very Slightly Included,No Enhancement,48750.0,,6.06 x 4.42 x 3.18,Certified by Natural Sapphire Company,2025-09-08
Moonstone,Rainbow,0.67,Mixed Brilliant Pear,Rainbow,Very Slightly Included,No Enhancement,48750.0,,7.78 x 4.31 x 4.02,Certified by Natural Sapphire Company,2025-09-08
Moonstone,Rainbow,0.45,Mixed Brilliant Pear,Rainbow,Very Very Slightly Included,No Enhancement,48750.0,,5.98 x 4.87 x 3.11,Certified by Natural Sapphire Company,2025-09-08
Moonstone,White,0.5,Mixed Brilliant Pear,White,Very Slightly Included,No Enhancement,48750.0,,6.9 x 4.73 x 3.23,Certified by Natural Sapphire Company,2025-09-08
Moonstone,Rainbow,0.44,Mixed Brilliant Pear,Rainbow,Slightly Included,No Enhancement,48750.0,,6.1 x 4.78 x 3.01,Certified by Natural Sapphire Company,2025-09-08
Moonstone,Rainbow,0.3,Mixed Brilliant Pear,Rainbow,Very Very Slightly Included,No Enhancement,48750.0,,5.71 x 3.54 x 2.75,Certified by Natural Sapphire Company,2025-09-08
Moonstone,Rainbow,0.33,Mixed Brilliant Pear,Rainbow,Slightly Included,No Enhancement,48750.0,,5.58 x 4.1 x 3.48,Certified by Natural Sapphire Company,2025-09-08
Moonstone,Rainbow,0.37,Mixed Brilliant Pear,Rainbow,Slightly Included,No Enhancement,48750.0,,5.47 x 4.18 x 3.32,Certified by Natural Sapphire Company,2025-09-08
Moonstone,White,0.35,Mixed Brilliant Pear,White,Very Slightly Included,No Enhancement,48750.0,,5.52 x 3.92 x 3.41,Certified by Natural Sapphire Company,2025-09-08
Moonstone,Rainbow,0.64,Mixed Brilliant Pear,Rainbow,Very Very Slightly Included,No Enhancement,48750.0,,6.66 x 5.0 x 4.01,Certified by Natural Sapphire Company,2025-09-08
Moonstone,White,0.52,Mixed Brilliant Pear,White,Very Very Slightly Included,No Enhancement,48750.0,,7.46 x 4.36 x 2.98,Certified by Natural Sapphire Company,2025-09-08
Moonstone,Rainbow,0.29,Mixed Brilliant Pear,Rainbow,Very Very Slightly Included,No Enhancement,48750.0,,5.76 x 3.94 x 2.76,Certified by Natural Sapphire Company,2025-09-08
Moonstone,Rainbow,0.38,Mixed Brilliant Pear,Rainbow,Very Very Slightly Included,No Enhancement,48750.0,,5.48 x 4.06 x 3.2,Certified by Natural Sapphire Company,2025-09-08
Moonstone,White,0.37,Mixed Brilliant Pear,White,Slightly Included,No Enhancement,48750.0,,5.85 x 3.71 x 3.29,Certified by Natural Sapphire Company,2025-09-08
Moonstone,White,0.38,Mixed Brilliant Pear,White,Slightly Included,No Enhancement,48750.0,,5.86 x 4.03 x 3.19,Certified by Natural Sapphire Company,2025-09-08
Moonstone,Rainbow,0.3,Mixed Brilliant Pear,Rainbow,Very Very Slightly Included,No Enhancement,48750.0,,5.75 x 3.49 x 3.34,Certified by Natural Sapphire Company,2025-09-08
Moonstone,White,0.45,Mixed Brilliant Pear,White,Slightly Included,No Enhancement,48750.0,,6.03 x 4.14 x 3.59,Certified by Natural Sapphire Company,2025-09-08
Moonstone,White,0.45,Mixed Brilliant Pear,White,Very Slightly Included,No Enhancement,48750.0,,5.74 x 4.38 x 3.58,Certified by Natural Sapphire Company,2025-09-08
Moonstone,White,0.4,Mixed Brilliant Pear,White,Very Slightly Included,No Enhancement,48750.0,,6.27 x 4.08 x 3.01,Certified by Natural Sapphire Company,2025-09-08
Moonstone,Rainbow,0.5,Mixed Brilliant Pear,Rainbow,Eye Clean,No Enhancement,48750.0,,5.51 x 4.45 x 3.79,Certified by Natural Sapphire Company,2025-09-08
Moonstone,Rainbow,0.5,Mixed Brilliant Pear,Rainbow,Very Very Slightly Included,No Enhancement,48750.0,,6.41 x 3.7 x 4.32,Certified by Natural Sapphire Company,2025-09-08
Moonstone,Rainbow,0.46,Mixed Brilliant Pear,Rainbow,Slightly Included,No Enhancement,48750.0,,5.7 x 4.51 x 3.51,Certified by Natural Sapphire Company,2025-09-08
Moonstone,Rainbow,0.71,Mixed Brilliant Heart,Rainbow,Very Very Slightly Included,No Enhancement,49075.0,,4.96 x 5.84 x 4.9,Certified by Natural Sapphire Company,2025-09-08
Moonstone,White,0.5,Mixed Brilliant Pear,White,Very Very Slightly Included,No Enhancement,48750.0,,5.96 x 4.19 x 3.88,Certified by Natural Sapphire Company,2025-09-08
Moonstone,Rainbow,0.33,Mixed Brilliant Pear,Rainbow,Slightly Included,No Enhancement,48750.0,,5.36 x 3.78 x 4.17,Certified by Natural Sapphire Company,2025-09-08
Moonstone,Rainbow,0.53,Mixed Brilliant Pear,Rainbow,Slightly Included,No Enhancement,49075.0,,6.07 x 4.29 x 3.87,Certified by Natural Sapphire Company,2025-09-08
Moonstone,Rainbow,0.85,Mixed Brilliant Heart,Rainbow,Eye Clean,No Enhancement,48750.0,,5.61 x 6.24 x 4.57,Certified by Natural Sapphire Company,2025-09-08
Moonstone,Rainbow,0.5,Mixed Brilliant Heart,Rainbow,Very Very Slightly Included,No Enhancement,48750.0,,4.89 x 5.36 x 3.61,Certified by Natural Sapphire Company,2025-09-08
Moonstone,Rainbow,0.53,Mixed Brilliant Heart,Rainbow,Very Slightly Included,No Enhancement,49075.0,,5.11 x 5.6 x 3.86,Certified by Natural Sapphire Company,2025-09-08
Moonstone,Rainbow,0.71,Mixed Brilliant Heart,Rainbow,Eye Clean,No Enhancement,49075.0,,4.76 x 5.81 x 4.85,Certified by Natural Sapphire Company,2025-09-08
Moonstone,Rainbow,0.43,Mixed Brilliant Heart,Rainbow,Very Very Slightly Included,No Enhancement,48750.0,,4.92 x 5.42 x 3.31,Certified by Natural Sapphire Company,2025-09-08
Moonstone,White,0.54,Mixed Brilliant Heart,White,Very Slightly Included,No Enhancement,48750.0,,4.98 x 5.68 x 4.08,Certified by Natural Sapphire Company,2025-09-08
Moonstone,Rainbow,0.67,Mixed Brilliant Heart,Rainbow,Very Slightly Included,No Enhancement,48750.0,,4.97 x 6.47 x 4.27,Certified by Natural Sapphire Company,2025-09-08
Moonstone,Rainbow,0.75,Mixed Brilliant Heart,Rainbow,Slightly Included,No Enhancement,48750.0,,5.43 x 5.75 x 5.01,Certified by Natural Sapphire Company,2025-09-08
Moonstone,Rainbow,0.75,Mixed Brilliant Heart,Rainbow,Very Slightly Included,No Enhancement,48750.0,,5.42 x 5.95 x 4.8,Certified by Natural Sapphire Company,2025-09-08
Moonstone,Rainbow,0.58,Mixed Brilliant Heart,Rainbow,Very Slightly Included,No Enhancement,48750.0,,4.85 x 5.82 x 4.07,Certified by Natural Sapphire Company,2025-09-08
Moonstone,Rainbow,0.5,Mixed Brilliant Heart,Rainbow,Very Slightly Included,No Enhancement,48750.0,,5.49 x 5.77 x 3.35,Certified by Natural Sapphire Company,2025-09-08
Moonstone,Rainbow,0.4,Mixed Brilliant Heart,Rainbow,Slightly Included,No Enhancement,48750.0,,4.64 x 5.02 x 3.67,Certified by Natural Sapphire Company,2025-09-08
Moonstone,Rainbow,0.5,Mixed Brilliant Heart,Rainbow,Very Slightly Included,No Enhancement,48750.0,,5.03 x 5.53 x 3.6,Certified by Natural Sapphire Company,2025-09-08
Moonstone,Rainbow,0.46,Mixed Brilliant Heart,Rainbow,Slightly Included,No Enhancement,48750.0,,4.78 x 5.51 x 3.45,Certified by Natural Sapphire Company,2025-09-08
Moonstone,Rainbow,0.48,Mixed Brilliant Heart,Rainbow,Very Slightly Included,No Enhancement,48750.0,,5.14 x 5.27 x 3.73,Certified by Natural Sapphire Company,2025-09-08
Moonstone,Rainbow,0.52,Mixed Brilliant Heart,Rainbow,Slightly Included,No Enhancement,48750.0,,5.36 x 5.36 x 3.82,Certified by Natural Sapphire Company,2025-09-08
Moonstone,Rainbow,0.54,Mixed Brilliant Heart,Rainbow,Very Slightly Included,No Enhancement,48750.0,,5.17 x 5.13 x 4.42,Certified by Natural Sapphire Company,2025-09-08
Moonstone,Rainbow,0.5,Mixed Brilliant Heart,Rainbow,Very Slightly Included,No Enhancement,48750.0,,4.37 x 5.1 x 3.94,Certified by Natural Sapphire Company,2025-09-08
Moonstone,Rainbow,0.46,Mixed Brilliant Heart,Rainbow,Slightly Included,No Enhancement,48750.0,,5.1 x 5.14 x 3.62,Certified by Natural Sapphire Company,2025-09-08
Moonstone,Rainbow,0.46,Mixed Brilliant Heart,Rainbow,Very Slightly Included,No Enhancement,48750.0,,4.83 x 5.44 x 3.56,Certified by Natural Sapphire Company,2025-09-08
Moonstone,Rainbow,0.38,Mixed Brilliant Heart,Rainbow,Very Slightly Included,No Enhancement,48750.0,,4.93 x 4.89 x 3.21,Certified by Natural Sapphire Company,2025-09-08
Moonstone,Rainbow,0.42,Mixed Brilliant Heart,Rainbow,Slightly Included,No Enhancement,48750.0,,4.93 x 5.29 x 3.34,Certified by Natural Sapphire Company,2025-09-08
Moonstone,Rainbow,0.49,Mixed Brilliant Heart,Rainbow,Very Slightly Included,No Enhancement,48750.0,,4.66 x 5.75 x 3.65,Certified by Natural Sapphire Company,2025-09-08
Moonstone,Rainbow,0.41,Mixed Brilliant Heart,Rainbow,Slightly Included,No Enhancement,48750.0,,4.96 x 5.38 x 3.06,Certified by Natural Sapphire Company,2025-09-08
Moonstone,Rainbow,0.42,Mixed Brilliant Heart,Rainbow,Very Slightly Included,No Enhancement,48750.0,,4.88 x 5.3 x 3.4,Certified by Natural Sapphire Company,2025-09-08
Moonstone,Rainbow,0.37,Mixed Brilliant Heart,Rainbow,Very Slightly Included,No Enhancement,48750.0,,4.49 x 5.05 x 3.23,Certified by Natural Sapphire Company,2025-09-08
Moonstone,Rainbow,0.35,Mixed Brilliant Heart,Rainbow,Slightly Included,No Enhancement,48750.0,,4.65 x 5.35 x 2.82,Certified by Natural Sapphire Company,2025-09-08
Moonstone,Rainbow,0.42,Mixed Brilliant Heart,Rainbow,Very Slightly Included,No Enhancement,48750.0,,4.94 x 5.02 x 3.64,Certified by Natural Sapphire Company,2025-09-08
Moonstone,Rainbow,0.39,Mixed Brilliant Heart,Rainbow,Very Slightly Included,No Enhancement,48750.0,,4.51 x 4.89 x 3.35,Certified by Natural Sapphire Company,2025-09-08
Moonstone,Rainbow,0.4,Mixed Brilliant Heart,Rainbow,Slightly Included,No Enhancement,48750.0,,5.12 x 4.69 x 3.27,Certified by Natural Sapphire Company,2025-09-08
Moonstone,Rainbow,0.36,Mixed Brilliant Heart,Rainbow,Slightly Included,No Enhancement,48750.0,,4.28 x 5.11 x 3.3,Certified by Natural Sapphire Company,2025-09-08
Moonstone,Rainbow,0.33,Mixed Brilliant Heart,Rainbow,Very Slightly Included,No Enhancement,48750.0,,4.14 x 5.2 x 3.23,Certified by Natural Sapphire Company,2025-09-08
Zircon,Purplish Red,2.7,Mixed Brilliant Oval,Purplish Red,Very Slightly Included,No Enhancement,35100.0,,9.45 x 7.15 x 4.29,Certified by Natural Sapphire Company,2025-09-08
Moonstone,Rainbow,0.32,Mixed Brilliant Heart,Rainbow,Very Slightly Included,No Enhancement,48750.0,,4.33 x 4.98 x 3.06,Certified by Natural Sapphire Company,2025-09-08
Moonstone,Rainbow,0.35,Mixed Brilliant Heart,Rainbow,Very Slightly Included,No Enhancement,48750.0,,3.91 x 5.05 x 3.44,Certified by Natural Sapphire Company,2025-09-08
Moonstone,Rainbow,0.39,Mixed Brilliant Heart,Rainbow,Very Slightly Included,No Enhancement,48750.0,,4.74 x 4.93 x 3.57,Certified by Natural Sapphire Company,2025-09-08
Moonstone,Rainbow,0.32,Mixed Brilliant Heart,Rainbow,Very Slightly Included,No Enhancement,48750.0,,4.8 x 4.49 x 3.08,Certified by Natural Sapphire Company,2025-09-08
Moonstone,White,0.33,Mixed Brilliant Heart,White,Slightly Included,No Enhancement,48750.0,,4.26 x 4.76 x 3.31,Certified by Natural Sapphire Company,2025-09-08
Moonstone,Rainbow,0.33,Mixed Brilliant Heart,Rainbow,Very Slightly Included,No Enhancement,48750.0,,4.39 x 4.83 x 3.28,Certified by Natural Sapphire Company,2025-09-08
Spinel,Purple,2.74,Mixed Brilliant Cushion,Purple,Very Slightly Included,Heat Treated,979550.0,,9.06 x 8.19 x 4.54,Certified by Natural Sapphire Company,2025-09-08
Spinel,Purple,2.67,Radiant Cut Radiant,Purple,Very Slightly Included,No Enhancement,607425.0,,9.72 x 7.09 x 4.57,Certified by Natural Sapphire Company,2025-09-08
Spinel,Blue,0.68,Mixed Brilliant Pear,Blue,Very Slightly Included,No Enhancement,17550.0,,6.79 x 4.4 x 3.37,Certified by Natural Sapphire Company,2025-09-08
Rhodolite Garnet,Purplish Red,2.17,Mixed Brilliant Oval,Purplish Red,Very Slightly Included,No Enhancement,169325.0,,8.94 x 6.77 x 4.45,Certified by Natural Sapphire Company,2025-09-08
Spinel,Purple,1.17,Mixed Brilliant Oval,Purple,Very Slightly Included,No Enhancement,76050.0,,7.46 x 6.06 x 3.48,Certified by Natural Sapphire Company,2025-09-08
Moonstone,Rainbow,0.27,Mixed Brilliant Heart,Rainbow,Very Slightly Included,No Enhancement,48750.0,,4.23 x 4.41 x 3.08,Certified by Natural Sapphire Company,2025-09-08
Rhodolite Garnet,Purplish Red,1.21,Mixed Brilliant Pear,Purplish Red,Very Slightly Included,No Enhancement,94250.0,,7.74 x 5.78 x 3.55,Certified by Natural Sapphire Company,2025-09-08
Rhodolite Garnet,Pinkish Purple,0.81,Mixed Brilliant Pear,Pinkish Purple,Very Slightly Included,No Enhancement,31525.0,,7.05 x 5.15 x 2.96,Certified by Natural Sapphire Company,2025-09-08
Rhodolite Garnet,Purplish Pink,1.7,Mixed Brilliant Oval,Purplish Pink,Very Slightly Included,No Enhancement,132600.0,,7.74 x 6.48 x 4.24,Certified by Natural Sapphire Company,2025-09-08
Rhodolite Garnet,Purplish Red,2.45,Mixed Brilliant Oval,Purplish Red,Very Slightly Included,No Enhancement,191100.0,,8.82 x 6.98 x 4.72,Certified by Natural Sapphire Company,2025-09-08
Rhodolite Garnet,Purplish Red,1.36,Mixed Brilliant Oval,Purplish Red,Slightly Included,No Enhancement,70850.0,,6.8 x 5.88 x 4.23,Certified by Natural Sapphire Company,2025-09-08
Rhodolite Garnet,Pinkish Purple,1.43,Mixed Brilliant Cushion,Pinkish Purple,Very Slightly Included,No Enhancement,111475.0,,8.43 x 5.98 x 3.19,Certified by Natural Sapphire Company,2025-09-08
Rhodolite Garnet,Purplish Red,1.13,Mixed Brilliant Oval,Purplish Red,Eye Clean,No Enhancement,73450.0,,6.46 x 5.5 x 3.93,Certified by Natural Sapphire Company,2025-09-08
Rhodolite Garnet,Pinkish Purple,0.87,Mixed Brilliant Cushion,Pinkish Purple,Very Slightly Included,No Enhancement,33800.0,,5.59 x 5.45 x 3.41,Certified by Natural Sapphire Company,2025-09-08
Rhodolite Garnet,Purplish Pink,0.91,Mixed Brilliant Pear,Purplish Pink,Very Slightly Included,No Enhancement,47450.0,,8.22 x 5.33 x 2.96,Certified by Natural Sapphire Company,2025-09-08
Rhodolite Garnet,Purplish Pink,0.84,Mixed Brilliant Oval,Purplish Pink,Slightly Included,No Enhancement,27300.0,,7.03 x 5.05 x 2.84,Certified by Natural Sapphire Company,2025-09-08
Rhodolite Garnet,Purple,1.2,Mixed Brilliant Cushion,Purple,Very Slightly Included,No Enhancement,78000.0,,6.03 x 5.23 x 4.18,Certified by Natural Sapphire Company,2025-09-08
Tourmaline,Multi Color,1.64,Mixed Brilliant Oval,Multi Color,Eye Clean,No Enhancement,53300.0,,7.59 x 5.93 x 5.39,Certified by Natural Sapphire Company,2025-09-08
Spinel,Purple,0.9,Mixed Brilliant Oval,Purple,Slightly Included,No Enhancement,29250.0,,6.66 x 4.82 x 3.7,Certified by Natural Sapphire Company,2025-09-08
Spinel,Pinkish Purple,0.59,Mixed Brilliant Pear,Pinkish Purple,Very Slightly Included,No Enhancement,23075.0,,6.61 x 4.87 x 2.75,Certified by Natural Sapphire Company,2025-09-08
Spinel,Purplish Pink,0.94,Mixed Brilliant Oval,Purplish Pink,Very Slightly Included,No Enhancement,61100.0,,6.58 x 5.44 x 3.7,Certified by Natural Sapphire Company,2025-09-08
Spinel,Purple,0.69,Mixed Brilliant Oval,Purple,Very Slightly Included,No Enhancement,35750.0,,5.98 x 4.89 x 3.2,Certified by Natural Sapphire Company,2025-09-08
Spinel,Pink,1.24,Mixed Brilliant Oval,Pink,Very Slightly Included,No Enhancement,120900.0,,7.46 x 5.5 x 4.05,Certified by Natural Sapphire Company,2025-09-08
Spinel,Violet,0.45,Mixed Brilliant Cushion,Violet,Very Slightly Included,No Enhancement,17550.0,,5.79 x 3.97 x 2.17,Certified by Natural Sapphire Company,2025-09-08
Rhodolite Garnet,Pinkish Purple,0.57,Mixed Brilliant Oval,Pinkish Purple,Very Slightly Included,No Enhancement,29575.0,,6.04 x 4.12 x 2.74,Certified by Natural Sapphire Company,2025-09-08
Spinel,Pinkish Purple,0.69,Mixed Brilliant Oval,Pinkish Purple,Very Slightly Included,No Enhancement,26975.0,,6.43 x 5.11 x 3.01,Certified by Natural Sapphire Company,2025-09-08
Zircon,Yellowish Brown,21.76,Radiant Cut Radiant,Yellowish Brown,Eye Clean,No Enhancement,848575.0,,15.69 x 12.57 x 9.65,Certified by Natural Sapphire Company,2025-09-08
Spinel,Purple,0.93,Mixed Brilliant Oval,Purple,Very Slightly Included,No Enhancement,48425.0,,7.0 x 5.32 x 3.33,Certified by Natural Sapphire Company,2025-09-08
Spinel,Pinkish Purple,0.86,Mixed Brilliant Oval,Pinkish Purple,Very Slightly Included,No Enhancement,44850.0,,6.49 x 5.18 x 3.25,Certified by Natural Sapphire Company,2025-09-08
Spinel,Pink,0.49,Mixed Brilliant Round,Pink,Slightly Included,No Enhancement,15925.0,,4.72 x 4.73 x 3.18,Certified by Natural Sapphire Company,2025-09-08
Spinel,Purple,0.62,Mixed Brilliant Oval,Purple,Very Slightly Included,No Enhancement,24050.0,,5.64 x 4.61 x 2.99,Certified by Natural Sapphire Company,2025-09-08
Spinel,Pinkish Purple,0.72,Mixed Brilliant Oval,Pinkish Purple,Slightly Included,No Enhancement,27950.0,,6.01 x 5.01 x 3.3,Certified by Natural Sapphire Company,2025-09-08
Spinel,Purplish Pink,0.54,Mixed Brilliant Oval,Purplish Pink,Very Slightly Included,No Enhancement,17550.0,,5.81 x 4.71 x 2.89,Certified by Natural Sapphire Company,2025-09-08
Spinel,Violet,0.81,Mixed Brilliant Round,Violet,Very Slightly Included,No Enhancement,42250.0,,5.63 x 5.58 x 3.93,Certified by Natural Sapphire Company,2025-09-08
Zircon,Purplish Red,3.37,Mixed Brilliant Oval,Purplish Red,Very Slightly Included,No Enhancement,43875.0,,9.5 x 7.6 x 5.0,Certified by Natural Sapphire Company,2025-09-08
Spinel,Pinkish Purple,1.72,Mixed Brilliant Oval,Pinkish Purple,Eye Clean,No Enhancement,111800.0,,8.55 x 6.34 x 4.27,Certified by Natural Sapphire Company,2025-09-08
Spinel,Purple,0.73,Mixed Brilliant Cushion,Purple,Eye Clean,No Enhancement,47450.0,,6.18 x 4.93 x 2.71,Certified by Natural Sapphire Company,2025-09-08
Spinel,Purple,0.85,Mixed Brilliant Oval,Purple,Very Slightly Included,No Enhancement,44200.0,,6.82 x 5.35 x 3.27,Certified by Natural Sapphire Company,2025-09-08
Spinel,Purple,0.56,Mixed Brilliant Oval,Purple,Very Slightly Included,No Enhancement,18200.0,,5.91 x 4.75 x 2.89,Certified by Natural Sapphire Company,2025-09-08
Spinel,Blue,0.45,Mixed Brilliant Round,Blue,Very Slightly Included,No Enhancement,14625.0,,4.98 x 4.94 x 2.98,Certified by Natural Sapphire Company,2025-09-08
Spinel,Violet,1.5,Mixed Brilliant Oval,Violet,Slightly Included,No Enhancement,39000.0,,7.7 x 5.83 x 4.55,Certified by Natural Sapphire Company,2025-09-08
Spinel,Violet,1.25,Mixed Brilliant Cushion,Violet,Very Slightly Included,No Enhancement,97500.0,,7.45 x 5.39 x 3.61,Certified by Natural Sapphire Company,2025-09-08
Spinel,Pinkish Purple,0.6,Mixed Brilliant Cushion,Pinkish Purple,Slightly Included,No Enhancement,15600.0,,6.2 x 4.41 x 2.69,Certified by Natural Sapphire Company,2025-09-08
Spinel,Blue,0.79,Mixed Brilliant Pear,Blue,Very Slightly Included,No Enhancement,40950.0,,6.99 x 4.73 x 3.53,Certified by Natural Sapphire Company,2025-09-08
Tourmaline,Green,5.86,Mixed Brilliant Radiant,Green,Eye Clean,No Enhancement,761800.0,,20.5 x 6.64 x 4.71,Certified by Natural Sapphire Company,2025-09-08
Spinel,Blue,1.12,Mixed Brilliant Round,Blue,Very Slightly Included,No Enhancement,87425.0,,6.58 x 6.58 x 3.7,Certified by Natural Sapphire Company,2025-09-08
Spinel,Blue,1.14,Mixed Brilliant Oval,Blue,Very Slightly Included,No Enhancement,74100.0,,6.92 x 5.25 x 4.15,Certified by Natural Sapphire Company,2025-09-08
Tourmaline,Green,4.8,Mixed Brilliant Radiant,Green,Eye Clean,No Enhancement,390000.0,,18.88 x 6.73 x 3.96,Certified by Natural Sapphire Company,2025-09-08
Spinel,Purplish Pink,1.16,Mixed Brilliant Pear,Purplish Pink,Very Slightly Included,No Enhancement,90350.0,,8.28 x 5.91 x 3.65,Certified by Natural Sapphire Company,2025-09-08
Spinel,Red,0.66,Mixed Brilliant Cushion,Red,Very Slightly Included,No Enhancement,55900.0,,5.07 x 4.29 x 3.22,Certified by Natural Sapphire Company,2025-09-08
Alexandrite,Green to Brown,1.0,Mixed Brilliant Round,Green to Brown,Eye Clean,Heat Treated,2405000.0,,5.55 x 5.49 x 4.05,Certified by Natural Sapphire Company,2025-09-08
Spinel,Purple,1.08,Mixed Brilliant Oval,Purple,Slightly Included,No Enhancement,56225.0,,6.8 x 6.1 x 3.61,Certified by Natural Sapphire Company,2025-09-08
Spinel,Pink,2.34,Mixed Brilliant Cushion,Pink,Eye Clean,No Enhancement,1292850.0,,9.04 x 6.89 x 4.51,Certified by Natural Sapphire Company,2025-09-08
Spinel,Blue,0.77,Mixed Brilliant Cushion,Blue,Very Slightly Included,No Enhancement,39975.0,,5.76 x 4.56 x 3.38,Certified by Natural Sapphire Company,2025-09-08
Spinel,Blue,0.83,Mixed Brilliant Round,Blue,Slightly Included,No Enhancement,43225.0,,5.8 x 5.79 x 3.61,Certified by Natural Sapphire Company,2025-09-08
Spinel,Purple,1.03,Mixed Brilliant Oval,Purple,Slightly Included,No Enhancement,46800.0,,6.6 x 5.66 x 3.66,Certified by Natural Sapphire Company,2025-09-08
Tourmaline,Green,5.44,Mixed Brilliant Radiant,Green,Eye Clean,No Enhancement,442000.0,,19.12 x 7.34 x 3.92,Certified by Natural Sapphire Company,2025-09-08
Spinel,Pinkish Purple,0.9,Mixed Brilliant Oval,Pinkish Purple,Very Slightly Included,No Enhancement,76050.0,,6.35 x 5.63 x 3.28,Certified by Natural Sapphire Company,2025-09-08
Spinel,Blue,2.3,Radiant Cut Radiant,Blue,Eye Clean,No Enhancement,1121250.0,,8.88 x 6.59 x 4.1,Certified by Natural Sapphire Company,2025-09-08
Spinel,Purple,1.5,Mixed Brilliant Cushion,Purple,Very Slightly Included,No Enhancement,78000.0,,7.63 x 5.19 x 4.17,Certified by Natural Sapphire Company,2025-09-08
Spinel,Blue,0.52,Mixed Brilliant Cushion,Blue,Very Slightly Included,No Enhancement,20150.0,,5.31 x 4.11 x 2.8,Certified by Natural Sapphire Company,2025-09-08
Spinel,Purple,1.33,Mixed Brilliant Oval,Purple,Very Slightly Included,No Enhancement,60450.0,,7.61 x 5.86 x 3.75,Certified by Natural Sapphire Company,2025-09-08
Spinel,Purple,1.56,Mixed Brilliant Oval,Purple,Very Slightly Included,No Enhancement,101400.0,,8.09 x 6.53 x 3.59,Certified by Natural Sapphire Company,2025-09-08
Spinel,Blue,1.06,Mixed Brilliant Pear,Blue,Very Slightly Included,No Enhancement,89700.0,,7.28 x 5.18 x 4.19,Certified by Natural Sapphire Company,2025-09-08
Spinel,Purple,1.28,Mixed Brilliant Cushion,Purple,Very Slightly Included,No Enhancement,58175.0,,7.82 x 5.8 x 3.27,Certified by Natural Sapphire Company,2025-09-08
Spinel,Blue,1.12,Mixed Brilliant Cushion,Blue,Very Slightly Included,No Enhancement,51025.0,,6.83 x 5.22 x 3.48,Certified by Natural Sapphire Company,2025-09-08
Spinel,Blue,0.66,Mixed Brilliant Heart,Blue,Very Slightly Included,No Enhancement,34450.0,,4.93 x 5.63 x 3.43,Certified by Natural Sapphire Company,2025-09-08
Spinel,Red,1.13,Mixed Brilliant Cushion,Red,Very Slightly Included,No Enhancement,88075.0,,6.12 x 4.45 x 3.98,Certified by Natural Sapphire Company,2025-09-08
Garnet,Purplish Red,4.87,Mixed Brilliant Oval,Purplish Red,Very Slightly Included,No Enhancement,126750.0,,12.18 x 8.13 x 6.08,Certified by Natural Sapphire Company,2025-09-08
Spinel,Pinkish Purple,1.15,Mixed Brilliant Cushion,Pinkish Purple,Very Slightly Included,No Enhancement,74750.0,,6.94 x 5.01 x 3.81,Certified by Natural Sapphire Company,2025-09-08
Moonstone,Peach,13.44,Cabochon Oval,Peach,Very Very Slightly Included,No Enhancement,43550.0,,13.85 x 12.85 x 10.31,Certified by Natural Sapphire Company,2025-09-08
Spinel,Purple,1.14,Mixed Brilliant Cushion,Purple,Very Slightly Included,No Enhancement,52000.0,,7.41 x 5.19 x 3.17,Certified by Natural Sapphire Company,2025-09-08
Garnet,Red,3.22,Mixed Brilliant Round,Red,Very Slightly Included,No Enhancement,83850.0,,8.96 x 9.23 x 5.99,Certified by Natural Sapphire Company,2025-09-08
Rhodolite Garnet,Purplish Pink,0.36,Mixed Brilliant Pear,Purplish Pink,Very Slightly Included,No Enhancement,7150.0,,5.37 x 3.8 x 2.53,Certified by Natural Sapphire Company,2025-09-08
Rhodolite Garnet,Purple,1.3,Mixed Brilliant Heart,Purple,Very Slightly Included,No Enhancement,50700.0,,6.56 x 6.89 x 4.06,Certified by Natural Sapphire Company,2025-09-08
Aquamarine,Blue,1.85,Mixed Brilliant Oval,Blue,Very Slightly Included,No Enhancement,48100.0,,9.0 x 7.28 x 5.02,Certified by Natural Sapphire Company,2025-09-08
Aquamarine,Greenish Blue,1.81,Mixed Brilliant Oval,Greenish Blue,Slightly Included,No Enhancement,35425.0,,7.91 x 6.71 x 4.46,Certified by Natural Sapphire Company,2025-09-08
Tourmaline,Multi Color,3.09,Mixed Brilliant Oval,Multi Color,Very Slightly Included,No Enhancement,100425.0,,11.24 x 8.07 x 4.45,Certified by Natural Sapphire Company,2025-09-08
Rubellite Tourmaline,Pinkish Red,2.56,Mixed Brilliant Oval,Pinkish Red,Slightly Included,No Enhancement,133250.0,,10.6 x 8.93 x 4.87,Certified by Natural Sapphire Company,2025-09-08
Tourmaline,Pink,3.83,Mixed Brilliant Oval,Pink,Very Slightly Included,No Enhancement,248950.0,,11.84 x 9.16 x 5.22,Certified by Natural Sapphire Company,2025-09-08
Tourmaline,Brown,1.23,Princess Cut Princess,Brown,Very Slightly Included,No Enhancement,39975.0,,6.2 x 6.13 x 4.2,Certified by Natural Sapphire Company,2025-09-08
Tourmaline,Pink,1.39,Mixed Brilliant Oval,Pink,Very Slightly Included,No Enhancement,54275.0,,7.93 x 6.13 x 4.18,Certified by Natural Sapphire Company,2025-09-08
Tourmaline,Green,0.93,Mixed Brilliant Round,Green,Very Slightly Included,No Enhancement,24050.0,,6.0 x 5.98 x 4.33,Certified by Natural Sapphire Company,2025-09-08
Tourmaline,Pink,1.48,Mixed Brilliant Oval,Pink,Very Slightly Included,No Enhancement,57850.0,,8.12 x 6.11 x 4.83,Certified by Natural Sapphire Company,2025-09-08
Spinel,Purple,2.79,Mixed Brilliant Round,Purple,Eye Clean,Heat Treated,544050.0,,9.16 x 9.15 x 5.39,Certified by Natural Sapphire Company,2025-09-08
Tourmaline,Pink,1.42,Mixed Brilliant Pear,Pink,Very Slightly Included,No Enhancement,46150.0,,9.27 x 6.28 x 4.25,Certified by Natural Sapphire Company,2025-09-08
Tourmaline,Pink,1.04,Mixed Brilliant Oval,Pink,Very Slightly Included,No Enhancement,40625.0,,7.99 x 6.11 x 3.24,Certified by Natural Sapphire Company,2025-09-08
Moonstone,Rainbow,0.71,Emerald Cut Emerald Cut,Rainbow,Very Very Slightly Included,No Enhancement,49075.0,,7.75 x 3.91 x 3.48,Certified by Natural Sapphire Company,2025-09-08
Tourmaline,Brown,1.45,Mixed Brilliant Round,Brown,Very Slightly Included,No Enhancement,56550.0,,6.91 x 6.88 x 5.03,Certified by Natural Sapphire Company,2025-09-08
Spinel,Pink,5.4,Mixed Brilliant Pear,Pink,Very Slightly Included,No Enhancement,4326075.0,,13.9 x 8.73 x 6.66,Certified by Natural Sapphire Company,2025-09-08
Spinel,Pink,5.33,Mixed Brilliant Oval,Pink,Eye Clean,No Enhancement,1762475.0,,10.93 x 9.83 x 7.33,Certified by Natural Sapphire Company,2025-09-08
Spinel,Color Change,3.72,Mixed Brilliant Cushion,Color Change,Very Slightly Included,Heat Treated,952575.0,,11.09 x 8.48 x 5.6,Certified by Natural Sapphire Company,2025-09-08
Tourmaline,Multi Color,2.47,Mixed Brilliant Oval,Multi Color,Very Slightly Included,No Enhancement,208650.0,,8.35 x 7.19 x 5.96,Certified by Natural Sapphire Company,2025-09-08
Moonstone,Rainbow,0.74,Emerald Cut Emerald Cut,Rainbow,Very Slightly Included,No Enhancement,51025.0,,5.67 x 4.81 x 4.08,Certified by Natural Sapphire Company,2025-09-08
Spinel,Pink,1.06,Mixed Brilliant Pear,Pink,Very Slightly Included,No Enhancement,689000.0,,7.84 x 4.83 x 4.33,Certified by Natural Sapphire Company,2025-09-08
Spinel,Brown,4.78,Mixed Brilliant Cushion,Brown,Eye Clean,Heat Treated,1580800.0,,10.18 x 8.64 x 6.64,Certified by Natural Sapphire Company,2025-09-08
Zircon,Purplish Red,2.65,Mixed Brilliant Cushion,Purplish Red,Eye Clean,No Enhancement,34450.0,,9.18 x 6.43 x 4.13,Certified by Natural Sapphire Company,2025-09-08
Moonstone,White,0.6,Emerald Cut Emerald Cut,White,Very Slightly Included,No Enhancement,48750.0,,6.5 x 4.03 x 3.14,Certified by Natural Sapphire Company,2025-09-08
Spinel,Purple,5.83,Mixed Brilliant Cushion,Purple,Eye Clean,Heat Treated,1752725.0,,11.24 x 10.97 x 6.51,Certified by Natural Sapphire Company,2025-09-08
Alexandrite,Color Change,10.43,Mixed Brilliant Cushion,Color Change,Very Slightly Included,No Enhancement,14745575.0,,13.78 x 10.34 x 9.03,Certified by Natural Sapphire Company,2025-09-08
Garnet,Orangish Red,24.65,Mixed Brilliant Oval,Orangish Red,Very Slightly Included,No Enhancement,1526525.0,,18.14 x 16.22 x 11.67,Certified by Natural Sapphire Company,2025-09-08
Moonstone,Rainbow,0.52,Emerald Cut Emerald Cut,Rainbow,Very Slightly Included,No Enhancement,48750.0,,5.68 x 4.03 x 3.43,Certified by Natural Sapphire Company,2025-09-08
Spinel,Pink,3.07,Mixed Brilliant Oval,Pink,Very Slightly Included,No Enhancement,2307175.0,,9.72 x 7.51 x 5.35,Certified by Natural Sapphire Company,2025-09-08
Spinel,Purple,3.55,Mixed Brilliant Cushion,Purple,Eye Clean,No Enhancement,1038375.0,,9.22 x 8.41 x 5.02,Certified by Natural Sapphire Company,2025-09-08
Moonstone,White,0.63,Emerald Cut Emerald Cut,White,Very Slightly Included,No Enhancement,48750.0,,7.48 x 4.39 x 2.92,Certified by Natural Sapphire Company,2025-09-08
Spinel,Purplish Red,3.04,Mixed Brilliant Cushion,Purplish Red,Eye Clean,No Enhancement,889200.0,,10.07 x 7.55 x 5.04,Certified by Natural Sapphire Company,2025-09-08
Moonstone,Rainbow,0.67,Emerald Cut Emerald Cut,Rainbow,Very Very Slightly Included,No Enhancement,48750.0,,6.51 x 4.14 x 3.46,Certified by Natural Sapphire Company,2025-09-08
Spinel,Purple,9.01,Mixed Brilliant Cushion,Purple,Eye Clean,No Enhancement,4978025.0,,13.88 x 10.2 x 6.98,Certified by Natural Sapphire Company,2025-09-08
Moonstone,Rainbow,1.77,Mixed Brilliant Cushion,Rainbow,Very Slightly Included,No Enhancement,57525.0,,8.23 x 8.13 x 4.57,Certified by Natural Sapphire Company,2025-09-08
Moonstone,Blue Flash,1.72,Mixed Brilliant Oval,Blue Flash,Very Slightly Included,No Enhancement,129675.0,,9.38 x 7.03 x 4.75,Certified by Natural Sapphire Company,2025-09-08
Moonstone,Rainbow,1.42,Mixed Brilliant Cushion,Rainbow,Very Slightly Included,No Enhancement,46150.0,,8.74 x 6.63 x 3.88,Certified by Natural Sapphire Company,2025-09-08
Chrysoberyl,Greenish Yellow,8.4,Cabochon Oval,Greenish Yellow,Very Slightly Included,No Enhancement,9009000.0,,10.99 x 10.24 x 7.74,Certified by Natural Sapphire Company,2025-09-08
Moonstone,Rainbow,1.78,Mixed Brilliant Pear,Rainbow,Very Slightly Included,No Enhancement,57850.0,,10.12 x 7.17 x 4.71,Certified by Natural Sapphire Company,2025-09-08
Moonstone,Rainbow,1.18,Mixed Brilliant Cushion,Rainbow,Very Slightly Included,No Enhancement,38350.0,,7.09 x 6.54 x 4.34,Certified by Natural Sapphire Company,2025-09-08
Moonstone,Rainbow,1.46,Mixed Brilliant Pear,Rainbow,Very Slightly Included,No Enhancement,47450.0,,9.83 x 7.49 x 4.05,Certified by Natural Sapphire Company,2025-09-08
Moonstone,Rainbow,2.42,Mixed Brilliant Oval,Rainbow,Very Slightly Included,No Enhancement,110175.0,,10.53 x 8.12 x 5.26,Certified by Natural Sapphire Company,2025-09-08
Moonstone,Rainbow,1.4,Mixed Brilliant Oval,Rainbow,Very Slightly Included,No Enhancement,45500.0,,8.05 x 6.45 x 5.05,Certified by Natural Sapphire Company,2025-09-08
Chrysoberyl,Yellowish Green,7.53,Cabochon Oval,Yellowish Green,Eye Clean,No Enhancement,6057025.0,,9.85 x 9.13 x 8.47,Certified by Natural Sapphire Company,2025-09-08
Moonstone,Rainbow,0.57,Emerald Cut Emerald Cut,Rainbow,Slightly Included,No Enhancement,48750.0,,5.63 x 4.3 x 3.44,Certified by Natural Sapphire Company,2025-09-08
Amethyst,Purple,2.67,Checkerboard Oval,Purple,Very Slightly Included,Heat Treated,8775.0,,9.9 x 7.92 x 6.58,Certified by Natural Sapphire Company,2025-09-08
Moonstone,Rainbow,0.49,Emerald Cut Emerald Cut,Rainbow,Slightly Included,No Enhancement,48750.0,,5.6 x 3.67 x 3.75,Certified by Natural Sapphire Company,2025-09-08
Zircon,Brown,3.41,Mixed Brilliant Cushion,Brown,Very Slightly Included,No Enhancement,44200.0,,9.68 x 6.81 x 4.87,Certified by Natural Sapphire Company,2025-09-08
Moonstone,White,0.69,Emerald Cut Emerald Cut,White,Very Slightly Included,No Enhancement,48750.0,,6.56 x 3.37 x 2.51,Certified by Natural Sapphire Company,2025-09-08
Spinel,Pink,1.51,Radiant Cut Radiant,Pink,Very Slightly Included,No Enhancement,422175.0,,6.81 x 5.69 x 4.38,Certified by Natural Sapphire Company,2025-09-08
Spinel,Greyish Violet,1.92,Mixed Brilliant Cushion,Greyish Violet,Very Slightly Included,No Enhancement,292175.0,,8.03 x 7.22 x 4.45,Certified by Natural Sapphire Company,2025-09-08
Spinel,Pink,4.67,Mixed Brilliant Cushion,Pink,Very Slightly Included,No Enhancement,689000.0,,9.87 x 9.11 x 6.52,Certified by Natural Sapphire Company,2025-09-08
Spinel,Pink,3.12,Mixed Brilliant Cushion,Pink,Slightly Included,No Enhancement,421850.0,,8.72 x 7.74 x 5.68,Certified by Natural Sapphire Company,2025-09-08
Garnet,Reddish Orange,0.7,Mixed Brilliant Oval,Reddish Orange,Very Slightly Included,No Enhancement,18200.0,,5.87 x 4.92 x 3.02,Certified by Natural Sapphire Company,2025-09-08
Spinel,Purple,6.23,Mixed Brilliant Cushion,Purple,Very Slightly Included,No Enhancement,1790425.0,,11.62 x 10.09 x 6.12,Certified by Natural Sapphire Company,2025-09-08
Cobalt Spinel,Blue,1.73,Radiant Cut Radiant,Blue,Slightly Included,No Enhancement,2043925.0,,6.8 x 6.29 x 5.06,Certified by Natural Sapphire Company,2025-09-08
Spinel,Purple,1.65,Mixed Brilliant Radiant,Purple,Very Slightly Included,No Enhancement,32175.0,,7.7 x 5.41 x 4.82,Certified by Natural Sapphire Company,2025-09-08
Spinel,Bluish Purple,1.72,Mixed Brilliant Oval,Bluish Purple,Very Slightly Included,No Enhancement,226850.0,,8.72 x 6.82 x 4.16,Certified by Natural Sapphire Company,2025-09-08
Spinel,Greyish Blue,2.3,Mixed Brilliant Round,Greyish Blue,Eye Clean,No Enhancement,553150.0,,8.73 x 8.67 x 4.29,Certified by Natural Sapphire Company,2025-09-08
Spinel,Pink,8.84,Mixed Brilliant Cushion,Pink,Very Slightly Included,No Enhancement,2808325.0,,13.42 x 10.05 x 7.03,Certified by Natural Sapphire Company,2025-09-08
Spinel,Pink,5.94,Mixed Brilliant Oval,Pink,Eye Clean,No Enhancement,1104350.0,,13.8 x 10.52 x 5.9,Certified by Natural Sapphire Company,2025-09-08
Spinel,Pink,2.88,Mixed Brilliant Cushion,Pink,Very Slightly Included,No Enhancement,973375.0,,8.73 x 8.06 x 4.71,Certified by Natural Sapphire Company,2025-09-08
Spinel,Purple,2.87,Mixed Brilliant Cushion,Purple,Very Slightly Included,No Enhancement,828425.0,,8.34 x 7.5 x 5.68,Certified by Natural Sapphire Company,2025-09-08
Garnet,Pinkish Purple,1.24,Mixed Brilliant Cushion,Pinkish Purple,Very Slightly Included,No Enhancement,179075.0,,6.7 x 5.13 x 3.89,Certified by Natural Sapphire Company,2025-09-08
Garnet,Pink,1.3,Radiant Cut Radiant,Pink,Very Slightly Included,Heat Treated,179075.0,,6.78 x 5.27 x 3.8,Certified by Natural Sapphire Company,2025-09-08
Zircon,Purplish Red,1.39,Mixed Brilliant Pear,Purplish Red,Eye Clean,No Enhancement,11700.0,,8.13 x 6.51 x 3.15,Certified by Natural Sapphire Company,2025-09-08
Garnet,Purplish Pink,1.98,Mixed Brilliant Cushion,Purplish Pink,Very Slightly Included,No Enhancement,178750.0,,8.08 x 6.43 x 4.13,Certified by Natural Sapphire Company,2025-09-08
Garnet,Pinkish Purple,1.51,Radiant Cut Radiant,Pinkish Purple,Eye Clean,No Enhancement,178750.0,,7.06 x 5.47 x 4.22,Certified by Natural Sapphire Company,2025-09-08
Garnet,Pinkish Purple,1.43,Radiant Cut Radiant,Pinkish Purple,Very Slightly Included,No Enhancement,178425.0,,7.11 x 5.15 x 3.92,Certified by Natural Sapphire Company,2025-09-08
Aquamarine,Blue,2.02,Radiant Cut Radiant,Blue,Very Slightly Included,No Enhancement,170625.0,,8.63 x 6.93 x 5.62,Certified by Natural Sapphire Company,2025-09-08
Aquamarine,Blue,2.39,Mixed Brilliant Oval,Blue,Eye Clean,No Enhancement,201825.0,,9.51 x 8.25 x 5.74,Certified by Natural Sapphire Company,2025-09-08
Aquamarine,Blue,2.38,Step Cut Fancy,Blue,Eye Clean,No Enhancement,201175.0,,8.66 x 10.71 x 5.7,Certified by Natural Sapphire Company,2025-09-08
Spinel,Purple,1.64,Mixed Brilliant Pear,Purple,Very Slightly Included,No Enhancement,31850.0,,9.16 x 6.76 x 3.96,Certified by Natural Sapphire Company,2025-09-08
Aquamarine,Blue,1.81,Mixed Brilliant Pear,Blue,Very Slightly Included,No Enhancement,153075.0,,10.74 x 6.97 x 4.87,Certified by Natural Sapphire Company,2025-09-08
Spinel,Pinkish Purple,2.42,Mixed Brilliant Marquise,Pinkish Purple,Very Slightly Included,No Enhancement,78650.0,,13.09 x 6.23 x 4.28,Certified by Natural Sapphire Company,2025-09-08
Aquamarine,Blue,1.78,Asscher Asscher - Octagon,Blue,Very Slightly Included,No Enhancement,150475.0,,7.66 x 7.44 x 4.64,Certified by Natural Sapphire Company,2025-09-08
Topaz,Blue,0.62,Emerald Cut Emerald Cut,Blue,Very Slightly Included,Irradiation,6175.0,,6.01 x 3.98 x 2.46,Certified by Natural Sapphire Company,2025-09-08
Aquamarine,Blue,2.6,Step Cut Fancy,Blue,Very Slightly Included,No Enhancement,219700.0,,8.56 x 9.94 x 5.88,Certified by Natural Sapphire Company,2025-09-08
Aquamarine,Blue,2.09,Step Cut Fancy,Blue,Very Slightly Included,No Enhancement,176475.0,,8.95 x 9.86 x 5.29,Certified by Natural Sapphire Company,2025-09-08
Topaz,Blue,0.74,Emerald Cut Emerald Cut,Blue,Very Slightly Included,Irradiation,7150.0,,6.1 x 4.03 x 2.93,Certified by Natural Sapphire Company,2025-09-08
Aquamarine,Blue,1.62,Step Cut Fancy,Blue,Very Slightly Included,No Enhancement,136825.0,,7.71 x 10.49 x 4.18,Certified by Natural Sapphire Company,2025-09-08
Aquamarine,Blue,2.55,Step Cut Fancy,Blue,Eye Clean,No Enhancement,215475.0,,10.98 x 10.84 x 4.58,Certified by Natural Sapphire Company,2025-09-08
Spinel,Purple,3.73,Mixed Brilliant Radiant,Purple,Very Slightly Included,No Enhancement,969800.0,,8.97 x 7.19 x 6.66,Certified by Natural Sapphire Company,2025-09-08
Aquamarine,Blue,2.42,Step Cut Fancy,Blue,Very Slightly Included,No Enhancement,204425.0,,10.33 x 7.77 x 6.06,Certified by Natural Sapphire Company,2025-09-08
Moonstone,Rainbow,0.39,Mixed Brilliant Oval,Rainbow,Very Slightly Included,No Enhancement,48750.0,,5.48 x 4.47 x 3.15,Certified by Natural Sapphire Company,2025-09-08
Zircon,Blue,4.41,Mixed Brilliant Pear,Blue,Very Slightly Included,Heat Treated,275275.0,,10.09 x 7.04 x 6.55,Certified by Natural Sapphire Company,2025-09-08
Spinel,Reddish Pink,3.87,Mixed Brilliant Pear,Reddish Pink,Eye Clean,No Enhancement,1006200.0,,11.37 x 8.38 x 5.92,Certified by Natural Sapphire Company,2025-09-08
Aquamarine,Blue,1.94,Asscher Asscher - Octagon,Blue,Very Slightly Included,No Enhancement,163800.0,,7.96 x 6.84 x 5.06,Certified by Natural Sapphire Company,2025-09-08
Aquamarine,Blue,2.46,Radiant Cut Radiant,Blue,Very Slightly Included,No Enhancement,208000.0,,8.97 x 8.13 x 5.62,Certified by Natural Sapphire Company,2025-09-08
Spinel,Purple,1.1,Mixed Brilliant Round,Purple,Very Slightly Included,No Enhancement,50050.0,,6.38 x 6.39 x 4.32,Certified by Natural Sapphire Company,2025-09-08
Moonstone,Rainbow,0.46,Mixed Brilliant Oval,Rainbow,Slightly Included,No Enhancement,48750.0,,5.27 x 4.41 x 3.77,Certified by Natural Sapphire Company,2025-09-08
Zircon,Blue,3.7,Mixed Brilliant Pear,Blue,Very Slightly Included,Heat Treated,276575.0,,10.15 x 7.09 x 5.67,Certified by Natural Sapphire Company,2025-09-08
Moonstone,Rainbow,0.47,Mixed Brilliant Oval,Rainbow,Very Slightly Included,No Enhancement,48750.0,,5.47 x 4.49 x 3.63,Certified by Natural Sapphire Company,2025-09-08
Moonstone,Rainbow,0.52,Asscher Asscher - Octagon,Rainbow,Very Slightly Included,No Enhancement,48750.0,,4.84 x 4.82 x 3.69,Certified by Natural Sapphire Company,2025-09-08
Garnet,Brown,0.65,Mixed Brilliant Oval,Brown,Very Slightly Included,No Enhancement,10725.0,,5.49 x 3.9 x 3.54,Certified by Natural Sapphire Company,2025-09-08
Moonstone,Rainbow,0.35,Mixed Brilliant Oval,Rainbow,Very Slightly Included,No Enhancement,48750.0,,4.78 x 4.18 x 3.33,Certified by Natural Sapphire Company,2025-09-08
Moonstone,Rainbow,0.5,Mixed Brilliant Oval,Rainbow,Slightly Included,No Enhancement,48750.0,,4.94 x 4.59 x 3.92,Certified by Natural Sapphire Company,2025-09-08
Garnet,Brown,0.57,Mixed Brilliant Oval,Brown,Very Slightly Included,No Enhancement,9425.0,,6.09 x 4.44 x 2.53,Certified by Natural Sapphire Company,2025-09-08
Moonstone,Rainbow,0.28,Mixed Brilliant Oval,Rainbow,Very Slightly Included,No Enhancement,48750.0,,4.53 x 3.71 x 3.22,Certified by Natural Sapphire Company,2025-09-08
Moonstone,Rainbow,0.58,Emerald Cut Emerald Cut,Rainbow,Slightly Included,No Enhancement,48750.0,,6.68 x 3.87 x 3.19,Certified by Natural Sapphire Company,2025-09-08
Moonstone,Rainbow,0.48,Mixed Brilliant Oval,Rainbow,Slightly Included,No Enhancement,48750.0,,5.46 x 4.55 x 3.5,Certified by Natural Sapphire Company,2025-09-08
Moonstone,Rainbow,0.61,Mixed Brilliant Oval,Rainbow,Very Slightly Included,No Enhancement,48750.0,,6.29 x 4.63 x 4.12,Certified by Natural Sapphire Company,2025-09-08
Moonstone,Rainbow,0.56,Mixed Brilliant Oval,Rainbow,Slightly Included,No Enhancement,48750.0,,5.68 x 4.29 x 3.29,Certified by Natural Sapphire Company,2025-09-08
Moonstone,Rainbow,0.53,Emerald Cut Emerald Cut,Rainbow,Very Very Slightly Included,No Enhancement,49075.0,,6.01 x 3.89 x 3.34,Certified by Natural Sapphire Company,2025-09-08
Moonstone,Rainbow,0.34,Emerald Cut Emerald Cut,Rainbow,Eye Clean,No Enhancement,48750.0,,4.65 x 3.46 x 3.48,Certified by Natural Sapphire Company,2025-09-08
Moonstone,Rainbow,0.62,Emerald Cut Emerald Cut,Rainbow,Very Very Slightly Included,No Enhancement,48750.0,,6.35 x 3.72 x 3.81,Certified by Natural Sapphire Company,2025-09-08
Garnet,Red,1.49,Emerald Cut Emerald Cut,Red,Very Slightly Included,No Enhancement,38675.0,,7.8 x 5.14 x 3.73,Certified by Natural Sapphire Company,2025-09-08
Garnet,Brown,0.71,Mixed Brilliant Oval,Brown,Very Slightly Included,No Enhancement,11700.0,,5.64 x 4.46 x 3.4,Certified by Natural Sapphire Company,2025-09-08
Garnet,Brown,0.75,Mixed Brilliant Oval,Brown,Slightly Included,No Enhancement,12350.0,,6.33 x 4.33 x 3.31,Certified by Natural Sapphire Company,2025-09-08
Moonstone,Rainbow,0.37,Emerald Cut Emerald Cut,Rainbow,Slightly Included,No Enhancement,48750.0,,5.09 x 4.22 x 2.69,Certified by Natural Sapphire Company,2025-09-08
Moonstone,Rainbow,0.53,Emerald Cut Emerald Cut,Rainbow,Slightly Included,No Enhancement,49075.0,,7.13 x 4.01 x 2.74,Certified by Natural Sapphire Company,2025-09-08
Moonstone,Rainbow,0.4,Emerald Cut Emerald Cut,Rainbow,Very Very Slightly Included,No Enhancement,48750.0,,6.46 x 3.42 x 2.72,Certified by Natural Sapphire Company,2025-09-08
Moonstone,Rainbow,0.68,Emerald Cut Emerald Cut,Rainbow,Slightly Included,No Enhancement,48750.0,,6.14 x 4.47 x 3.8,Certified by Natural Sapphire Company,2025-09-08
Moonstone,Rainbow,0.57,Emerald Cut Emerald Cut,Rainbow,Very Very Slightly Included,No Enhancement,48750.0,,7.0 x 3.86 x 2.95,Certified by Natural Sapphire Company,2025-09-08
Moonstone,Rainbow,0.54,Emerald Cut Emerald Cut,Rainbow,Very Very Slightly Included,No Enhancement,48750.0,,5.33 x 4.35 x 3.7,Certified by Natural Sapphire Company,2025-09-08
Moonstone,White,0.49,Emerald Cut Emerald Cut,White,Very Slightly Included,No Enhancement,48750.0,,6.95 x 3.8 x 2.9,Certified by Natural Sapphire Company,2025-09-08
Moonstone,Rainbow,0.45,Asscher Asscher - Octagon,Rainbow,Very Slightly Included,No Enhancement,48750.0,,4.88 x 4.03 x 3.77,Certified by Natural Sapphire Company,2025-09-08
Moonstone,Rainbow,0.54,Asscher Asscher - Octagon,Rainbow,Very Slightly Included,No Enhancement,48750.0,,5.03 x 4.82 x 3.47,Certified by Natural Sapphire Company,2025-09-08
Garnet,Brown,0.69,Mixed Brilliant Oval,Brown,Very Slightly Included,No Enhancement,11375.0,,5.44 x 4.32 x 3.4,Certified by Natural Sapphire Company,2025-09-08
Garnet,Brown,0.78,Mixed Brilliant Oval,Brown,Very Slightly Included,No Enhancement,12675.0,,6.14 x 4.87 x 3.26,Certified by Natural Sapphire Company,2025-09-08
Garnet,Brown,0.86,Mixed Brilliant Oval,Brown,Very Slightly Included,No Enhancement,13975.0,,6.02 x 4.55 x 3.6,Certified by Natural Sapphire Company,2025-09-08
Spinel,Purple,1.85,Mixed Brilliant Marquise,Purple,Very Slightly Included,No Enhancement,120250.0,,10.85 x 5.93 x 4.39,Certified by Natural Sapphire Company,2025-09-08
Garnet,Brown,0.76,Mixed Brilliant Oval,Brown,Very Slightly Included,No Enhancement,12350.0,,6.18 x 4.61 x 3.15,Certified by Natural Sapphire Company,2025-09-08
Spinel,Pink,2.72,Mixed Brilliant Pear,Pink,Very Slightly Included,No Enhancement,265200.0,,12.22 x 7.15 x 4.47,Certified by Natural Sapphire Company,2025-09-08
Spinel,Pinkish Purple,3.07,Mixed Brilliant Pear,Pinkish Purple,Very Slightly Included,No Enhancement,299325.0,,11.31 x 7.15 x 5.62,Certified by Natural Sapphire Company,2025-09-08
Spinel,Pink,2.45,Mixed Brilliant Round,Pink,Very Slightly Included,No Enhancement,238875.0,,8.0 x 8.0 x 5.08,Certified by Natural Sapphire Company,2025-09-08
Chrysoberyl,Green,3.57,Mixed Brilliant Oval,Green,Very Slightly Included,No Enhancement,348075.0,,11.01 x 8.29 x 5.24,Certified by Natural Sapphire Company,2025-09-08
Spinel,Purplish Pink,5.21,Mixed Brilliant Pear,Purplish Pink,Eye Clean,No Enhancement,677300.0,,14.75 x 8.51 x 5.76,Certified by Natural Sapphire Company,2025-09-08
Spinel,Pink,2.84,Mixed Brilliant Oval,Pink,Very Slightly Included,No Enhancement,276900.0,,10.48 x 8.04 x 4.58,Certified by Natural Sapphire Company,2025-09-08
Spinel,Pink,1.14,Mixed Brilliant Oval,Pink,Very Slightly Included,No Enhancement,148200.0,,7.4 x 5.66 x 3.72,Certified by Natural Sapphire Company,2025-09-08
Chrysoberyl,Green,1.81,Asscher Round,Green,Very Slightly Included,No Enhancement,176475.0,,7.26 x 7.25 x 4.83,Certified by Natural Sapphire Company,2025-09-08
Spinel,Blue,1.4,Mixed Brilliant Cushion,Blue,Very Slightly Included,No Enhancement,182000.0,,7.95 x 6.06 x 3.6,Certified by Natural Sapphire Company,2025-09-08
Spinel,Pinkish Purple,3.19,Mixed Brilliant Oval,Pinkish Purple,Very Slightly Included,No Enhancement,311025.0,,10.29 x 7.75 x 5.64,Certified by Natural Sapphire Company,2025-09-08
Zircon,Green,0.78,Mixed Brilliant Pear,Green,Very Slightly Included,No Enhancement,4550.0,,7.27 x 4.76 x 3.08,Certified by Natural Sapphire Company,2025-09-08
Zircon,Brown,13.09,Mixed Brilliant Oval,Brown,Eye Clean,No Enhancement,1770925.0,,14.54 x 11.74 x 8.29,Certified by Natural Sapphire Company,2025-09-08
Zircon,Brown,13.95,Mixed Brilliant Cushion,Brown,Eye Clean,No Enhancement,1677650.0,,13.3 x 12.1 x 7.93,Certified by Natural Sapphire Company,2025-09-08
Spinel,Pinkish Red,1.82,Mixed Brilliant Cushion,Pinkish Red,Slightly Included,No Enhancement,177450.0,,7.32 x 5.42 x 4.94,Certified by Natural Sapphire Company,2025-09-08
Chrysoberyl,Brown,1.0,Cabochon Oval,Brown,Very Slightly Included,No Enhancement,162500.0,,6.33 x 5.44 x 3.18,Certified by Natural Sapphire Company,2025-09-08
Chrysoberyl,Greenish Yellow,1.48,Cabochon Oval,Greenish Yellow,Very Slightly Included,No Enhancement,240500.0,,6.11 x 5.93 x 4.2,Certified by Natural Sapphire Company,2025-09-08
Tourmaline,Blue,8.35,Mixed Brilliant Radiant,Blue,Eye Clean,No Enhancement,10074675.0,,12.56 x 11.15 x 7.94,Certified by Natural Sapphire Company,2025-09-08
Rhodolite Garnet,Purplish Pink,9.87,Mixed Brilliant Cushion,Purplish Pink,Very Slightly Included,No Enhancement,2670525.0,,14.67 x 10.79 x 7.58,Certified by Natural Sapphire Company,2025-09-08
Chrysoberyl,Yellowish Green,1.05,Cabochon Round,Yellowish Green,Very Slightly Included,No Enhancement,170625.0,,5.82 x 5.69 x 3.11,Certified by Natural Sapphire Company,2025-09-08
Chrysoberyl,Brownish Green,1.11,Cabochon Round,Brownish Green,Very Slightly Included,No Enhancement,216450.0,,5.74 x 5.75 x 3.27,Certified by Natural Sapphire Company,2025-09-08
Chrysoberyl,Greenish Yellow,0.83,Cabochon Oval,Greenish Yellow,Very Slightly Included,No Enhancement,134875.0,,5.95 x 5.38 x 2.55,Certified by Natural Sapphire Company,2025-09-08
Chrysoberyl,Yellowish Green,0.99,Cabochon Oval,Yellowish Green,Very Slightly Included,No Enhancement,193050.0,,5.66 x 4.48 x 3.85,Certified by Natural Sapphire Company,2025-09-08
Chrysoberyl,Yellow,0.54,Cabochon Round,Yellow,Very Slightly Included,No Enhancement,70200.0,,4.77 x 4.7 x 2.4,Certified by Natural Sapphire Company,2025-09-08
Chrysoberyl,Brownish Green,0.71,Cabochon Oval,Brownish Green,Very Slightly Included,No Enhancement,115375.0,,5.71 x 5.04 x 2.49,Certified by Natural Sapphire Company,2025-09-08
Chrysoberyl,Yellow,0.38,Cabochon Oval,Yellow,Very Slightly Included,No Enhancement,49400.0,,4.6 x 4.34 x 2.06,Certified by Natural Sapphire Company,2025-09-08
Chrysoberyl,Greenish Yellow,0.79,Cabochon Oval,Greenish Yellow,Very Slightly Included,No Enhancement,128375.0,,5.11 x 4.85 x 3.18,Certified by Natural Sapphire Company,2025-09-08
Zircon,Brownish Yellow,4.25,Mixed Brilliant Oval,Brownish Yellow,Eye Clean,No Enhancement,55250.0,,10.28 x 8.11 x 4.65,Certified by Natural Sapphire Company,2025-09-08
Chrysoberyl,Green,1.35,Cabochon Oval,Green,Very Slightly Included,No Enhancement,175500.0,,6.81 x 5.8 x 3.66,Certified by Natural Sapphire Company,2025-09-08
Chrysoberyl,Brownish Green,0.97,Cabochon Oval,Brownish Green,Very Slightly Included,No Enhancement,189150.0,,5.29 x 4.81 x 3.97,Certified by Natural Sapphire Company,2025-09-08
Garnet,Orange,13.01,Mixed Brilliant Cushion,Orange,Very Slightly Included,No Enhancement,1759875.0,,13.15 x 12.85 x 8.26,Certified by Natural Sapphire Company,2025-09-08
Hessonite Garnet,Golden Brown,3.96,Mixed Brilliant Oval,Golden Brown,Very Slightly Included,Heat Treated,128700.0,,10.78 x 8.66 x 4.71,Certified by Natural Sapphire Company,2025-09-08
Zircon,Brown,6.74,Mixed Brilliant Round,Brown,Eye Clean,No Enhancement,438100.0,,10.61 x 10.47 x 6.77,Certified by Natural Sapphire Company,2025-09-08
Hessonite Garnet,Golden Brown,4.21,Mixed Brilliant Oval,Golden Brown,Slightly Included,Heat Treated,136825.0,,10.71 x 8.55 x 5.49,Certified by Natural Sapphire Company,2025-09-08
Hessonite Garnet,Golden Orange,5.71,Mixed Brilliant Oval,Golden Orange,Slightly Included,Heat Treated,185575.0,,13.2 x 8.22 x 6.41,Certified by Natural Sapphire Company,2025-09-08
Hessonite Garnet,Golden Brown,4.31,Mixed Brilliant Oval,Golden Brown,Very Slightly Included,Heat Treated,140075.0,,12.28 x 7.44 x 5.76,Certified by Natural Sapphire Company,2025-09-08
Hessonite Garnet,Golden Brown,4.55,Mixed Brilliant Oval,Golden Brown,Very Slightly Included,Heat Treated,147875.0,,12.3 x 7.94 x 5.28,Certified by Natural Sapphire Company,2025-09-08
Hessonite Garnet,Golden Brown,4.93,Mixed Brilliant Oval,Golden Brown,Slightly Included,Heat Treated,160225.0,,12.39 x 8.68 x 5.34,Certified by Natural Sapphire Company,2025-09-08
Hessonite Garnet,Yellowish Orange,4.07,Mixed Brilliant Oval,Yellowish Orange,Slightly Included,Heat Treated,132275.0,,9.63 x 7.76 x 6.66,Certified by Natural Sapphire Company,2025-09-08
Hessonite Garnet,Golden Brown,4.97,Mixed Brilliant Oval,Golden Brown,Very Slightly Included,Heat Treated,161525.0,,11.49 x 9.26 x 5.52,Certified by Natural Sapphire Company,2025-09-08
Hessonite Garnet,Golden Brown,5.82,Mixed Brilliant Oval,Golden Brown,Very Slightly Included,Heat Treated,189150.0,,14.11 x 9.25 x 5.42,Certified by Natural Sapphire Company,2025-09-08
Hessonite Garnet,Yellowish Orange,6.04,Mixed Brilliant Oval,Yellowish Orange,Slightly Included,Heat Treated,196300.0,,13.49 x 8.35 x 5.93,Certified by Natural Sapphire Company,2025-09-08
Hessonite Garnet,Golden Brown,8.57,Mixed Brilliant Oval,Golden Brown,Very Slightly Included,Heat Treated,278525.0,,14.9 x 10.69 x 6.21,Certified by Natural Sapphire Company,2025-09-08
Hessonite Garnet,Golden Brown,6.35,Mixed Brilliant Oval,Golden Brown,Very Slightly Included,Heat Treated,206375.0,,13.01 x 9.72 x 5.48,Certified by Natural Sapphire Company,2025-09-08
Hessonite Garnet,Golden Orange,4.87,Mixed Brilliant Oval,Golden Orange,Slightly Included,Heat Treated,158275.0,,10.91 x 9.18 x 5.38,Certified by Natural Sapphire Company,2025-09-08
Spinel,Pink,1.52,Asscher Asscher - Octagon,Pink,Very Slightly Included,Heat Treated,296400.0,,7.36 x 6.84 x 3.58,Certified by Natural Sapphire Company,2025-09-08
Moonstone,Rainbow,0.7,Emerald Cut Emerald Cut,Rainbow,Slightly Included,No Enhancement,48750.0,,6.7 x 4.77 x 3.26,Certified by Natural Sapphire Company,2025-09-08
Moonstone,Rainbow,0.59,Emerald Cut Emerald Cut,Rainbow,Slightly Included,No Enhancement,48750.0,,6.85 x 4.28 x 3.0,Certified by Natural Sapphire Company,2025-09-08
Moonstone,Rainbow,0.48,Emerald Cut Emerald Cut,Rainbow,Very Slightly Included,No Enhancement,48750.0,,6.89 x 3.37 x 2.96,Certified by Natural Sapphire Company,2025-09-08
Moonstone,White,0.54,Emerald Cut Emerald Cut,White,Slightly Included,No Enhancement,48750.0,,6.09 x 3.98 x 3.22,Certified by Natural Sapphire Company,2025-09-08
Moonstone,Rainbow,0.58,Emerald Cut Emerald Cut,Rainbow,Very Slightly Included,No Enhancement,48750.0,,7.09 x 3.93 x 3.01,Certified by Natural Sapphire Company,2025-09-08
Moonstone,White,0.59,Emerald Cut Emerald Cut,White,Very Slightly Included,No Enhancement,48750.0,,6.41 x 4.11 x 3.23,Certified by Natural Sapphire Company,2025-09-08
Moonstone,Rainbow,0.52,Emerald Cut Emerald Cut,Rainbow,Very Slightly Included,No Enhancement,48750.0,,7.19 x 3.91 x 2.76,Certified by Natural Sapphire Company,2025-09-08
Moonstone,White,0.6,Emerald Cut Emerald Cut,White,Very Slightly Included,No Enhancement,48750.0,,6.13 x 4.2 x 3.35,Certified by Natural Sapphire Company,2025-09-08
Moonstone,Rainbow,0.45,Emerald Cut Emerald Cut,Rainbow,Very Slightly Included,No Enhancement,48750.0,,5.98 x 3.8 x 2.98,Certified by Natural Sapphire Company,2025-09-08
Spinel,Purple,2.09,Mixed Brilliant Oval,Purple,Very Very Slightly Included,No Enhancement,162500.0,,8.49 x 6.86 x 4.6,Certified by Natural Sapphire Company,2025-09-08
Moonstone,White,0.63,Emerald Cut Emerald Cut,White,Eye Clean,No Enhancement,48750.0,,6.07 x 4.81 x 3.33,Certified by Natural Sapphire Company,2025-09-08
Moonstone,White,0.43,Emerald Cut Emerald Cut,White,Very Slightly Included,No Enhancement,48750.0,,6.16 x 4.06 x 2.69,Certified by Natural Sapphire Company,2025-09-08
Moonstone,Rainbow,0.6,Emerald Cut Emerald Cut,Rainbow,Slightly Included,No Enhancement,48750.0,,6.29 x 4.09 x 3.47,Certified by Natural Sapphire Company,2025-09-08
Spinel,Pink,1.12,Mixed Brilliant Oval,Pink,Very Very Slightly Included,No Enhancement,107900.0,,7.34 x 5.74 x 3.61,Certified by Natural Sapphire Company,2025-09-08
Garnet,Pinkish Purple,2.79,Mixed Brilliant Pear,Pinkish Purple,Eye Clean,No Enhancement,217750.0,,11.8 x 7.04 x 5.05,Certified by Natural Sapphire Company,2025-09-08
Garnet,Red,3.69,Mixed Brilliant Oval,Red,Very Slightly Included,Heat Treated,203775.0,,9.97 x 8.06 x 4.96,Certified by Natural Sapphire Company,2025-09-08
Spinel,Violet,2.1,Asscher Asscher - Octagon,Violet,Very Slightly Included,Heat Treated,546000.0,,6.96 x 6.72 x 5.32,Certified by Natural Sapphire Company,2025-09-08
Zircon,Brown,2.49,Mixed Brilliant Oval,Brown,Eye Clean,No Enhancement,32500.0,,9.0 x 7.14 x 4.22,Certified by Natural Sapphire Company,2025-09-08
Spinel,Blue,1.99,Asscher Asscher - Octagon,Blue,Very Slightly Included,Heat Treated,517400.0,,7.04 x 6.57 x 4.94,Certified by Natural Sapphire Company,2025-09-08
Topaz,Sky Blue,22.9,Asscher Asscher - Octagon,Sky Blue,Very Slightly Included,Irradiation,148850.0,,15.91 x 15.48 x 10.69,Certified by Natural Sapphire Company,2025-09-08
Garnet,Orangish Red,4.88,Mixed Brilliant Cushion,Orangish Red,Very Slightly Included,No Enhancement,421850.0,,11.33 x 9.72 x 6.08,Certified by Natural Sapphire Company,2025-09-08
Garnet,Orangish Red,13.73,Mixed Brilliant Oval,Orangish Red,Very Slightly Included,No Enhancement,1527175.0,,14.89 x 12.88 x 8.64,Certified by Natural Sapphire Company,2025-09-08
Beryl,White,7.45,Mixed Brilliant Oval,White,Eye Clean,No Enhancement,145275.0,,13.18 x 10.96 x 8.66,Certified by Natural Sapphire Company,2025-09-08
Amethyst,Purple,3.47,Mixed Brilliant Round,Purple,Slightly Included,Heat Treated,11375.0,,10.0 x 9.99 x 6.48,Certified by Natural Sapphire Company,2025-09-08
Garnet,Orangish Red,10.18,Sugar Loaf Oval,Orangish Red,Very Slightly Included,No Enhancement,2038075.0,,13.76 x 9.6 x 6.84,Certified by Natural Sapphire Company,2025-09-08
Moonstone,White,0.51,Emerald Cut Emerald Cut,White,Very Slightly Included,No Enhancement,48750.0,,5.87 x 4.33 x 3.12,Certified by Natural Sapphire Company,2025-09-08
Garnet,Orangish Red,20.65,Mixed Brilliant Cushion,Orangish Red,Very Slightly Included,Heat Treated,1800175.0,,17.13 x 15.3 x 9.58,Certified by Natural Sapphire Company,2025-09-08
Moonstone,White,0.51,Emerald Cut Emerald Cut,White,Very Slightly Included,No Enhancement,48750.0,,6.14 x 3.99 x 3.0,Certified by Natural Sapphire Company,2025-09-08
Moonstone,White,0.45,Emerald Cut Emerald Cut,White,Very Slightly Included,No Enhancement,48750.0,,5.11 x 4.21 x 3.18,Certified by Natural Sapphire Company,2025-09-08
Moonstone,Rainbow,0.52,Emerald Cut Emerald Cut,Rainbow,Slightly Included,No Enhancement,48750.0,,5.98 x 3.89 x 3.44,Certified by Natural Sapphire Company,2025-09-08
Zircon,Yellow,2.53,Mixed Brilliant Oval,Yellow,Very Slightly Included,Heat Treated,32825.0,,8.91 x 7.06 x 4.43,Certified by Natural Sapphire Company,2025-09-08
Spinel,Blue,0.67,Mixed Brilliant Oval,Blue,Very Slightly Included,No Enhancement,34775.0,,6.15 x 4.32 x 3.27,Certified by Natural Sapphire Company,2025-09-08
Spinel,Violet,0.57,Mixed Brilliant Oval,Violet,Very Slightly Included,No Enhancement,29575.0,,6.18 x 4.57 x 2.63,Certified by Natural Sapphire Company,2025-09-08
Spinel,Purple,0.55,Mixed Brilliant Oval,Purple,Very Slightly Included,No Enhancement,28600.0,,5.73 x 4.58 x 3.03,Certified by Natural Sapphire Company,2025-09-08
Moonstone,Rainbow,0.61,Emerald Cut Emerald Cut,Rainbow,Very Slightly Included,No Enhancement,48750.0,,6.66 x 4.33 x 3.22,Certified by Natural Sapphire Company,2025-09-08
Spinel,Blue,0.81,Mixed Brilliant Heart,Blue,Very Slightly Included,No Enhancement,42250.0,,5.13 x 5.89 x 3.9,Certified by Natural Sapphire Company,2025-09-08
Spinel,Pinkish Purple,2.33,Mixed Brilliant Oval,Pinkish Purple,Slightly Included,No Enhancement,151450.0,,9.25 x 7.3 x 4.61,Certified by Natural Sapphire Company,2025-09-08
Spinel,Pink,4.54,Mixed Brilliant Cushion,Pink,Very Slightly Included,No Enhancement,147550.0,,11.27 x 8.46 x 5.59,Certified by Natural Sapphire Company,2025-09-08
Spinel,Violet,0.59,Mixed Brilliant Cushion,Violet,Very Slightly Included,No Enhancement,26975.0,,5.84 x 4.02 x 2.69,Certified by Natural Sapphire Company,2025-09-08
Spinel,Purple,1.26,Mixed Brilliant Cushion,Purple,Very Slightly Included,No Enhancement,81900.0,,6.19 x 6.11 x 4.15,Certified by Natural Sapphire Company,2025-09-08
Spinel,Brown,1.65,Mixed Brilliant Oval,Brown,Very Slightly Included,No Enhancement,85800.0,,7.18 x 5.48 x 4.07,Certified by Natural Sapphire Company,2025-09-08
Spinel,Pink,0.61,Mixed Brilliant Round,Pink,Very Slightly Included,No Enhancement,31850.0,,5.18 x 5.22 x 3.41,Certified by Natural Sapphire Company,2025-09-08
Spinel,Purplish Pink,0.96,Mixed Brilliant Cushion,Purplish Pink,Very Slightly Included,No Enhancement,62400.0,,6.95 x 4.92 x 3.27,Certified by Natural Sapphire Company,2025-09-08
Spinel,Blue,0.95,Mixed Brilliant Cushion,Blue,Very Slightly Included,No Enhancement,49400.0,,6.02 x 5.66 x 3.24,Certified by Natural Sapphire Company,2025-09-08
Zircon,Orange,2.25,Mixed Brilliant Cushion,Orange,Very Slightly Included,Heat Treated,65975.0,,7.4 x 6.69 x 4.18,Certified by Natural Sapphire Company,2025-09-08
Tourmaline,Purple,3.37,Mixed Brilliant Oval,Purple,Very Slightly Included,No Enhancement,219050.0,,11.07 x 8.46 x 5.44,Certified by Natural Sapphire Company,2025-09-08
Spinel,Purplish Pink,1.19,Mixed Brilliant Cushion,Purplish Pink,Very Slightly Included,No Enhancement,116025.0,,5.97 x 5.44 x 4.15,Certified by Natural Sapphire Company,2025-09-08
Spinel,Blue,0.84,Mixed Brilliant Round,Blue,Very Slightly Included,No Enhancement,43550.0,,5.6 x 5.56 x 3.87,Certified by Natural Sapphire Company,2025-09-08
Spinel,Purplish Pink,1.09,Mixed Brilliant Cushion,Purplish Pink,Very Slightly Included,No Enhancement,70850.0,,6.88 x 5.1 x 3.7,Certified by Natural Sapphire Company,2025-09-08
Zircon,Brown,0.97,Mixed Brilliant Round,Brown,Very Slightly Included,No Enhancement,25350.0,,5.77 x 5.79 x 3.22,Certified by Natural Sapphire Company,2025-09-08
Zircon,Brown,0.82,Mixed Brilliant Round,Brown,Very Slightly Included,No Enhancement,10725.0,,5.49 x 5.48 x 2.96,Certified by Natural Sapphire Company,2025-09-08
Zircon,Purplish Red,1.02,Mixed Brilliant Pear,Purplish Red,Very Slightly Included,No Enhancement,13325.0,,7.39 x 4.49 x 3.36,Certified by Natural Sapphire Company,2025-09-08
Zircon,Brown,0.88,Mixed Brilliant Pear,Brown,Very Slightly Included,No Enhancement,11375.0,,7.7 x 4.13 x 3.0,Certified by Natural Sapphire Company,2025-09-08
Tourmaline,Pink,1.36,Mixed Brilliant Oval,Pink,Eye Clean,No Enhancement,44200.0,,8.03 x 6.16 x 4.4,Certified by Natural Sapphire Company,2025-09-08
Zircon,Brown,1.12,Mixed Brilliant Cushion,Brown,Very Slightly Included,No Enhancement,14625.0,,6.04 x 4.66 x 3.34,Certified by Natural Sapphire Company,2025-09-08
Rhodolite Garnet,Purple,1.0,Mixed Brilliant Oval,Purple,Very Slightly Included,No Enhancement,65000.0,,6.69 x 4.92 x 3.9,Certified by Natural Sapphire Company,2025-09-08
Tourmaline,Green,0.55,Mixed Brilliant Round,Green,Eye Clean,No Enhancement,17875.0,,5.12 x 5.13 x 3.68,Certified by Natural Sapphire Company,2025-09-08
Rhodolite Garnet,Pinkish Purple,1.67,Mixed Brilliant Oval,Pinkish Purple,Very Slightly Included,No Enhancement,108550.0,,7.63 x 6.13 x 4.34,Certified by Natural Sapphire Company,2025-09-08
Rhodolite Garnet,Purplish Pink,1.22,Mixed Brilliant Cushion,Purplish Pink,Very Slightly Included,No Enhancement,79300.0,,6.92 x 5.17 x 3.69,Certified by Natural Sapphire Company,2025-09-08
Garnet,Red,2.26,Mixed Brilliant Oval,Red,Very Slightly Included,No Enhancement,58825.0,,8.05 x 7.17 x 4.66,Certified by Natural Sapphire Company,2025-09-08
Garnet,Red,2.48,Mixed Brilliant Oval,Red,Very Slightly Included,No Enhancement,64350.0,,8.3 x 7.35 x 5.07,Certified by Natural Sapphire Company,2025-09-08
Garnet,Red,2.26,Mixed Brilliant Oval,Red,Slightly Included,No Enhancement,58825.0,,8.63 x 6.85 x 4.64,Certified by Natural Sapphire Company,2025-09-08
Garnet,Red,2.2,Mixed Brilliant Cushion,Red,Very Slightly Included,No Enhancement,57200.0,,7.3 x 6.93 x 4.93,Certified by Natural Sapphire Company,2025-09-08
Spinel,Pinkish Red,1.42,Mixed Brilliant Cushion,Pinkish Red,Very Slightly Included,No Enhancement,46150.0,,6.36 x 6.13 x 4.78,Certified by Natural Sapphire Company,2025-09-08
Spinel,Greenish Blue,3.07,Brilliant Round,Greenish Blue,Eye Clean,No Enhancement,648700.0,,9.22 x 9.19 x 5.52,Certified by Natural Sapphire Company,2025-09-08
Spinel,Greenish Blue,1.24,Mixed Brilliant Oval,Greenish Blue,Eye Clean,No Enhancement,161200.0,,7.23 x 5.29 x 4.33,Certified by Natural Sapphire Company,2025-09-08
Zircon,Yellowish Brown,2.32,Mixed Brilliant Cushion,Yellowish Brown,Very Slightly Included,No Enhancement,30225.0,,7.89 x 6.42 x 4.73,Certified by Natural Sapphire Company,2025-09-08
Spinel,Greenish Blue,3.17,Mixed Brilliant Oval,Greenish Blue,Eye Clean,No Enhancement,649025.0,,9.42 x 8.41 x 5.93,Certified by Natural Sapphire Company,2025-09-08
Zircon,Greenish Yellow,2.0,Mixed Brilliant Oval,Greenish Yellow,Very Slightly Included,Heat Treated,52000.0,,9.69 x 7.46 x 3.63,Certified by Natural Sapphire Company,2025-09-08
Chrysoberyl,Green,2.37,Cabochon Oval,Green,Very Slightly Included,No Enhancement,1155375.0,,8.39 x 7.49 x 4.04,Certified by Natural Sapphire Company,2025-09-08
Spinel,Blue,2.21,Asscher Asscher - Octagon,Blue,Eye Clean,Heat Treated,215475.0,,7.64 x 7.37 x 4.56,Certified by Natural Sapphire Company,2025-09-08
Spinel,Greenish Blue,6.82,Mixed Brilliant Cushion,Greenish Blue,Slightly Included,Heat Treated,664950.0,,12.22 x 10.49 x 5.75,Certified by Natural Sapphire Company,2025-09-08
Spinel,Color Change,2.21,Mixed Brilliant Cushion,Color Change,Slightly Included,Heat Treated,143650.0,,7.49 x 6.6 x 5.22,Certified by Natural Sapphire Company,2025-09-08
Spinel,Purplish Pink,4.04,Asscher Asscher - Octagon,Purplish Pink,Eye Clean,Heat Treated,262600.0,,8.59 x 8.55 x 6.61,Certified by Natural Sapphire Company,2025-09-08
Spinel,Pink,4.85,Mixed Brilliant Cushion,Pink,Eye Clean,Heat Treated,394225.0,,10.6 x 8.87 x 5.78,Certified by Natural Sapphire Company,2025-09-08
Spinel,Blue,1.08,Mixed Brilliant Oval,Blue,Very Slightly Included,No Enhancement,70200.0,,6.79 x 6.38 x 3.39,Certified by Natural Sapphire Company,2025-09-08
Spinel,Greenish Blue,1.53,Asscher Asscher - Octagon,Greenish Blue,Very Slightly Included,Heat Treated,198900.0,,6.39 x 5.92 x 4.65,Certified by Natural Sapphire Company,2025-09-08
Spinel,Purplish Pink,1.0,Mixed Brilliant Cushion,Purplish Pink,Very Slightly Included,Heat Treated,227500.0,,6.26 x 5.44 x 3.2,Certified by Natural Sapphire Company,2025-09-08
Spinel,Blue,1.67,Mixed Brilliant Pear,Blue,Very Slightly Included,Heat Treated,217100.0,,8.86 x 6.78 x 4.78,Certified by Natural Sapphire Company,2025-09-08
Spinel,Purple,2.16,Mixed Brilliant Cushion,Purple,Very Slightly Included,Heat Treated,351000.0,,8.45 x 7.35 x 4.67,Certified by Natural Sapphire Company,2025-09-08
Spinel,Violet,3.09,Asscher Asscher - Octagon,Violet,Very Slightly Included,Heat Treated,401700.0,,8.05 x 7.4 x 6.2,Certified by Natural Sapphire Company,2025-09-08
Spinel,Purple,0.78,Mixed Brilliant Pear,Purple,Very Slightly Included,No Enhancement,40625.0,,6.91 x 4.74 x 3.59,Certified by Natural Sapphire Company,2025-09-08
Zircon,Yellowish Brown,4.33,Mixed Brilliant Pear,Yellowish Brown,Eye Clean,No Enhancement,56225.0,,9.76 x 7.93 x 6.21,Certified by Natural Sapphire Company,2025-09-08
Spinel,Purple,1.81,Mixed Brilliant Oval,Purple,Slightly Included,No Enhancement,58825.0,,7.87 x 6.2 x 4.85,Certified by Natural Sapphire Company,2025-09-08
Spinel,Bluish Grey,0.7,Mixed Brilliant Pear,Bluish Grey,Very Slightly Included,No Enhancement,36400.0,,6.78 x 4.41 x 3.56,Certified by Natural Sapphire Company,2025-09-08
Spinel,Purple,1.04,Mixed Brilliant Cushion,Purple,Very Slightly Included,No Enhancement,67600.0,,5.9 x 5.58 x 3.89,Certified by Natural Sapphire Company,2025-09-08
Spinel,Pink,1.17,Mixed Brilliant Oval,Pink,Very Slightly Included,No Enhancement,76050.0,,7.47 x 5.89 x 3.53,Certified by Natural Sapphire Company,2025-09-08
Spinel,Purple,1.22,Mixed Brilliant Oval,Purple,Very Slightly Included,No Enhancement,31850.0,,7.19 x 5.53 x 4.18,Certified by Natural Sapphire Company,2025-09-08
Spinel,Purple,0.81,Mixed Brilliant Cushion,Purple,Very Slightly Included,No Enhancement,42250.0,,6.88 x 4.9 x 2.72,Certified by Natural Sapphire Company,2025-09-08
Spinel,Purple,0.74,Mixed Brilliant Oval,Purple,Slightly Included,No Enhancement,19175.0,,6.08 x 5.14 x 3.21,Certified by Natural Sapphire Company,2025-09-08
Spinel,Purple,1.82,Mixed Brilliant Pear,Purple,Very Slightly Included,No Enhancement,94575.0,,9.41 x 6.85 x 4.17,Certified by Natural Sapphire Company,2025-09-08
Spinel,Purple,0.62,Mixed Brilliant Oval,Purple,Very Slightly Included,No Enhancement,32175.0,,5.49 x 4.71 x 3.2,Certified by Natural Sapphire Company,2025-09-08
Spinel,Reddish Pink,0.96,Mixed Brilliant Oval,Reddish Pink,Very Slightly Included,No Enhancement,50050.0,,6.22 x 5.28 x 3.96,Certified by Natural Sapphire Company,2025-09-08
Moonstone,Rainbow,2.13,Mixed Brilliant Heart,Rainbow,Slightly Included,No Enhancement,123175.0,,7.72 x 8.99 x 5.89,Certified by Natural Sapphire Company,2025-09-08
Spinel,Purple,0.9,Mixed Brilliant Cushion,Purple,Very Slightly Included,No Enhancement,35100.0,,6.32 x 4.86 x 3.46,Certified by Natural Sapphire Company,2025-09-08
Zircon,Orange,10.19,Mixed Brilliant Cushion,Orange,Eye Clean,Heat Treated,1274325.0,,12.65 x 10.25 x 7.62,Certified by Natural Sapphire Company,2025-09-08
Zircon,Yellowish Brown,16.57,Mixed Brilliant Cushion,Yellowish Brown,Eye Clean,Heat Treated,1109225.0,,12.54 x 11.67 x 9.54,Certified by Natural Sapphire Company,2025-09-08
Garnet,Purplish Pink,8.11,Mixed Brilliant Oval,Purplish Pink,Very Slightly Included,No Enhancement,690625.0,,14.06 x 10.78 x 7.42,Certified by Natural Sapphire Company,2025-09-08
Zircon,Yellow,8.63,Mixed Brilliant Oval,Yellow,Very Slightly Included,Heat Treated,1530750.0,,11.74 x 10.31 x 6.71,Certified by Natural Sapphire Company,2025-09-08
Spinel,Pinkish Purple,1.22,Mixed Brilliant Cushion,Pinkish Purple,Slightly Included,No Enhancement,19825.0,,7.09 x 6.07 x 3.74,Certified by Natural Sapphire Company,2025-09-08
Moonstone,Rainbow,2.08,Mixed Brilliant Heart,Rainbow,Very Slightly Included,No Enhancement,120250.0,,7.78 x 8.06 x 6.42,Certified by Natural Sapphire Company,2025-09-08
Zircon,Brown,28.39,Mixed Brilliant Oval,Brown,Eye Clean,Heat Treated,1280175.0,,17.25 x 14.17 x 11.79,Certified by Natural Sapphire Company,2025-09-08
Garnet,Brownish Red,11.4,Mixed Brilliant Oval,Brownish Red,Very Slightly Included,No Enhancement,689000.0,,15.16 x 11.95 x 7.27,Certified by Natural Sapphire Company,2025-09-08
Garnet,Purplish Pink,10.12,Mixed Brilliant Oval,Purplish Pink,Very Slightly Included,No Enhancement,828750.0,,14.46 x 11.54 x 7.55,Certified by Natural Sapphire Company,2025-09-08
Moonstone,Rainbow,2.05,Mixed Brilliant Heart,Rainbow,Very Slightly Included,No Enhancement,117325.0,,6.92 x 8.33 x 6.66,Certified by Natural Sapphire Company,2025-09-08
Garnet,Pink,12.32,Mixed Brilliant Oval,Pink,Very Slightly Included,No Enhancement,1105000.0,,15.45 x 12.37 x 8.28,Certified by Natural Sapphire Company,2025-09-08
Spinel,Purplish Blue,1.76,Mixed Brilliant Oval,Purplish Blue,Very Slightly Included,No Enhancement,275600.0,,7.53 x 6.88 x 4.47,Certified by Natural Sapphire Company,2025-09-08
Spinel,Pink,2.56,Mixed Brilliant Round,Pink,Very Slightly Included,No Enhancement,1105000.0,,8.97 x 8.57 x 4.94,Certified by Natural Sapphire Company,2025-09-08
Topaz,Swiss Blue,3.89,Mixed Brilliant Marquise,Swiss Blue,Very Slightly Included,Irradiation,38025.0,,14.44 x 7.04 x 5.39,Certified by Natural Sapphire Company,2025-09-08
Chrysoberyl,Yellowish Green,1.59,Cabochon Oval,Yellowish Green,Very Very Slightly Included,No Enhancement,516750.0,,6.81 x 6.01 x 4.14,Certified by Natural Sapphire Company,2025-09-08
Aquamarine,Blue,1.58,Mixed Brilliant Oval,Blue,Very Slightly Included,Heat Treated,277225.0,,9.07 x 7.01 x 4.6,Certified by Natural Sapphire Company,2025-09-08
Chrysoberyl,Greenish Yellow,1.62,Cabochon Round,Greenish Yellow,Very Very Slightly Included,No Enhancement,421200.0,,6.24 x 6.03 x 4.06,Certified by Natural Sapphire Company,2025-09-08
Spinel,Pink,2.72,Mixed Brilliant Oval,Pink,Slightly Included,No Enhancement,1105000.0,,10.65 x 8.51 x 4.08,Certified by Natural Sapphire Company,2025-09-08
Chrysoberyl,Yellowish Green,1.56,Cabochon Round,Yellowish Green,Very Slightly Included,No Enhancement,405600.0,,6.56 x 6.3 x 3.72,Certified by Natural Sapphire Company,2025-09-08
Spinel,Pink,2.36,Mixed Brilliant Cushion,Pink,Slightly Included,No Enhancement,552175.0,,9.08 x 8.18 x 4.2,Certified by Natural Sapphire Company,2025-09-08
Chrysoberyl,Greenish Yellow,1.3,Cabochon Oval,Greenish Yellow,Very Slightly Included,No Enhancement,422500.0,,6.77 x 5.8 x 3.42,Certified by Natural Sapphire Company,2025-09-08
Almandine Garnet,Reddish Pink,0.75,Mixed Brilliant Pear,Reddish Pink,Very Slightly Included,No Enhancement,19500.0,,6.9 x 4.92 x 3.35,Certified by Natural Sapphire Company,2025-09-08
Almandine Garnet,Purplish Red,1.04,Mixed Brilliant Pear,Purplish Red,Slightly Included,No Enhancement,26975.0,,7.44 x 4.7 x 3.71,Certified by Natural Sapphire Company,2025-09-08
Almandine Garnet,Pinkish Red,1.77,Mixed Brilliant Cushion,Pinkish Red,Very Slightly Included,No Enhancement,46150.0,,8.52 x 5.61 x 3.87,Certified by Natural Sapphire Company,2025-09-08
Zircon,Brown,1.49,Mixed Brilliant Cushion,Brown,Very Slightly Included,No Enhancement,19500.0,,6.79 x 5.35 x 3.54,Certified by Natural Sapphire Company,2025-09-08
Hessonite Garnet,Orange,1.18,Mixed Brilliant Pear,Orange,Slightly Included,No Enhancement,38350.0,,8.56 x 5.64 x 3.78,Certified by Natural Sapphire Company,2025-09-08
Almandine Garnet,Reddish Pink,0.49,Mixed Brilliant Cushion,Reddish Pink,Very Slightly Included,No Enhancement,12675.0,,5.3 x 3.54 x 2.91,Certified by Natural Sapphire Company,2025-09-08
Almandine Garnet,Red,1.11,Mixed Brilliant Cushion,Red,Very Slightly Included,No Enhancement,28925.0,,6.15 x 5.06 x 3.97,Certified by Natural Sapphire Company,2025-09-08
Garnet,Brownish Orange,1.09,Mixed Brilliant Trillion,Brownish Orange,Very Slightly Included,No Enhancement,28275.0,,6.43 x 6.74 x 3.7,Certified by Natural Sapphire Company,2025-09-08
Zircon,Brownish Yellow,3.2,Mixed Brilliant Oval,Brownish Yellow,Very Slightly Included,Heat Treated,41600.0,,9.57 x 7.35 x 4.71,Certified by Natural Sapphire Company,2025-09-08
Zircon,Green,2.44,Mixed Brilliant Cushion,Green,Very Slightly Included,No Enhancement,31850.0,,7.45 x 7.38 x 4.7,Certified by Natural Sapphire Company,2025-09-08
Zircon,Green,1.86,Mixed Brilliant Oval,Green,Very Slightly Included,No Enhancement,24050.0,,8.48 x 6.09 x 4.0,Certified by Natural Sapphire Company,2025-09-08
Zircon,Green,1.49,Mixed Brilliant Cushion,Green,Very Slightly Included,No Enhancement,19500.0,,6.81 x 5.34 x 4.11,Certified by Natural Sapphire Company,2025-09-08
Spinel,Purple,0.58,Mixed Brilliant Pear,Purple,Very Slightly Included,No Enhancement,30225.0,,6.9 x 4.47 x 2.88,Certified by Natural Sapphire Company,2025-09-08
Spinel,Blue,1.0,Mixed Brilliant Cushion,Blue,Slightly Included,No Enhancement,39000.0,,6.71 x 4.68 x 3.72,Certified by Natural Sapphire Company,2025-09-08
Zircon,Green,2.6,Mixed Brilliant Oval,Green,Very Slightly Included,No Enhancement,33800.0,,8.75 x 6.57 x 5.37,Certified by Natural Sapphire Company,2025-09-08
Spinel,Purple,1.44,Mixed Brilliant Oval,Purple,Very Slightly Included,No Enhancement,37375.0,,8.74 x 6.42 x 3.69,Certified by Natural Sapphire Company,2025-09-08
Spinel,Greyish Blue,1.14,Mixed Brilliant Oval,Greyish Blue,Very Slightly Included,No Enhancement,44525.0,,6.45 x 5.54 x 4.19,Certified by Natural Sapphire Company,2025-09-08
Spinel,Violet,1.05,Mixed Brilliant Oval,Violet,Very Slightly Included,No Enhancement,27300.0,,6.97 x 5.43 x 3.76,Certified by Natural Sapphire Company,2025-09-08
Spinel,Purple,2.93,Mixed Brilliant Cushion,Purple,Very Slightly Included,No Enhancement,76050.0,,10.48 x 6.53 x 4.93,Certified by Natural Sapphire Company,2025-09-08
Zircon,Yellowish Brown,9.25,Mixed Brilliant Oval,Yellowish Brown,Very Slightly Included,Heat Treated,601250.0,,12.05 x 10.27 x 7.43,Certified by Natural Sapphire Company,2025-09-08
Spinel,Purplish Pink,0.9,Mixed Brilliant Cushion,Purplish Pink,Very Slightly Included,No Enhancement,23400.0,,5.33 x 5.31 x 4.27,Certified by Natural Sapphire Company,2025-09-08
Zircon,Orangish Brown,7.79,Mixed Brilliant Oval,Orangish Brown,Very Slightly Included,Heat Treated,587275.0,,11.79 x 10.45 x 6.26,Certified by Natural Sapphire Company,2025-09-08
Zircon,Brownish Green,8.67,Mixed Brilliant Oval,Brownish Green,Very Slightly Included,No Enhancement,563550.0,,13.91 x 11.06 x 6.4,Certified by Natural Sapphire Company,2025-09-08
Spinel,Pink,1.04,Mixed Brilliant Oval,Pink,Slightly Included,No Enhancement,26975.0,,7.18 x 5.7 x 3.58,Certified by Natural Sapphire Company,2025-09-08
Spinel,Purple,0.98,Mixed Brilliant Oval,Purple,Very Slightly Included,No Enhancement,25350.0,,6.82 x 4.76 x 4.15,Certified by Natural Sapphire Company,2025-09-08
Spinel,Purple,0.97,Mixed Brilliant Cushion,Purple,Very Slightly Included,No Enhancement,37700.0,,5.47 x 5.08 x 3.51,Certified by Natural Sapphire Company,2025-09-08
Spinel,Pinkish Purple,1.38,Mixed Brilliant Oval,Pinkish Purple,Very Slightly Included,No Enhancement,35750.0,,8.02 x 6.23 x 3.76,Certified by Natural Sapphire Company,2025-09-08
Spinel,Purple,1.6,Mixed Brilliant Pear,Purple,Very Slightly Included,No Enhancement,41600.0,,9.14 x 6.27 x 4.19,Certified by Natural Sapphire Company,2025-09-08
Spinel,Blue,2.42,Mixed Brilliant Cushion,Blue,Very Slightly Included,No Enhancement,94250.0,,9.56 x 6.76 x 4.58,Certified by Natural Sapphire Company,2025-09-08
Zircon,Yellowish Brown,13.72,Mixed Brilliant Oval,Yellowish Brown,Very Slightly Included,No Enhancement,891800.0,,15.44 x 11.88 x 7.39,Certified by Natural Sapphire Company,2025-09-08
Zircon,Yellowish Brown,7.25,Mixed Brilliant Oval,Yellowish Brown,Very Slightly Included,Heat Treated,471250.0,,11.95 x 9.81 x 6.51,Certified by Natural Sapphire Company,2025-09-08
Zircon,Brown,7.09,Mixed Brilliant Oval,Brown,Eye Clean,Heat Treated,460850.0,,11.23 x 9.76 x 7.33,Certified by Natural Sapphire Company,2025-09-08
Zircon,Greenish Brown,13.15,Mixed Brilliant Oval,Greenish Brown,Very Slightly Included,Heat Treated,854750.0,,14.96 x 11.4 x 7.81,Certified by Natural Sapphire Company,2025-09-08
Zircon,Greenish Brown,10.24,Mixed Brilliant Oval,Greenish Brown,Slightly Included,Heat Treated,665600.0,,13.59 x 11.19 x 7.62,Certified by Natural Sapphire Company,2025-09-08
Zircon,Brown,11.47,Mixed Brilliant Oval,Brown,Very Slightly Included,Heat Treated,745550.0,,13.45 x 10.48 x 8.19,Certified by Natural Sapphire Company,2025-09-08
Zircon,Yellowish Brown,9.55,Mixed Brilliant Oval,Yellowish Brown,Very Slightly Included,Heat Treated,620750.0,,13.94 x 11.48 x 6.42,Certified by Natural Sapphire Company,2025-09-08
Zircon,Orange,9.42,Mixed Brilliant Oval,Orange,Very Slightly Included,Heat Treated,612300.0,,13.76 x 10.77 x 6.87,Certified by Natural Sapphire Company,2025-09-08
Zircon,Brownish Green,2.7,Mixed Brilliant Round,Brownish Green,Very Slightly Included,Heat Treated,175500.0,,10.01 x 9.96 x 5.0,Certified by Natural Sapphire Company,2025-09-08
Zircon,Brown,10.5,Mixed Brilliant Oval,Brown,Very Slightly Included,Heat Treated,682500.0,,13.26 x 10.61 x 7.36,Certified by Natural Sapphire Company,2025-09-08
Aquamarine,Blue,137.23,Mixed Brilliant Cushion,Blue,Very Slightly Included,Heat Treated,16167450.0,,34.9 x 27.87 x 19.22,Certified by Natural Sapphire Company,2025-09-08
Zircon,Brown,2.23,Mixed Brilliant Oval,Brown,Very Slightly Included,No Enhancement,28925.0,,8.73 x 6.84 x 3.64,Certified by Natural Sapphire Company,2025-09-08
Zircon,Yellowish Brown,9.84,Mixed Brilliant Oval,Yellowish Brown,Very Slightly Included,Heat Treated,639600.0,,13.41 x 10.68 x 7.6,Certified by Natural Sapphire Company,2025-09-08
Garnet,Red,0.77,Mixed Brilliant Round,Red,Very Slightly Included,No Enhancement,20150.0,,6.1 x 6.08 x 2.92,Certified by Natural Sapphire Company,2025-09-08
Spinel,Purple,0.6,Mixed Brilliant Pear,Purple,Very Slightly Included,No Enhancement,23400.0,,6.6 x 4.63 x 2.98,Certified by Natural Sapphire Company,2025-09-08
Spinel,Pinkish Purple,0.76,Mixed Brilliant Cushion,Pinkish Purple,Very Slightly Included,No Enhancement,29575.0,,6.61 x 4.42 x 2.88,Certified by Natural Sapphire Company,2025-09-08
Spinel,Purple,0.45,Mixed Brilliant Cushion,Purple,Very Slightly Included,No Enhancement,17550.0,,4.62 x 4.51 x 2.78,Certified by Natural Sapphire Company,2025-09-08
Spinel,Purple,0.72,Mixed Brilliant Oval,Purple,Slightly Included,No Enhancement,18850.0,,6.39 x 5.05 x 3.11,Certified by Natural Sapphire Company,2025-09-08
Spinel,Purplish Grey,0.58,Mixed Brilliant Pear,Purplish Grey,Very Slightly Included,No Enhancement,14950.0,,6.98 x 4.58 x 2.66,Certified by Natural Sapphire Company,2025-09-08
Spinel,Violet,0.59,Mixed Brilliant Cushion,Violet,Eye Clean,No Enhancement,23075.0,,6.48 x 4.35 x 2.54,Certified by Natural Sapphire Company,2025-09-08
Spinel,Pinkish Purple,0.48,Mixed Brilliant Oval,Pinkish Purple,Very Slightly Included,No Enhancement,15600.0,,5.82 x 4.36 x 2.58,Certified by Natural Sapphire Company,2025-09-08
Spinel,Purple,0.55,Mixed Brilliant Oval,Purple,Very Slightly Included,No Enhancement,21450.0,,5.45 x 4.41 x 3.14,Certified by Natural Sapphire Company,2025-09-08
Spinel,Purple,0.92,Mixed Brilliant Oval,Purple,Very Slightly Included,No Enhancement,59800.0,,6.69 x 5.22 x 3.61,Certified by Natural Sapphire Company,2025-09-08
Spinel,Pinkish Purple,0.86,Mixed Brilliant Cushion,Pinkish Purple,Very Slightly Included,No Enhancement,33475.0,,6.5 x 4.58 x 3.08,Certified by Natural Sapphire Company,2025-09-08
Spinel,Purplish Pink,0.69,Mixed Brilliant Round,Purplish Pink,Very Slightly Included,No Enhancement,17875.0,,5.08 x 5.07 x 4.04,Certified by Natural Sapphire Company,2025-09-08
Spinel,Blue,0.35,Mixed Brilliant Oval,Blue,Slightly Included,No Enhancement,11375.0,,5.34 x 4.21 x 2.24,Certified by Natural Sapphire Company,2025-09-08
Spinel,Pink,0.5,Mixed Brilliant Cushion,Pink,Eye Clean,No Enhancement,19500.0,,5.68 x 4.37 x 2.29,Certified by Natural Sapphire Company,2025-09-08
Spinel,Purple,0.77,Mixed Brilliant Oval,Purple,Very Slightly Included,No Enhancement,39975.0,,6.05 x 4.91 x 3.63,Certified by Natural Sapphire Company,2025-09-08
Spinel,Pinkish Purple,0.76,Mixed Brilliant Oval,Pinkish Purple,Very Slightly Included,No Enhancement,39650.0,,6.45 x 4.97 x 3.08,Certified by Natural Sapphire Company,2025-09-08
Spinel,Purple,0.92,Mixed Brilliant Oval,Purple,Very Slightly Included,No Enhancement,47775.0,,7.04 x 5.47 x 3.37,Certified by Natural Sapphire Company,2025-09-08
Spinel,Purple,0.61,Mixed Brilliant Oval,Purple,Very Slightly Included,No Enhancement,31850.0,,6.21 x 4.95 x 2.78,Certified by Natural Sapphire Company,2025-09-08
Spinel,Purple,0.33,Mixed Brilliant Round,Purple,Very Slightly Included,No Enhancement,14950.0,,4.39 x 4.39 x 2.62,Certified by Natural Sapphire Company,2025-09-08
Spinel,Violet,0.78,Mixed Brilliant Cushion,Violet,Very Slightly Included,No Enhancement,40625.0,,5.1 x 4.92 x 3.78,Certified by Natural Sapphire Company,2025-09-08
Spinel,Purple,0.42,Mixed Brilliant Oval,Purple,Very Slightly Included,No Enhancement,16250.0,,5.44 x 4.04 x 2.65,Certified by Natural Sapphire Company,2025-09-08
Spinel,Purple,0.73,Mixed Brilliant Cushion,Purple,Very Slightly Included,No Enhancement,38025.0,,6.37 x 4.36 x 3.07,Certified by Natural Sapphire Company,2025-09-08
Spinel,Purple,0.74,Mixed Brilliant Oval,Purple,Very Slightly Included,No Enhancement,38350.0,,6.33 x 4.81 x 3.3,Certified by Natural Sapphire Company,2025-09-08
Spinel,Purple,0.78,Mixed Brilliant Oval,Purple,Very Slightly Included,No Enhancement,40625.0,,6.44 x 4.98 x 3.19,Certified by Natural Sapphire Company,2025-09-08
Spinel,Purple,0.51,Mixed Brilliant Oval,Purple,Very Slightly Included,No Enhancement,16575.0,,6.07 x 4.41 x 2.66,Certified by Natural Sapphire Company,2025-09-08
Spinel,Pinkish Purple,0.86,Mixed Brilliant Oval,Pinkish Purple,Slightly Included,No Enhancement,33475.0,,6.4 x 5.14 x 3.54,Certified by Natural Sapphire Company,2025-09-08
Spinel,Pinkish Purple,0.6,Mixed Brilliant Oval,Pinkish Purple,Very Slightly Included,No Enhancement,19500.0,,6.15 x 4.63 x 2.84,Certified by Natural Sapphire Company,2025-09-08
Spinel,Pinkish Purple,0.75,Mixed Brilliant Oval,Pinkish Purple,Slightly Included,No Enhancement,24375.0,,6.35 x 4.85 x 3.29,Certified by Natural Sapphire Company,2025-09-08
Spinel,Violet,0.62,Mixed Brilliant Cushion,Violet,Very Slightly Included,No Enhancement,32175.0,,5.88 x 4.64 x 2.8,Certified by Natural Sapphire Company,2025-09-08
Spinel,Purple,0.91,Mixed Brilliant Oval,Purple,Slightly Included,No Enhancement,47450.0,,6.72 x 5.27 x 3.56,Certified by Natural Sapphire Company,2025-09-08
Spinel,Purple,0.79,Mixed Brilliant Cushion,Purple,Very Slightly Included,No Enhancement,40950.0,,6.42 x 4.57 x 3.09,Certified by Natural Sapphire Company,2025-09-08
Spinel,Purplish Pink,0.48,Mixed Brilliant Oval,Purplish Pink,Very Slightly Included,No Enhancement,18850.0,,5.28 x 4.48 x 2.7,Certified by Natural Sapphire Company,2025-09-08
Spinel,Purplish Pink,0.7,Mixed Brilliant Oval,Purplish Pink,Very Slightly Included,No Enhancement,36400.0,,6.47 x 5.17 x 2.9,Certified by Natural Sapphire Company,2025-09-08
Spinel,Purple,0.79,Mixed Brilliant Oval,Purple,Very Slightly Included,No Enhancement,40950.0,,6.53 x 5.04 x 3.24,Certified by Natural Sapphire Company,2025-09-08
Spinel,Purple,0.95,Mixed Brilliant Cushion,Purple,Very Slightly Included,No Enhancement,61750.0,,5.97 x 5.51 x 3.63,Certified by Natural Sapphire Company,2025-09-08
Spinel,Pinkish Purple,0.44,Mixed Brilliant Round,Pinkish Purple,Very Slightly Included,No Enhancement,17225.0,,4.8 x 4.82 x 2.95,Certified by Natural Sapphire Company,2025-09-08
Spinel,Purple,0.7,Mixed Brilliant Oval,Purple,Slightly Included,No Enhancement,27300.0,,6.45 x 4.72 x 3.22,Certified by Natural Sapphire Company,2025-09-08
Spinel,Purplish Pink,0.73,Mixed Brilliant Oval,Purplish Pink,Very Slightly Included,No Enhancement,38025.0,,6.45 x 4.92 x 3.12,Certified by Natural Sapphire Company,2025-09-08
Spinel,Greyish Blue,0.99,Mixed Brilliant Round,Greyish Blue,Very Slightly Included,No Enhancement,64350.0,,6.43 x 6.47 x 3.57,Certified by Natural Sapphire Company,2025-09-08
Spinel,Purplish Pink,1.03,Mixed Brilliant Oval,Purplish Pink,Very Slightly Included,No Enhancement,66950.0,,7.0 x 5.51 x 3.63,Certified by Natural Sapphire Company,2025-09-08
Spinel,Violet,0.7,Mixed Brilliant Cushion,Violet,Very Slightly Included,No Enhancement,36400.0,,6.24 x 4.63 x 2.94,Certified by Natural Sapphire Company,2025-09-08
Spinel,Pinkish Purple,0.61,Mixed Brilliant Cushion,Pinkish Purple,Very Slightly Included,No Enhancement,31850.0,,5.86 x 4.63 x 2.46,Certified by Natural Sapphire Company,2025-09-08
Spinel,Purple,0.74,Mixed Brilliant Oval,Purple,Very Slightly Included,No Enhancement,38350.0,,6.27 x 5.01 x 3.2,Certified by Natural Sapphire Company,2025-09-08
Spinel,Pinkish Purple,0.39,Mixed Brilliant Round,Pinkish Purple,Eye Clean,No Enhancement,15275.0,,4.6 x 4.58 x 2.91,Certified by Natural Sapphire Company,2025-09-08
Spinel,Purple,0.61,Mixed Brilliant Round,Purple,Eye Clean,No Enhancement,31850.0,,5.22 x 5.22 x 3.34,Certified by Natural Sapphire Company,2025-09-08
Spinel,Violet,0.64,Mixed Brilliant Cushion,Violet,Very Slightly Included,No Enhancement,33150.0,,5.36 x 5.1 x 3.09,Certified by Natural Sapphire Company,2025-09-08
Spinel,Purple,0.53,Mixed Brilliant Round,Purple,Eye Clean,No Enhancement,27625.0,,5.05 x 5.06 x 2.92,Certified by Natural Sapphire Company,2025-09-08
Spinel,Purplish Pink,0.43,Mixed Brilliant Cushion,Purplish Pink,Very Slightly Included,No Enhancement,16900.0,,5.53 x 3.98 x 2.18,Certified by Natural Sapphire Company,2025-09-08
Spinel,Purplish Pink,1.03,Mixed Brilliant Cushion,Purplish Pink,Very Slightly Included,No Enhancement,66950.0,,7.54 x 5.3 x 2.84,Certified by Natural Sapphire Company,2025-09-08
Spinel,Purple,0.9,Mixed Brilliant Round,Purple,Very Slightly Included,No Enhancement,29250.0,,5.86 x 5.91 x 3.83,Certified by Natural Sapphire Company,2025-09-08
Spinel,Purple,0.36,Mixed Brilliant Round,Purple,Very Slightly Included,No Enhancement,13975.0,,4.67 x 4.72 x 2.51,Certified by Natural Sapphire Company,2025-09-08
Spinel,Purple,0.46,Mixed Brilliant Oval,Purple,Very Slightly Included,No Enhancement,17875.0,,5.53 x 4.61 x 2.49,Certified by Natural Sapphire Company,2025-09-08
Spinel,Pinkish Purple,0.69,Mixed Brilliant Cushion,Pinkish Purple,Very Slightly Included,No Enhancement,35750.0,,5.31 x 5.3 x 3.31,Certified by Natural Sapphire Company,2025-09-08
Spinel,Purple,0.53,Mixed Brilliant Pear,Purple,Very Slightly Included,No Enhancement,27625.0,,6.24 x 4.74 x 2.72,Certified by Natural Sapphire Company,2025-09-08
Spinel,Purplish Pink,0.7,Mixed Brilliant Oval,Purplish Pink,Very Slightly Included,No Enhancement,36400.0,,5.86 x 4.89 x 3.39,Certified by Natural Sapphire Company,2025-09-08
Spinel,Purplish Pink,0.99,Mixed Brilliant Oval,Purplish Pink,Eye Clean,No Enhancement,64350.0,,7.16 x 5.6 x 3.32,Certified by Natural Sapphire Company,2025-09-08
Spinel,Purplish Pink,0.94,Mixed Brilliant Oval,Purplish Pink,Eye Clean,No Enhancement,48750.0,,7.21 x 5.54 x 3.13,Certified by Natural Sapphire Company,2025-09-08
Spinel,Blue,0.6,Mixed Brilliant Oval,Blue,Very Slightly Included,No Enhancement,31200.0,,6.0 x 4.75 x 2.61,Certified by Natural Sapphire Company,2025-09-08
Spinel,Violet,0.66,Mixed Brilliant Oval,Violet,Slightly Included,No Enhancement,21450.0,,6.34 x 5.04 x 2.9,Certified by Natural Sapphire Company,2025-09-08
Spinel,Purplish Pink,0.94,Mixed Brilliant Oval,Purplish Pink,Very Slightly Included,No Enhancement,48750.0,,6.2 x 4.93 x 4.04,Certified by Natural Sapphire Company,2025-09-08
Spinel,Purple,0.47,Mixed Brilliant Cushion,Purple,Very Slightly Included,No Enhancement,18200.0,,4.89 x 4.84 x 2.66,Certified by Natural Sapphire Company,2025-09-08
Spinel,Purplish Pink,0.46,Mixed Brilliant Oval,Purplish Pink,Slightly Included,No Enhancement,14950.0,,5.45 x 4.25 x 2.81,Certified by Natural Sapphire Company,2025-09-08
Spinel,Pinkish Purple,0.96,Mixed Brilliant Oval,Pinkish Purple,Slightly Included,No Enhancement,18850.0,,7.45 x 5.58 x 3.33,Certified by Natural Sapphire Company,2025-09-08
Spinel,Purple,0.63,Mixed Brilliant Pear,Purple,Slightly Included,No Enhancement,16250.0,,7.05 x 4.75 x 2.83,Certified by Natural Sapphire Company,2025-09-08
Spinel,Purple,0.72,Mixed Brilliant Oval,Purple,Very Slightly Included,No Enhancement,37375.0,,6.13 x 4.79 x 3.13,Certified by Natural Sapphire Company,2025-09-08
Spinel,Purple,0.44,Mixed Brilliant Cushion,Purple,Very Slightly Included,No Enhancement,14300.0,,5.24 x 3.88 x 2.62,Certified by Natural Sapphire Company,2025-09-08
Spinel,Purple,0.56,Mixed Brilliant Cushion,Purple,Slightly Included,No Enhancement,21775.0,,5.47 x 3.96 x 2.92,Certified by Natural Sapphire Company,2025-09-08
Spinel,Blue,0.57,Mixed Brilliant Round,Blue,Very Slightly Included,No Enhancement,22100.0,,5.19 x 5.17 x 3.17,Certified by Natural Sapphire Company,2025-09-08
Spinel,Purple,0.82,Mixed Brilliant Oval,Purple,Slightly Included,No Enhancement,26650.0,,6.52 x 5.15 x 3.47,Certified by Natural Sapphire Company,2025-09-08
Spinel,Violet,0.47,Mixed Brilliant Cushion,Violet,Slightly Included,No Enhancement,13650.0,,5.75 x 3.89 x 2.31,Certified by Natural Sapphire Company,2025-09-08
Spinel,Bluish Green,1.03,Mixed Brilliant Cushion,Bluish Green,Very Slightly Included,No Enhancement,53625.0,,6.82 x 4.97 x 3.45,Certified by Natural Sapphire Company,2025-09-08
Spinel,Purple,1.0,Mixed Brilliant Oval,Purple,Very Slightly Included,No Enhancement,52000.0,,7.23 x 5.62 x 3.28,Certified by Natural Sapphire Company,2025-09-08
Spinel,Blue,0.84,Mixed Brilliant Round,Blue,Very Slightly Included,No Enhancement,43550.0,,5.42 x 5.46 x 4.08,Certified by Natural Sapphire Company,2025-09-08
Spinel,Blue,0.72,Mixed Brilliant Oval,Blue,Very Slightly Included,No Enhancement,27950.0,,6.4 x 4.83 x 3.28,Certified by Natural Sapphire Company,2025-09-08
Spinel,Violet,0.85,Mixed Brilliant Oval,Violet,Slightly Included,No Enhancement,27625.0,,6.84 x 5.23 x 3.35,Certified by Natural Sapphire Company,2025-09-08
Spinel,Greyish Blue,0.93,Mixed Brilliant Oval,Greyish Blue,Slightly Included,No Enhancement,36400.0,,6.95 x 5.25 x 3.4,Certified by Natural Sapphire Company,2025-09-08
Spinel,Violet,0.74,Mixed Brilliant Oval,Violet,Very Slightly Included,No Enhancement,28925.0,,6.39 x 4.8 x 3.35,Certified by Natural Sapphire Company,2025-09-08
Spinel,Blue,0.68,Mixed Brilliant Cushion,Blue,Very Slightly Included,No Enhancement,26650.0,,6.18 x 4.69 x 2.67,Certified by Natural Sapphire Company,2025-09-08
Spinel,Blue,0.8,Mixed Brilliant Cushion,Blue,Very Slightly Included,No Enhancement,20800.0,,6.54 x 4.98 x 2.87,Certified by Natural Sapphire Company,2025-09-08
Spinel,Blue,0.8,Mixed Brilliant Cushion,Blue,Very Slightly Included,No Enhancement,41600.0,,6.8 x 4.83 x 2.76,Certified by Natural Sapphire Company,2025-09-08
Spinel,Violet,0.85,Mixed Brilliant Oval,Violet,Very Slightly Included,No Enhancement,44200.0,,6.41 x 5.39 x 3.46,Certified by Natural Sapphire Company,2025-09-08
Spinel,Violet,0.72,Mixed Brilliant Round,Violet,Very Slightly Included,No Enhancement,37375.0,,5.92 x 5.95 x 3.08,Certified by Natural Sapphire Company,2025-09-08
Spinel,Violet,0.92,Mixed Brilliant Oval,Violet,Very Slightly Included,No Enhancement,47775.0,,6.66 x 5.33 x 3.36,Certified by Natural Sapphire Company,2025-09-08
Spinel,Purple,0.99,Mixed Brilliant Cushion,Purple,Very Slightly Included,No Enhancement,64350.0,,6.72 x 5.44 x 3.04,Certified by Natural Sapphire Company,2025-09-08
Spinel,Violet,0.58,Mixed Brilliant Oval,Violet,Very Slightly Included,No Enhancement,18850.0,,5.99 x 4.55 x 3.06,Certified by Natural Sapphire Company,2025-09-08
Spinel,Purple,0.71,Mixed Brilliant Oval,Purple,Very Slightly Included,No Enhancement,37050.0,,6.23 x 4.92 x 3.2,Certified by Natural Sapphire Company,2025-09-08
Spinel,Purple,1.44,Mixed Brilliant Oval,Purple,Very Slightly Included,No Enhancement,74750.0,,8.34 x 6.29 x 3.7,Certified by Natural Sapphire Company,2025-09-08
Spinel,Purple,0.42,Mixed Brilliant Oval,Purple,Slightly Included,No Enhancement,11050.0,,5.82 x 4.47 x 2.28,Certified by Natural Sapphire Company,2025-09-08
Spinel,Pink,1.23,Mixed Brilliant Oval,Pink,Very Slightly Included,No Enhancement,79950.0,,7.4 x 5.34 x 4.03,Certified by Natural Sapphire Company,2025-09-08
Spinel,Purple,1.2,Mixed Brilliant Oval,Purple,Very Slightly Included,No Enhancement,78000.0,,7.22 x 5.92 x 3.62,Certified by Natural Sapphire Company,2025-09-08
Spinel,Violet,0.54,Mixed Brilliant Cushion,Violet,Very Slightly Included,No Enhancement,21125.0,,5.7 x 4.34 x 2.69,Certified by Natural Sapphire Company,2025-09-08
Spinel,Purplish Pink,0.32,Mixed Brilliant Cushion,Purplish Pink,Eye Clean,No Enhancement,12350.0,,4.48 x 4.31 x 2.27,Certified by Natural Sapphire Company,2025-09-08
Spinel,Violet,0.64,Mixed Brilliant Oval,Violet,Very Slightly Included,No Enhancement,25025.0,,5.99 x 4.93 x 3.09,Certified by Natural Sapphire Company,2025-09-08
Spinel,Purple,0.8,Mixed Brilliant Oval,Purple,Very Slightly Included,No Enhancement,36400.0,,6.18 x 4.96 x 3.6,Certified by Natural Sapphire Company,2025-09-08
Spinel,Purplish Pink,0.55,Mixed Brilliant Oval,Purplish Pink,Very Slightly Included,No Enhancement,21450.0,,5.62 x 4.68 x 2.81,Certified by Natural Sapphire Company,2025-09-08
Spinel,Pinkish Purple,0.86,Mixed Brilliant Oval,Pinkish Purple,Very Slightly Included,No Enhancement,27950.0,,6.75 x 5.43 x 3.22,Certified by Natural Sapphire Company,2025-09-08
Spinel,Purple,0.49,Mixed Brilliant Oval,Purple,Very Slightly Included,No Enhancement,19175.0,,5.67 x 4.41 x 2.95,Certified by Natural Sapphire Company,2025-09-08
Spinel,Violet,0.85,Mixed Brilliant Cushion,Violet,Very Slightly Included,No Enhancement,33150.0,,5.53 x 5.32 x 3.7,Certified by Natural Sapphire Company,2025-09-08
Spinel,Bluish Grey,1.14,Mixed Brilliant Cushion,Bluish Grey,Very Slightly Included,No Enhancement,74100.0,,6.4 x 5.96 x 3.78,Certified by Natural Sapphire Company,2025-09-08
Spinel,Purple,0.48,Mixed Brilliant Oval,Purple,Very Slightly Included,No Enhancement,15600.0,,6.09 x 4.65 x 2.49,Certified by Natural Sapphire Company,2025-09-08
Garnet,Purplish Red,2.48,Mixed Brilliant Cushion,Purplish Red,Slightly Included,No Enhancement,112775.0,,8.05 x 7.09 x 4.99,Certified by Natural Sapphire Company,2025-09-08
Garnet,Red,0.99,Mixed Brilliant Pear,Red,Very Slightly Included,No Enhancement,32175.0,,7.72 x 5.29 x 3.31,Certified by Natural Sapphire Company,2025-09-08
Spinel,Blue,0.53,Mixed Brilliant Cushion,Blue,Very Slightly Included,No Enhancement,17225.0,,5.54 x 4.27 x 2.49,Certified by Natural Sapphire Company,2025-09-08
Garnet,Purplish Red,0.81,Mixed Brilliant Oval,Purplish Red,Very Slightly Included,No Enhancement,15925.0,,6.09 x 5.14 x 3.27,Certified by Natural Sapphire Company,2025-09-08
Garnet,Purplish Red,0.73,Mixed Brilliant Cushion,Purplish Red,Very Slightly Included,No Enhancement,14300.0,,5.42 x 4.11 x 3.53,Certified by Natural Sapphire Company,2025-09-08
Spinel,Blue,0.75,Mixed Brilliant Oval,Blue,Very Slightly Included,No Enhancement,24375.0,,6.59 x 5.17 x 3.05,Certified by Natural Sapphire Company,2025-09-08
Garnet,Red,0.84,Mixed Brilliant Oval,Red,Very Slightly Included,No Enhancement,16250.0,,6.09 x 5.06 x 3.38,Certified by Natural Sapphire Company,2025-09-08
Garnet,Orange,0.7,Mixed Brilliant Pear,Orange,Very Slightly Included,No Enhancement,13650.0,,6.17 x 5.07 x 3.12,Certified by Natural Sapphire Company,2025-09-08
Garnet,Purplish Red,0.9,Mixed Brilliant Pear,Purplish Red,Very Slightly Included,No Enhancement,23400.0,,7.12 x 5.18 x 3.48,Certified by Natural Sapphire Company,2025-09-08
Garnet,Red,0.7,Mixed Brilliant Pear,Red,Very Slightly Included,No Enhancement,13650.0,,6.08 x 5.1 x 3.12,Certified by Natural Sapphire Company,2025-09-08
Garnet,Red,1.15,Mixed Brilliant Oval,Red,Very Slightly Included,No Enhancement,37375.0,,7.01 x 5.09 x 3.58,Certified by Natural Sapphire Company,2025-09-08
Garnet,Red,1.92,Mixed Brilliant Pear,Red,Very Slightly Included,No Enhancement,62400.0,,9.33 x 6.24 x 4.58,Certified by Natural Sapphire Company,2025-09-08
Spinel,Blue,2.4,Radiant Cut Radiant,Blue,Eye Clean,Heat Treated,624000.0,,9.2 x 6.72 x 4.48,Certified by Natural Sapphire Company,2025-09-08
Chrysoberyl,Golden,1.44,Radiant Cut Radiant,Golden,Very Slightly Included,No Enhancement,97500.0,,7.17 x 6.41 x 4.16,Certified by Natural Sapphire Company,2025-09-08
Chrysoberyl,Yellowish Green,3.12,Mixed Brilliant Oval,Yellowish Green,Very Slightly Included,No Enhancement,320450.0,,11.03 x 8.33 x 4.24,Certified by Natural Sapphire Company,2025-09-08
Spinel,Bluish Purple,4.84,Mixed Brilliant Oval,Bluish Purple,Very Slightly Included,No Enhancement,752050.0,,11.66 x 9.77 x 5.67,Certified by Natural Sapphire Company,2025-09-08
Chrysoberyl,Greenish Yellow,2.84,Mixed Brilliant Oval,Greenish Yellow,Eye Clean,No Enhancement,103350.0,,9.04 x 7.6 x 4.97,Certified by Natural Sapphire Company,2025-09-08
Spinel,Purple,4.72,Mixed Brilliant Heart,Purple,Very Slightly Included,No Enhancement,650325.0,,10.75 x 10.98 x 5.32,Certified by Natural Sapphire Company,2025-09-08
Spinel,Blue,1.12,Radiant Cut Radiant,Blue,Very Slightly Included,No Enhancement,71500.0,,5.85 x 5.3 x 4.45,Certified by Natural Sapphire Company,2025-09-08
Chrysoberyl,Greenish Yellow,0.54,Mixed Brilliant Round,Greenish Yellow,Very Slightly Included,No Enhancement,24700.0,,5.27 x 5.33 x 2.78,Certified by Natural Sapphire Company,2025-09-08
Spinel,Pink,0.95,Mixed Brilliant Cushion,Pink,Very Slightly Included,No Enhancement,30875.0,,5.54 x 4.86 x 3.89,Certified by Natural Sapphire Company,2025-09-08
Zircon,Greenish Brown,2.93,Mixed Brilliant Cushion,Greenish Brown,Very Slightly Included,No Enhancement,38025.0,,8.24 x 7.35 x 5.03,Certified by Natural Sapphire Company,2025-09-08
Garnet,Red,2.8,Mixed Brilliant Cushion,Red,Slightly Included,No Enhancement,72800.0,,9.08 x 7.0 x 4.66,Certified by Natural Sapphire Company,2025-09-08
Chrysoberyl,Green,1.07,Mixed Brilliant Cushion,Green,Slightly Included,No Enhancement,260000.0,,6.21 x 6.06 x 3.41,Certified by Natural Sapphire Company,2025-09-08
Spinel,Blue,0.95,Mixed Brilliant Oval,Blue,Very Slightly Included,No Enhancement,24700.0,,6.57 x 5.16 x 3.66,Certified by Natural Sapphire Company,2025-09-08
Spinel,Pinkish Purple,1.68,Mixed Brilliant Oval,Pinkish Purple,Very Slightly Included,No Enhancement,54600.0,,8.33 x 6.73 x 4.49,Certified by Natural Sapphire Company,2025-09-08
Almandine Garnet,Red,1.39,Mixed Brilliant Oval,Red,Slightly Included,No Enhancement,45175.0,,8.31 x 6.24 x 3.59,Certified by Natural Sapphire Company,2025-09-08
Zircon,Yellowish Brown,2.22,Mixed Brilliant Cushion,Yellowish Brown,Eye Clean,No Enhancement,43225.0,,7.47 x 6.9 x 4.39,Certified by Natural Sapphire Company,2025-09-08
Spinel,Blue,0.58,Mixed Brilliant Cushion,Blue,Very Slightly Included,No Enhancement,20800.0,,5.65 x 4.72 x 2.67,Certified by Natural Sapphire Company,2025-09-08
Spinel,Blue,0.72,Mixed Brilliant Cushion,Blue,Very Slightly Included,No Enhancement,32825.0,,5.48 x 4.27 x 3.74,Certified by Natural Sapphire Company,2025-09-08
Zircon,Brownish Green,1.34,Mixed Brilliant Oval,Brownish Green,Very Slightly Included,No Enhancement,21775.0,,6.84 x 5.79 x 3.59,Certified by Natural Sapphire Company,2025-09-08
Spinel,Brown,0.6,Mixed Brilliant Oval,Brown,Very Slightly Included,No Enhancement,19500.0,,5.02 x 4.19 x 3.03,Certified by Natural Sapphire Company,2025-09-08
Hessonite Garnet,Orange,1.5,Mixed Brilliant Round,Orange,Very Slightly Included,No Enhancement,39000.0,,7.25 x 7.08 x 4.04,Certified by Natural Sapphire Company,2025-09-08
Hessonite Garnet,Orange,1.12,Mixed Brilliant Round,Orange,Very Slightly Included,No Enhancement,29250.0,,6.48 x 6.46 x 3.95,Certified by Natural Sapphire Company,2025-09-08
Spinel,Purple,1.13,Mixed Brilliant Cushion,Purple,Very Slightly Included,No Enhancement,36725.0,,6.44 x 5.51 x 3.57,Certified by Natural Sapphire Company,2025-09-08
Hessonite Garnet,Orange,1.19,Mixed Brilliant Round,Orange,Very Slightly Included,No Enhancement,30875.0,,6.37 x 6.44 x 3.89,Certified by Natural Sapphire Company,2025-09-08
Chrysoberyl,Yellowish Green,0.86,Mixed Brilliant Pear,Yellowish Green,Very Slightly Included,No Enhancement,33475.0,,6.85 x 5.07 x 3.07,Certified by Natural Sapphire Company,2025-09-08
Hessonite Garnet,Orange,1.15,Mixed Brilliant Round,Orange,Very Slightly Included,No Enhancement,29900.0,,6.6 x 6.42 x 3.82,Certified by Natural Sapphire Company,2025-09-08
Hessonite Garnet,Orange,1.35,Mixed Brilliant Round,Orange,Very Slightly Included,No Enhancement,35100.0,,6.49 x 6.6 x 4.2,Certified by Natural Sapphire Company,2025-09-08
Hessonite Garnet,Orange,1.33,Mixed Brilliant Round,Orange,Slightly Included,No Enhancement,34450.0,,6.6 x 6.47 x 4.27,Certified by Natural Sapphire Company,2025-09-08
Hessonite Garnet,Orange,1.37,Mixed Brilliant Round,Orange,Very Slightly Included,No Enhancement,35750.0,,6.53 x 6.53 x 4.87,Certified by Natural Sapphire Company,2025-09-08
Hessonite Garnet,Orange,0.89,Mixed Brilliant Round,Orange,Very Slightly Included,No Enhancement,23075.0,,6.14 x 6.15 x 3.27,Certified by Natural Sapphire Company,2025-09-08
Hessonite Garnet,Orange,1.33,Mixed Brilliant Oval,Orange,Very Slightly Included,No Enhancement,26000.0,,7.0 x 6.6 x 4.02,Certified by Natural Sapphire Company,2025-09-08
Hessonite Garnet,Orange,0.99,Mixed Brilliant Round,Orange,Very Slightly Included,No Enhancement,25675.0,,6.06 x 6.29 x 3.72,Certified by Natural Sapphire Company,2025-09-08
Hessonite Garnet,Orange,1.15,Mixed Brilliant Oval,Orange,Very Slightly Included,No Enhancement,29900.0,,6.75 x 6.17 x 3.76,Certified by Natural Sapphire Company,2025-09-08
Hessonite Garnet,Orange,1.59,Mixed Brilliant Round,Orange,Very Slightly Included,No Enhancement,41275.0,,7.24 x 7.33 x 4.18,Certified by Natural Sapphire Company,2025-09-08
Hessonite Garnet,Orange,1.37,Mixed Brilliant Round,Orange,Slightly Included,No Enhancement,35750.0,,6.64 x 6.63 x 4.4,Certified by Natural Sapphire Company,2025-09-08
Garnet,Purplish Pink,3.63,Mixed Brilliant Oval,Purplish Pink,Very Slightly Included,No Enhancement,117975.0,,11.39 x 7.89 x 4.86,Certified by Natural Sapphire Company,2025-09-08
Garnet,Purplish Red,3.33,Trillion Cut Trillion,Purplish Red,Eye Clean,No Enhancement,86450.0,,8.78 x 10.24 x 5.21,Certified by Natural Sapphire Company,2025-09-08
Spinel,Purple,2.56,Mixed Brilliant Oval,Purple,Very Slightly Included,Heat Treated,499200.0,,10.13 x 7.48 x 4.27,Certified by Natural Sapphire Company,2025-09-08
Garnet,Pinkish Purple,5.2,Mixed Brilliant Cushion,Pinkish Purple,Very Slightly Included,No Enhancement,118300.0,,9.68 x 9.08 x 6.52,Certified by Natural Sapphire Company,2025-09-08
Rubellite Tourmaline,Pinkish Red,2.28,Mixed Brilliant Pear,Pinkish Red,Very Slightly Included,Heat Treated,444600.0,,11.42 x 6.79 x 4.85,Certified by Natural Sapphire Company,2025-09-08
Rubellite Tourmaline,Pinkish Red,1.65,Mixed Brilliant Pear,Pinkish Red,Very Slightly Included,Heat Treated,300300.0,,10.02 x 6.66 x 4.45,Certified by Natural Sapphire Company,2025-09-08
Rubellite Tourmaline,Pinkish Red,2.88,Mixed Brilliant Pear,Pinkish Red,Very Slightly Included,Heat Treated,561600.0,,13.91 x 7.02 x 4.87,Certified by Natural Sapphire Company,2025-09-08
Garnet,Purplish Red,3.63,Mixed Brilliant Oval,Purplish Red,Very Slightly Included,No Enhancement,94250.0,,10.37 x 8.83 x 4.68,Certified by Natural Sapphire Company,2025-09-08
Garnet,Red,4.29,Mixed Brilliant Pear,Red,Very Slightly Included,No Enhancement,111475.0,,9.6 x 9.78 x 6.48,Certified by Natural Sapphire Company,2025-09-08
Garnet,Red,4.27,Mixed Brilliant Pear,Red,Included,No Enhancement,97175.0,,9.94 x 11.67 x 4.85,Certified by Natural Sapphire Company,2025-09-08
Hessonite Garnet,Golden Brown,9.79,Mixed Brilliant Cushion,Golden Brown,Very Slightly Included,Heat Treated,318175.0,,15.69 x 9.13 x 7.22,Certified by Natural Sapphire Company,2025-09-08
Hessonite Garnet,Golden Brown,7.56,Mixed Brilliant Cushion,Golden Brown,Very Slightly Included,Heat Treated,245700.0,,15.08 x 8.91 x 5.39,Certified by Natural Sapphire Company,2025-09-08
Hessonite Garnet,Golden Brown,7.31,Mixed Brilliant Cushion,Golden Brown,Very Slightly Included,Heat Treated,237575.0,,12.93 x 10.7 x 5.75,Certified by Natural Sapphire Company,2025-09-08
Hessonite Garnet,Golden Brown,4.42,Mixed Brilliant Cushion,Golden Brown,Very Slightly Included,Heat Treated,143650.0,,10.98 x 8.34 x 5.2,Certified by Natural Sapphire Company,2025-09-08
Hessonite Garnet,Golden Brown,3.84,Mixed Brilliant Cushion,Golden Brown,Slightly Included,Heat Treated,124800.0,,10.36 x 8.54 x 5.21,Certified by Natural Sapphire Company,2025-09-08
Hessonite Garnet,Golden Brown,6.79,Mixed Brilliant Cushion,Golden Brown,Very Slightly Included,Heat Treated,220675.0,,13.41 x 10.19 x 6.05,Certified by Natural Sapphire Company,2025-09-08
Hessonite Garnet,Golden Brown,4.36,Mixed Brilliant Cushion,Golden Brown,Very Slightly Included,Heat Treated,141700.0,,11.28 x 8.37 x 5.07,Certified by Natural Sapphire Company,2025-09-08
Hessonite Garnet,Golden Brown,5.33,Modified Brilliant Cushion,Golden Brown,Very Slightly Included,Heat Treated,173225.0,,11.13 x 8.83 x 5.85,Certified by Natural Sapphire Company,2025-09-08
Hessonite Garnet,Golden Brown,5.36,Mixed Brilliant Cushion,Golden Brown,Slightly Included,Heat Treated,174200.0,,10.55 x 10.02 x 5.68,Certified by Natural Sapphire Company,2025-09-08
Hessonite Garnet,Golden Brown,4.73,Mixed Brilliant Cushion,Golden Brown,Very Slightly Included,Heat Treated,153725.0,,12.21 x 8.78 x 4.61,Certified by Natural Sapphire Company,2025-09-08
Hessonite Garnet,Golden Brown,4.28,Mixed Brilliant Cushion,Golden Brown,Very Slightly Included,Heat Treated,139100.0,,11.48 x 8.29 x 4.56,Certified by Natural Sapphire Company,2025-09-08
Hessonite Garnet,Golden Brown,4.23,Mixed Brilliant Cushion,Golden Brown,Very Slightly Included,Heat Treated,137475.0,,10.83 x 7.19 x 5.72,Certified by Natural Sapphire Company,2025-09-08
Hessonite Garnet,Golden Brown,4.58,Mixed Brilliant Cushion,Golden Brown,Slightly Included,Heat Treated,148850.0,,11.23 x 8.82 x 4.95,Certified by Natural Sapphire Company,2025-09-08
Hessonite Garnet,Golden Brown,4.53,Mixed Brilliant Cushion,Golden Brown,Slightly Included,Heat Treated,147225.0,,12.26 x 7.6 x 4.86,Certified by Natural Sapphire Company,2025-09-08
Zircon,Yellowish Brown,2.33,Mixed Brilliant Oval,Yellowish Brown,Very Slightly Included,No Enhancement,30225.0,,8.29 x 6.82 x 4.46,Certified by Natural Sapphire Company,2025-09-08
Hessonite Garnet,Golden Brown,4.89,Mixed Brilliant Cushion,Golden Brown,Very Slightly Included,Heat Treated,158925.0,,11.62 x 8.91 x 4.81,Certified by Natural Sapphire Company,2025-09-08
Hessonite Garnet,Golden Brown,8.12,Mixed Brilliant Cushion,Golden Brown,Slightly Included,Heat Treated,263900.0,,11.87 x 11.23 x 6.07,Certified by Natural Sapphire Company,2025-09-08
Hessonite Garnet,Golden Brown,6.98,Mixed Brilliant Cushion,Golden Brown,Slightly Included,Heat Treated,226850.0,,12.58 x 9.87 x 5.92,Certified by Natural Sapphire Company,2025-09-08
Hessonite Garnet,Golden Brown,6.55,Mixed Brilliant Cushion,Golden Brown,Slightly Included,Heat Treated,212875.0,,13.01 x 8.61 x 6.22,Certified by Natural Sapphire Company,2025-09-08
Hessonite Garnet,Golden Brown,6.81,Mixed Brilliant Cushion,Golden Brown,Very Slightly Included,Heat Treated,221325.0,,12.85 x 10.65 x 5.38,Certified by Natural Sapphire Company,2025-09-08
Hessonite Garnet,Golden Brown,4.25,Mixed Brilliant Cushion,Golden Brown,Slightly Included,Heat Treated,138125.0,,11.09 x 8.25 x 5.32,Certified by Natural Sapphire Company,2025-09-08
Hessonite Garnet,Golden Brown,4.79,Mixed Brilliant Marquise,Golden Brown,Very Slightly Included,Heat Treated,155675.0,,15.62 x 7.82 x 5.04,Certified by Natural Sapphire Company,2025-09-08
Hessonite Garnet,Golden Brown,3.94,Mixed Brilliant Marquise,Golden Brown,Very Slightly Included,Heat Treated,128050.0,,13.9 x 7.47 x 4.68,Certified by Natural Sapphire Company,2025-09-08
Hessonite Garnet,Golden Brown,4.91,Trillion Cut Trillion,Golden Brown,Very Slightly Included,Heat Treated,159575.0,,11.06 x 13.24 x 4.8,Certified by Natural Sapphire Company,2025-09-08
Hessonite Garnet,Golden Brown,4.31,Mixed Brilliant Marquise,Golden Brown,Very Slightly Included,Heat Treated,140075.0,,13.71 x 8.64 x 4.78,Certified by Natural Sapphire Company,2025-09-08
Hessonite Garnet,Golden Brown,4.4,Trillion Cut Trillion,Golden Brown,Very Slightly Included,Heat Treated,143000.0,,10.03 x 13.57 x 4.72,Certified by Natural Sapphire Company,2025-09-08
Hessonite Garnet,Golden Brown,5.43,Mixed Brilliant Trillion,Golden Brown,Eye Clean,Heat Treated,176475.0,,10.1 x 13.86 x 5.59,Certified by Natural Sapphire Company,2025-09-08
Hessonite Garnet,Golden Brown,4.94,Mixed Brilliant Trillion,Golden Brown,Very Slightly Included,Heat Treated,160550.0,,10.37 x 13.74 x 5.44,Certified by Natural Sapphire Company,2025-09-08
Hessonite Garnet,Golden Brown,4.15,Trillion Cut Trillion,Golden Brown,Very Slightly Included,Heat Treated,134875.0,,9.76 x 11.62 x 5.59,Certified by Natural Sapphire Company,2025-09-08
Hessonite Garnet,Golden Brown,4.55,Trillion Cut Trillion,Golden Brown,Very Slightly Included,Heat Treated,147875.0,,9.86 x 13.22 x 4.72,Certified by Natural Sapphire Company,2025-09-08
Hessonite Garnet,Golden Brown,4.31,Trillion Cut Trillion,Golden Brown,Very Slightly Included,Heat Treated,140075.0,,9.37 x 12.96 x 5.36,Certified by Natural Sapphire Company,2025-09-08
Hessonite Garnet,Golden Brown,4.01,Trillion Cut Trillion,Golden Brown,Very Slightly Included,Heat Treated,130325.0,,9.18 x 11.21 x 5.01,Certified by Natural Sapphire Company,2025-09-08
Hessonite Garnet,Golden Brown,6.4,Mixed Brilliant Fancy,Golden Brown,Very Slightly Included,Heat Treated,208000.0,,10.96 x 13.74 x 5.89,Certified by Natural Sapphire Company,2025-09-08
Hessonite Garnet,Golden Brown,5.14,Trillion Cut Trillion,Golden Brown,Slightly Included,Heat Treated,167050.0,,11.02 x 10.94 x 5.84,Certified by Natural Sapphire Company,2025-09-08
Hessonite Garnet,Golden Brown,5.53,Trillion Cut Trillion,Golden Brown,Slightly Included,Heat Treated,179725.0,,10.85 x 12.95 x 5.72,Certified by Natural Sapphire Company,2025-09-08
Hessonite Garnet,Golden Brown,4.44,Trillion Cut Trillion,Golden Brown,Very Slightly Included,Heat Treated,144300.0,,9.94 x 11.95 x 5.19,Certified by Natural Sapphire Company,2025-09-08
Spinel,Blue,3.05,Mixed Brilliant Cushion,Blue,Very Slightly Included,No Enhancement,1202825.0,,9.94 x 8.17 x 5.23,Certified by Natural Sapphire Company,2025-09-08
Topaz,Pink,3.72,Checkerboard Round,Pink,Very Slightly Included,Vapor-Infused Coating,12025.0,,9.21 x 9.2 x 6.77,Certified by Natural Sapphire Company,2025-09-08
Spinel,Pink,1.43,Mixed Brilliant Oval,Pink,Slightly Included,No Enhancement,511225.0,,7.97 x 5.84 x 4.17,Certified by Natural Sapphire Company,2025-09-08
Spinel,Purple,3.2,Mixed Brilliant Oval,Purple,Very Slightly Included,No Enhancement,1040000.0,,10.98 x 8.66 x 4.54,Certified by Natural Sapphire Company,2025-09-08
Topaz,Pink,3.19,Checkerboard Round,Pink,Very Slightly Included,Vapor-Infused Coating,10400.0,,9.06 x 9.08 x 6.06,Certified by Natural Sapphire Company,2025-09-08
Topaz,Pink,3.53,Checkerboard Round,Pink,Very Slightly Included,Vapor-Infused Coating,11375.0,,9.14 x 9.15 x 6.24,Certified by Natural Sapphire Company,2025-09-08
Topaz,Pink,3.57,Checkerboard Round,Pink,Very Slightly Included,Vapor-Infused Coating,11700.0,,9.09 x 9.08 x 6.37,Certified by Natural Sapphire Company,2025-09-08
Topaz,Pink,3.1,Checkerboard Round,Pink,Very Slightly Included,Vapor-Infused Coating,10075.0,,8.78 x 8.78 x 5.97,Certified by Natural Sapphire Company,2025-09-08
Topaz,Pink,3.11,Checkerboard Round,Pink,Very Slightly Included,Vapor-Infused Coating,10075.0,,9.19 x 9.18 x 5.85,Certified by Natural Sapphire Company,2025-09-08
Topaz,Pink,3.34,Checkerboard Round,Pink,Very Slightly Included,Vapor-Infused Coating,10725.0,,9.18 x 9.15 x 6.02,Certified by Natural Sapphire Company,2025-09-08
Topaz,Pink,3.24,Checkerboard Round,Pink,Very Slightly Included,Vapor-Infused Coating,10400.0,,9.08 x 9.02 x 6.0,Certified by Natural Sapphire Company,2025-09-08
Topaz,Pink,3.13,Checkerboard Round,Pink,Very Slightly Included,Vapor-Infused Coating,10075.0,,9.0 x 9.0 x 6.0,Certified by Natural Sapphire Company,2025-09-08
Topaz,Pink,3.29,Checkerboard Round,Pink,Very Slightly Included,Vapor-Infused Coating,10725.0,,9.05 x 9.08 x 6.02,Certified by Natural Sapphire Company,2025-09-08
Zircon,Green,1.37,Mixed Brilliant Round,Green,Slightly Included,No Enhancement,13325.0,,6.54 x 6.54 x 4.51,Certified by Natural Sapphire Company,2025-09-08
Topaz,Pink,1.73,Checkerboard Oval,Pink,Very Slightly Included,Vapor-Infused Coating,4550.0,,7.99 x 6.15 x 4.8,Certified by Natural Sapphire Company,2025-09-08
Topaz,Pink,3.24,Checkerboard Round,Pink,Very Slightly Included,Vapor-Infused Coating,10400.0,,9.08 x 9.07 x 6.05,Certified by Natural Sapphire Company,2025-09-08
Topaz,Pink,3.9,Checkerboard Cushion,Pink,Very Slightly Included,Vapor-Infused Coating,15275.0,,10.2 x 8.21 x 5.78,Certified by Natural Sapphire Company,2025-09-08
Topaz,Pink,3.95,Checkerboard Cushion,Pink,Very Slightly Included,Vapor-Infused Coating,15275.0,,10.12 x 8.14 x 6.11,Certified by Natural Sapphire Company,2025-09-08
Topaz,Pink,2.62,Checkerboard Round,Pink,Very Slightly Included,Vapor-Infused Coating,8450.0,,8.85 x 8.78 x 5.42,Certified by Natural Sapphire Company,2025-09-08
Topaz,Pink,3.4,Checkerboard Round,Pink,Very Slightly Included,Vapor-Infused Coating,11050.0,,9.08 x 9.07 x 6.41,Certified by Natural Sapphire Company,2025-09-08
Topaz,Pink,3.77,Checkerboard Cushion,Pink,Very Slightly Included,Vapor-Infused Coating,14625.0,,10.21 x 8.08 x 5.91,Certified by Natural Sapphire Company,2025-09-08
Topaz,Pink,2.99,Checkerboard Round,Pink,Very Slightly Included,Vapor-Infused Coating,9750.0,,9.12 x 9.08 x 5.64,Certified by Natural Sapphire Company,2025-09-08
Topaz,Pink,2.94,Checkerboard Round,Pink,Very Slightly Included,Vapor-Infused Coating,9425.0,,8.51 x 8.64 x 5.97,Certified by Natural Sapphire Company,2025-09-08
Topaz,Pink,3.42,Checkerboard Cushion,Pink,Very Slightly Included,Vapor-Infused Coating,13325.0,,10.05 x 7.97 x 4.94,Certified by Natural Sapphire Company,2025-09-08
Topaz,Pink,1.49,Checkerboard Oval,Pink,Very Slightly Included,Vapor-Infused Coating,3900.0,,7.94 x 5.97 x 4.54,Certified by Natural Sapphire Company,2025-09-08
Hessonite Garnet,Golden Brown,3.41,Mixed Brilliant Cushion,Golden Brown,Very Slightly Included,Heat Treated,110825.0,,9.57 x 7.08 x 5.25,Certified by Natural Sapphire Company,2025-09-08
Zircon,Yellowish Brown,1.88,Radiant Cut Radiant,Yellowish Brown,Very Slightly Included,No Enhancement,15925.0,,8.31 x 5.5 x 3.7,Certified by Natural Sapphire Company,2025-09-08
Rhodolite Garnet,Reddish Purple,3.39,Mixed Brilliant Cushion,Reddish Purple,Very Slightly Included,No Enhancement,172900.0,,8.0 x 7.77 x 5.71,Certified by Natural Sapphire Company,2025-09-08
Topaz,Pink,2.06,Checkerboard Oval,Pink,Very Slightly Included,Vapor-Infused Coating,5200.0,,9.06 x 6.96 x 4.87,Certified by Natural Sapphire Company,2025-09-08
Topaz,Pink,1.58,Checkerboard Oval,Pink,Very Slightly Included,Vapor-Infused Coating,4225.0,,8.07 x 6.0 x 4.5,Certified by Natural Sapphire Company,2025-09-08
Hessonite Garnet,Orange,1.21,Mixed Brilliant Round,Orange,Very Slightly Included,No Enhancement,31525.0,,6.52 x 6.61 x 4.09,Certified by Natural Sapphire Company,2025-09-08
Hessonite Garnet,Orange,1.1,Mixed Brilliant Round,Orange,Very Slightly Included,No Enhancement,28600.0,,6.18 x 6.11 x 3.96,Certified by Natural Sapphire Company,2025-09-08
Topaz,Pink,1.48,Checkerboard Oval,Pink,Very Slightly Included,Vapor-Infused Coating,3900.0,,8.15 x 6.21 x 4.06,Certified by Natural Sapphire Company,2025-09-08
Garnet,Red,11.9,Mixed Brilliant Cushion,Red,Eye Clean,No Enhancement,873925.0,,14.03 x 12.22 x 8.52,Certified by Natural Sapphire Company,2025-09-08
Zircon,Orange,1.9,Mixed Brilliant Cushion,Orange,Very Slightly Included,Heat Treated,55575.0,,6.71 x 5.85 x 4.15,Certified by Natural Sapphire Company,2025-09-08
Zircon,Brownish Orange,2.35,Mixed Brilliant Oval,Brownish Orange,Slightly Included,Heat Treated,68900.0,,7.83 x 6.26 x 4.36,Certified by Natural Sapphire Company,2025-09-08
Zircon,Red,2.19,Mixed Brilliant Cushion,Red,Very Slightly Included,Heat Treated,64025.0,,8.8 x 7.49 x 3.61,Certified by Natural Sapphire Company,2025-09-08
Zircon,Orange,2.38,Mixed Brilliant Cushion,Orange,Very Slightly Included,Heat Treated,69550.0,,7.19 x 6.82 x 4.29,Certified by Natural Sapphire Company,2025-09-08
Spinel,Violet,1.87,Mixed Brilliant Pear,Violet,Very Slightly Included,No Enhancement,121550.0,,7.55 x 8.12 x 3.99,Certified by Natural Sapphire Company,2025-09-08
Moonstone,Grey,11.54,Cabochon Oval,Grey,Very Very Slightly Included,No Enhancement,37375.0,,15.29 x 12.74 x 8.32,Certified by Natural Sapphire Company,2025-09-08
Spinel,Pinkish Purple,2.55,Mixed Brilliant Round,Pinkish Purple,Very Slightly Included,No Enhancement,165750.0,,8.47 x 8.34 x 4.7,Certified by Natural Sapphire Company,2025-09-08
Zircon,Brownish Orange,2.57,Mixed Brilliant Cushion,Brownish Orange,Very Slightly Included,Heat Treated,75075.0,,7.31 x 7.05 x 4.76,Certified by Natural Sapphire Company,2025-09-08
Spinel,Blue,1.67,Mixed Brilliant Oval,Blue,Very Slightly Included,No Enhancement,108550.0,,8.89 x 6.13 x 4.31,Certified by Natural Sapphire Company,2025-09-08
Zircon,Brown,3.3,Radiant Cut Radiant,Brown,Very Slightly Included,No Enhancement,42900.0,,8.74 x 7.13 x 4.88,Certified by Natural Sapphire Company,2025-09-08
Zircon,Pinkish Brown,2.18,Mixed Brilliant Cushion,Pinkish Brown,Very Slightly Included,Heat Treated,63700.0,,7.29 x 5.98 x 4.83,Certified by Natural Sapphire Company,2025-09-08
Zircon,Orangish Brown,1.81,Mixed Brilliant Cushion,Orangish Brown,Very Slightly Included,Heat Treated,52975.0,,6.81 x 6.71 x 3.61,Certified by Natural Sapphire Company,2025-09-08
Spinel,Blue,1.06,Mixed Brilliant Cushion,Blue,Very Slightly Included,No Enhancement,68900.0,,7.2 x 4.92 x 3.4,Certified by Natural Sapphire Company,2025-09-08
Garnet,Red,1.49,Mixed Brilliant Oval,Red,Very Slightly Included,Heat Treated,28925.0,,8.04 x 6.11 x 3.76,Certified by Natural Sapphire Company,2025-09-08
Zircon,Brownish Orange,2.73,Mixed Brilliant Cushion,Brownish Orange,Very Slightly Included,Heat Treated,79950.0,,8.05 x 6.79 x 4.46,Certified by Natural Sapphire Company,2025-09-08
Tourmaline,Green,2.59,Mixed Brilliant Cushion,Green,Very Slightly Included,Heat Treated,168350.0,,9.21 x 6.51 x 4.46,Certified by Natural Sapphire Company,2025-09-08
Garnet,Red,1.53,Mixed Brilliant Oval,Red,Very Slightly Included,Heat Treated,29900.0,,8.16 x 6.12 x 3.59,Certified by Natural Sapphire Company,2025-09-08
Zircon,Pinkish Brown,2.18,Mixed Brilliant Cushion,Pinkish Brown,Very Slightly Included,Heat Treated,63700.0,,6.84 x 6.63 x 4.3,Certified by Natural Sapphire Company,2025-09-08
Zircon,Brown,2.45,Mixed Brilliant Cushion,Brown,Very Slightly Included,Heat Treated,71825.0,,7.17 x 7.01 x 4.24,Certified by Natural Sapphire Company,2025-09-08
Zircon,Pinkish Brown,1.51,Mixed Brilliant Cushion,Pinkish Brown,Very Slightly Included,Heat Treated,44200.0,,8.19 x 5.33 x 2.92,Certified by Natural Sapphire Company,2025-09-08
Zircon,Pinkish Brown,1.76,Mixed Brilliant Cushion,Pinkish Brown,Very Slightly Included,Heat Treated,51350.0,,6.81 x 6.27 x 3.45,Certified by Natural Sapphire Company,2025-09-08
Zircon,Brownish Orange,2.22,Mixed Brilliant Cushion,Brownish Orange,Very Slightly Included,Heat Treated,65000.0,,6.99 x 6.44 x 4.27,Certified by Natural Sapphire Company,2025-09-08
Zircon,Brownish Orange,2.31,Mixed Brilliant Cushion,Brownish Orange,Very Slightly Included,Heat Treated,67600.0,,7.95 x 6.39 x 3.78,Certified by Natural Sapphire Company,2025-09-08
Zircon,Pinkish Brown,1.98,Mixed Brilliant Cushion,Pinkish Brown,Very Slightly Included,Heat Treated,57850.0,,7.58 x 6.52 x 3.77,Certified by Natural Sapphire Company,2025-09-08
Zircon,Brownish Orange,2.06,Mixed Brilliant Cushion,Brownish Orange,Very Slightly Included,Heat Treated,60125.0,,7.09 x 6.47 x 4.43,Certified by Natural Sapphire Company,2025-09-08
Zircon,Brownish Orange,2.27,Mixed Brilliant Cushion,Brownish Orange,Very Slightly Included,Heat Treated,66300.0,,9.08 x 5.25 x 4.04,Certified by Natural Sapphire Company,2025-09-08
Zircon,Brown,1.99,Mixed Brilliant Cushion,Brown,Very Slightly Included,Heat Treated,58175.0,,7.72 x 6.08 x 3.79,Certified by Natural Sapphire Company,2025-09-08
Zircon,Brown,2.27,Mixed Brilliant Cushion,Brown,Very Slightly Included,Heat Treated,66300.0,,7.39 x 6.46 x 4.03,Certified by Natural Sapphire Company,2025-09-08
Zircon,Pinkish Brown,2.14,Mixed Brilliant Cushion,Pinkish Brown,Very Slightly Included,Heat Treated,62725.0,,7.21 x 6.61 x 3.81,Certified by Natural Sapphire Company,2025-09-08
Zircon,Orange,1.98,Mixed Brilliant Cushion,Orange,Very Slightly Included,Heat Treated,57850.0,,6.82 x 6.54 x 3.81,Certified by Natural Sapphire Company,2025-09-08
Zircon,Brownish Orange,2.61,Mixed Brilliant Cushion,Brownish Orange,Very Slightly Included,Heat Treated,76375.0,,7.46 x 7.43 x 4.31,Certified by Natural Sapphire Company,2025-09-08
Zircon,Brown,1.5,Mixed Brilliant Cushion,Brown,Very Slightly Included,Heat Treated,43875.0,,8.03 x 5.57 x 2.87,Certified by Natural Sapphire Company,2025-09-08
Zircon,Brownish Orange,1.97,Mixed Brilliant Cushion,Brownish Orange,Very Slightly Included,Heat Treated,57525.0,,8.22 x 5.38 x 4.03,Certified by Natural Sapphire Company,2025-09-08
Zircon,Purplish Red,2.07,Mixed Brilliant Oval,Purplish Red,Very Slightly Included,Heat Treated,60450.0,,8.58 x 6.36 x 3.44,Certified by Natural Sapphire Company,2025-09-08
Zircon,Orangish Brown,1.74,Mixed Brilliant Cushion,Orangish Brown,Very Slightly Included,Heat Treated,51025.0,,7.65 x 5.55 x 3.74,Certified by Natural Sapphire Company,2025-09-08
Zircon,Orange,2.33,Mixed Brilliant Cushion,Orange,Very Slightly Included,Heat Treated,68250.0,,7.82 x 5.64 x 4.94,Certified by Natural Sapphire Company,2025-09-08
Zircon,Pinkish Brown,1.92,Mixed Brilliant Cushion,Pinkish Brown,Very Slightly Included,Heat Treated,56225.0,,6.91 x 6.44 x 3.54,Certified by Natural Sapphire Company,2025-09-08
Zircon,Brown,1.98,Mixed Brilliant Cushion,Brown,Very Slightly Included,Heat Treated,57850.0,,8.11 x 5.91 x 3.58,Certified by Natural Sapphire Company,2025-09-08
Zircon,Pinkish Brown,1.88,Mixed Brilliant Cushion,Pinkish Brown,Very Slightly Included,Heat Treated,54925.0,,8.8 x 5.72 x 3.47,Certified by Natural Sapphire Company,2025-09-08
Zircon,Purplish Red,2.54,Mixed Brilliant Cushion,Purplish Red,Very Slightly Included,Heat Treated,74425.0,,8.24 x 7.12 x 3.89,Certified by Natural Sapphire Company,2025-09-08
Zircon,Brown,1.89,Mixed Brilliant Cushion,Brown,Very Slightly Included,Heat Treated,55250.0,,8.15 x 5.68 x 3.62,Certified by Natural Sapphire Company,2025-09-08
Zircon,Pinkish Brown,1.8,Mixed Brilliant Oval,Pinkish Brown,Very Slightly Included,Heat Treated,52650.0,,8.19 x 6.03 x 3.46,Certified by Natural Sapphire Company,2025-09-08
Zircon,Pinkish Brown,1.99,Mixed Brilliant Cushion,Pinkish Brown,Very Slightly Included,Heat Treated,58175.0,,7.5 x 6.43 x 3.6,Certified by Natural Sapphire Company,2025-09-08
Zircon,Brownish Orange,2.12,Mixed Brilliant Oval,Brownish Orange,Very Slightly Included,Heat Treated,62075.0,,8.91 x 6.3 x 3.6,Certified by Natural Sapphire Company,2025-09-08
Zircon,Orangish Brown,1.51,Mixed Brilliant Oval,Orangish Brown,Very Slightly Included,Heat Treated,44200.0,,7.84 x 5.73 x 3.24,Certified by Natural Sapphire Company,2025-09-08
Zircon,Brownish Orange,1.99,Mixed Brilliant Oval,Brownish Orange,Very Slightly Included,Heat Treated,58175.0,,8.41 x 6.05 x 3.8,Certified by Natural Sapphire Company,2025-09-08
Zircon,Brown,2.22,Mixed Brilliant Oval,Brown,Very Slightly Included,Heat Treated,65000.0,,8.13 x 6.45 x 3.98,Certified by Natural Sapphire Company,2025-09-08
Zircon,Pinkish Brown,2.05,Mixed Brilliant Oval,Pinkish Brown,Very Slightly Included,Heat Treated,60125.0,,7.94 x 6.32 x 3.83,Certified by Natural Sapphire Company,2025-09-08
Zircon,Orangish Brown,2.03,Mixed Brilliant Oval,Orangish Brown,Very Slightly Included,Heat Treated,59475.0,,8.68 x 5.98 x 3.5,Certified by Natural Sapphire Company,2025-09-08
Zircon,Orangish Brown,2.01,Mixed Brilliant Oval,Orangish Brown,Very Slightly Included,Heat Treated,58825.0,,7.66 x 6.32 x 4.06,Certified by Natural Sapphire Company,2025-09-08
Citrine,Yellowish Orange,4.91,Mixed Brilliant Marquise,Yellowish Orange,Very Slightly Included,Heat Treated,38350.0,,18.25 x 8.81 x 5.6,Certified by Natural Sapphire Company,2025-09-08
Zircon,Orangish Brown,2.33,Mixed Brilliant Oval,Orangish Brown,Very Slightly Included,Heat Treated,68250.0,,7.79 x 6.59 x 4.34,Certified by Natural Sapphire Company,2025-09-08
Zircon,Orange,2.14,Mixed Brilliant Oval,Orange,Very Slightly Included,Heat Treated,62725.0,,7.89 x 6.14 x 4.68,Certified by Natural Sapphire Company,2025-09-08
Zircon,Pinkish Brown,1.78,Mixed Brilliant Oval,Pinkish Brown,Very Slightly Included,Heat Treated,52000.0,,8.37 x 6.23 x 3.39,Certified by Natural Sapphire Company,2025-09-08
Garnet,Red,1.96,Checkerboard Trillion,Red,Very Slightly Included,Heat Treated,31850.0,,8.07 x 8.01 x 4.44,Certified by Natural Sapphire Company,2025-09-08
Garnet,Red,1.85,Checkerboard Trillion,Red,Very Slightly Included,Heat Treated,30225.0,,8.02 x 8.26 x 4.13,Certified by Natural Sapphire Company,2025-09-08
Garnet,Red,2.39,Checkerboard Trillion,Red,Very Slightly Included,Heat Treated,39000.0,,8.15 x 8.22 x 5.1,Certified by Natural Sapphire Company,2025-09-08
Citrine,Yellow,2.27,Mixed Brilliant Oval,Yellow,Very Slightly Included,Heat Treated,13325.0,,10.23 x 8.22 x 4.87,Certified by Natural Sapphire Company,2025-09-08
Zircon,Orange,1.95,Mixed Brilliant Round,Orange,Very Slightly Included,Heat Treated,57200.0,,7.17 x 7.19 x 3.64,Certified by Natural Sapphire Company,2025-09-08
Zircon,Brownish Orange,1.81,Mixed Brilliant Oval,Brownish Orange,Very Slightly Included,Heat Treated,52975.0,,8.37 x 5.72 x 3.55,Certified by Natural Sapphire Company,2025-09-08
Citrine,Yellow,3.91,Mixed Brilliant Marquise,Yellow,Very Slightly Included,Heat Treated,30550.0,,16.87 x 8.99 x 4.95,Certified by Natural Sapphire Company,2025-09-08
Citrine,Yellow,4.36,Mixed Brilliant Marquise,Yellow,Very Slightly Included,Heat Treated,34125.0,,17.85 x 8.58 x 5.35,Certified by Natural Sapphire Company,2025-09-08
Citrine,Yellow,4.38,Mixed Brilliant Marquise,Yellow,Very Slightly Included,Heat Treated,34125.0,,18.01 x 9.12 x 5.39,Certified by Natural Sapphire Company,2025-09-08
Citrine,Orangish Yellow,5.22,Mixed Brilliant Marquise,Orangish Yellow,Eye Clean,Heat Treated,40625.0,,18.22 x 8.69 x 6.09,Certified by Natural Sapphire Company,2025-09-08
Citrine,Yellow,2.52,Mixed Brilliant Oval,Yellow,Very Slightly Included,Heat Treated,14625.0,,10.24 x 8.26 x 5.4,Certified by Natural Sapphire Company,2025-09-08
Garnet,Red,3.02,Mixed Brilliant Oval,Red,Very Slightly Included,Heat Treated,88400.0,,9.98 x 8.12 x 4.52,Certified by Natural Sapphire Company,2025-09-08
Garnet,Red,3.36,Mixed Brilliant Oval,Red,Eye Clean,Heat Treated,98150.0,,10.16 x 8.13 x 5.19,Certified by Natural Sapphire Company,2025-09-08
Citrine,Yellow,2.21,Checkerboard Oval,Yellow,Very Slightly Included,Heat Treated,13000.0,,10.05 x 8.05 x 5.34,Certified by Natural Sapphire Company,2025-09-08
Citrine,Yellow,1.09,Mixed Brilliant Oval,Yellow,Very Slightly Included,Heat Treated,4875.0,,8.02 x 6.06 x 3.92,Certified by Natural Sapphire Company,2025-09-08
Citrine,Yellow,1.03,Mixed Brilliant Oval,Yellow,Very Slightly Included,Heat Treated,4550.0,,7.88 x 5.97 x 3.93,Certified by Natural Sapphire Company,2025-09-08
Citrine,Yellow,1.19,Mixed Brilliant Oval,Yellow,Very Slightly Included,Heat Treated,5525.0,,8.08 x 6.08 x 4.03,Certified by Natural Sapphire Company,2025-09-08
Zircon,Yellowish Brown,1.84,Mixed Brilliant Oval,Yellowish Brown,Eye Clean,Heat Treated,15600.0,,8.28 x 6.61 x 3.71,Certified by Natural Sapphire Company,2025-09-08
Citrine,Yellow,1.16,Mixed Brilliant Oval,Yellow,Very Slightly Included,Heat Treated,5200.0,,7.72 x 6.09 x 4.14,Certified by Natural Sapphire Company,2025-09-08
Citrine,Yellow,1.01,Mixed Brilliant Oval,Yellow,Very Slightly Included,Heat Treated,4550.0,,7.74 x 5.86 x 3.97,Certified by Natural Sapphire Company,2025-09-08
Citrine,Yellow,1.29,Mixed Brilliant Oval,Yellow,Very Slightly Included,Heat Treated,5850.0,,8.21 x 6.34 x 4.51,Certified by Natural Sapphire Company,2025-09-08
Citrine,Yellow,0.91,Mixed Brilliant Oval,Yellow,Very Slightly Included,Heat Treated,4225.0,,7.86 x 6.12 x 3.3,Certified by Natural Sapphire Company,2025-09-08
Zircon,Greenish Yellow,1.64,Mixed Brilliant Round,Greenish Yellow,Very Slightly Included,Heat Treated,42575.0,,7.02 x 7.06 x 3.97,Certified by Natural Sapphire Company,2025-09-08
Citrine,Yellow,1.17,Mixed Brilliant Oval,Yellow,Very Slightly Included,Heat Treated,5200.0,,8.07 x 6.02 x 4.55,Certified by Natural Sapphire Company,2025-09-08
Moonstone,Rainbow,0.49,Emerald Cut Emerald Cut,Rainbow,Very Slightly Included,No Enhancement,48750.0,,6.75 x 4.16 x 2.44,Certified by Natural Sapphire Company,2025-09-08
Zircon,Yellow,1.86,Mixed Brilliant Round,Yellow,Very Slightly Included,Heat Treated,48425.0,,7.02 x 7.01 x 4.52,Certified by Natural Sapphire Company,2025-09-08
Zircon,Brown,1.53,Mixed Brilliant Oval,Brown,Very Slightly Included,Heat Treated,39650.0,,8.21 x 5.97 x 3.26,Certified by Natural Sapphire Company,2025-09-08
Zircon,Green,1.74,Mixed Brilliant Oval,Green,Very Slightly Included,Heat Treated,45175.0,,8.26 x 6.13 x 3.81,Certified by Natural Sapphire Company,2025-09-08
Moonstone,Rainbow,0.51,Emerald Cut Emerald Cut,Rainbow,Very Very Slightly Included,No Enhancement,48750.0,,5.82 x 3.94 x 3.36,Certified by Natural Sapphire Company,2025-09-08
Spinel,Pinkish Purple,0.76,Mixed Brilliant Round,Pinkish Purple,Eye Clean,No Enhancement,74100.0,,5.69 x 5.67 x 3.55,Certified by Natural Sapphire Company,2025-09-08
Zircon,Green,1.73,Mixed Brilliant Oval,Green,Very Slightly Included,Heat Treated,44850.0,,8.32 x 6.32 x 3.7,Certified by Natural Sapphire Company,2025-09-08
Zircon,Yellowish Brown,2.56,Mixed Brilliant Oval,Yellowish Brown,Very Slightly Included,Heat Treated,66625.0,,8.49 x 6.61 x 4.34,Certified by Natural Sapphire Company,2025-09-08
Zircon,Yellowish Brown,2.14,Mixed Brilliant Oval,Yellowish Brown,Very Slightly Included,Heat Treated,55575.0,,8.42 x 6.39 x 3.96,Certified by Natural Sapphire Company,2025-09-08
Zircon,Greenish Brown,1.84,Mixed Brilliant Oval,Greenish Brown,Very Slightly Included,Heat Treated,47775.0,,8.27 x 6.18 x 3.65,Certified by Natural Sapphire Company,2025-09-08
Spinel,Pinkish Purple,0.79,Mixed Brilliant Oval,Pinkish Purple,Very Very Slightly Included,No Enhancement,77025.0,,6.13 x 5.19 x 3.49,Certified by Natural Sapphire Company,2025-09-08
Spinel,Pinkish Purple,1.06,Mixed Brilliant Oval,Pinkish Purple,Very Very Slightly Included,No Enhancement,82550.0,,7.08 x 6.05 x 3.64,Certified by Natural Sapphire Company,2025-09-08
Zircon,Yellowish Green,2.41,Mixed Brilliant Oval,Yellowish Green,Very Slightly Included,Heat Treated,62725.0,,8.5 x 5.99 x 4.33,Certified by Natural Sapphire Company,2025-09-08
Zircon,Brown,2.12,Mixed Brilliant Oval,Brown,Very Slightly Included,Heat Treated,55250.0,,8.38 x 6.0 x 4.28,Certified by Natural Sapphire Company,2025-09-08
Zircon,Brown,2.49,Mixed Brilliant Cushion,Brown,Very Slightly Included,No Enhancement,32500.0,,7.64 x 6.56 x 5.1,Certified by Natural Sapphire Company,2025-09-08
Zircon,Green,1.64,Mixed Brilliant Oval,Green,Very Slightly Included,Heat Treated,42575.0,,8.25 x 6.02 x 3.76,Certified by Natural Sapphire Company,2025-09-08
Zircon,Brownish Green,1.56,Mixed Brilliant Oval,Brownish Green,Very Slightly Included,Heat Treated,40625.0,,8.13 x 6.24 x 3.33,Certified by Natural Sapphire Company,2025-09-08
Zircon,Yellowish Brown,2.32,Mixed Brilliant Oval,Yellowish Brown,Very Slightly Included,Heat Treated,60450.0,,8.86 x 5.77 x 4.35,Certified by Natural Sapphire Company,2025-09-08
Zircon,Green,1.65,Mixed Brilliant Oval,Green,Very Slightly Included,Heat Treated,42900.0,,8.25 x 6.18 x 3.64,Certified by Natural Sapphire Company,2025-09-08
Zircon,Yellowish Brown,2.51,Mixed Brilliant Oval,Yellowish Brown,Very Slightly Included,Heat Treated,65325.0,,8.79 x 6.03 x 4.42,Certified by Natural Sapphire Company,2025-09-08
Zircon,Greenish Brown,1.65,Mixed Brilliant Oval,Greenish Brown,Very Slightly Included,Heat Treated,42900.0,,8.32 x 5.82 x 3.41,Certified by Natural Sapphire Company,2025-09-08
Zircon,Green,1.12,Mixed Brilliant Oval,Green,Very Slightly Included,Heat Treated,29250.0,,7.21 x 5.22 x 3.21,Certified by Natural Sapphire Company,2025-09-08
Zircon,Brown,2.44,Mixed Brilliant Cushion,Brown,Very Slightly Included,Heat Treated,63375.0,,8.04 x 6.63 x 3.79,Certified by Natural Sapphire Company,2025-09-08
Zircon,Brown,1.7,Mixed Brilliant Oval,Brown,Very Slightly Included,Heat Treated,44200.0,,8.23 x 6.18 x 3.34,Certified by Natural Sapphire Company,2025-09-08
Zircon,Orangish Brown,2.42,Mixed Brilliant Pear,Orangish Brown,Very Slightly Included,Heat Treated,63050.0,,8.78 x 6.29 x 4.36,Certified by Natural Sapphire Company,2025-09-08
Zircon,Yellowish Brown,2.65,Mixed Brilliant Pear,Yellowish Brown,Very Slightly Included,Heat Treated,68900.0,,8.7 x 7.19 x 4.49,Certified by Natural Sapphire Company,2025-09-08
Zircon,Greenish Brown,2.74,Mixed Brilliant Pear,Greenish Brown,Very Slightly Included,Heat Treated,71175.0,,8.88 x 6.47 x 4.74,Certified by Natural Sapphire Company,2025-09-08
Zircon,Yellowish Brown,4.39,Mixed Brilliant Oval,Yellowish Brown,Eye Clean,Heat Treated,214175.0,,10.73 x 8.61 x 4.98,Certified by Natural Sapphire Company,2025-09-08
Zircon,Brownish Yellow,3.34,Mixed Brilliant Oval,Brownish Yellow,Very Slightly Included,Heat Treated,162825.0,,10.28 x 8.01 x 4.44,Certified by Natural Sapphire Company,2025-09-08
Zircon,Yellowish Brown,3.57,Mixed Brilliant Oval,Yellowish Brown,Very Slightly Included,Heat Treated,174200.0,,9.95 x 7.76 x 4.58,Certified by Natural Sapphire Company,2025-09-08
Zircon,Orange,2.1,Mixed Brilliant Round,Orange,Very Slightly Included,Heat Treated,102375.0,,8.49 x 8.45 x 5.15,Certified by Natural Sapphire Company,2025-09-08
Zircon,Yellow,3.16,Mixed Brilliant Cushion,Yellow,Very Slightly Included,Heat Treated,154050.0,,8.33 x 7.01 x 5.08,Certified by Natural Sapphire Company,2025-09-08
Zircon,Brown,6.23,Mixed Brilliant Oval,Brown,Very Slightly Included,Heat Treated,303875.0,,10.95 x 9.29 x 5.87,Certified by Natural Sapphire Company,2025-09-08
Zircon,Yellow,5.15,Mixed Brilliant Oval,Yellow,Eye Clean,Heat Treated,251225.0,,11.29 x 8.9 x 5.19,Certified by Natural Sapphire Company,2025-09-08
Zircon,Yellowish Brown,6.07,Mixed Brilliant Oval,Yellowish Brown,Very Slightly Included,Heat Treated,296075.0,,9.8 x 9.15 x 6.65,Certified by Natural Sapphire Company,2025-09-08
Zircon,Yellow,5.3,Mixed Brilliant Cushion,Yellow,Very Slightly Included,Heat Treated,258375.0,,9.85 x 7.99 x 5.45,Certified by Natural Sapphire Company,2025-09-08
Zircon,Yellowish Green,3.82,Mixed Brilliant Oval,Yellowish Green,Very Slightly Included,Heat Treated,186225.0,,10.88 x 8.77 x 5.47,Certified by Natural Sapphire Company,2025-09-08
Zircon,Brownish Orange,5.1,Mixed Brilliant Oval,Brownish Orange,Very Slightly Included,Heat Treated,248625.0,,11.85 x 8.55 x 5.78,Certified by Natural Sapphire Company,2025-09-08
Zircon,Yellowish Brown,5.42,Radiant Cut Radiant,Yellowish Brown,Very Slightly Included,Heat Treated,264225.0,,11.56 x 6.81 x 5.7,Certified by Natural Sapphire Company,2025-09-08
Zircon,Brown,3.92,Mixed Brilliant Cushion,Brown,Very Slightly Included,Heat Treated,191100.0,,9.54 x 7.47 x 5.2,Certified by Natural Sapphire Company,2025-09-08
Zircon,Brownish Orange,5.85,Mixed Brilliant Cushion,Brownish Orange,Very Slightly Included,Heat Treated,285350.0,,11.92 x 7.57 x 5.57,Certified by Natural Sapphire Company,2025-09-08
Zircon,Orangish Brown,4.87,Mixed Brilliant Oval,Orangish Brown,Very Slightly Included,Heat Treated,237575.0,,10.93 x 8.0 x 5.29,Certified by Natural Sapphire Company,2025-09-08
Zircon,Yellow,3.25,Mixed Brilliant Oval,Yellow,Very Slightly Included,Heat Treated,158600.0,,10.31 x 7.97 x 4.32,Certified by Natural Sapphire Company,2025-09-08
Zircon,Orange,4.94,Mixed Brilliant Oval,Orange,Very Slightly Included,Heat Treated,240825.0,,10.53 x 8.8 x 6.28,Certified by Natural Sapphire Company,2025-09-08
Zircon,Brownish Yellow,4.2,Mixed Brilliant Oval,Brownish Yellow,Very Slightly Included,Heat Treated,204750.0,,10.41 x 7.81 x 5.35,Certified by Natural Sapphire Company,2025-09-08
Zircon,Greenish Yellow,4.28,Mixed Brilliant Oval,Greenish Yellow,Eye Clean,Heat Treated,208650.0,,10.29 x 8.13 x 5.06,Certified by Natural Sapphire Company,2025-09-08
Zircon,Yellowish Brown,4.22,Mixed Brilliant Cushion,Yellowish Brown,Very Slightly Included,Heat Treated,205725.0,,9.91 x 6.93 x 5.21,Certified by Natural Sapphire Company,2025-09-08
Zircon,Yellow,4.64,Mixed Brilliant Oval,Yellow,Very Slightly Included,Heat Treated,226200.0,,10.18 x 8.3 x 5.72,Certified by Natural Sapphire Company,2025-09-08
Zircon,Yellow,4.22,Radiant Cut Radiant,Yellow,Very Slightly Included,Heat Treated,205725.0,,9.09 x 7.42 x 5.64,Certified by Natural Sapphire Company,2025-09-08
Zircon,Brown,6.26,Mixed Brilliant Cushion,Brown,Slightly Included,Heat Treated,305175.0,,10.73 x 7.96 x 6.79,Certified by Natural Sapphire Company,2025-09-08
Zircon,Yellowish Brown,3.92,Mixed Brilliant Oval,Yellowish Brown,Very Slightly Included,Heat Treated,191100.0,,10.69 x 8.13 x 4.92,Certified by Natural Sapphire Company,2025-09-08
Zircon,Yellow,3.66,Mixed Brilliant Oval,Yellow,Eye Clean,Heat Treated,178425.0,,10.13 x 8.1 x 4.77,Certified by Natural Sapphire Company,2025-09-08
Zircon,Greenish Brown,7.1,Mixed Brilliant Oval,Greenish Brown,Very Slightly Included,Heat Treated,346125.0,,10.86 x 9.72 x 6.37,Certified by Natural Sapphire Company,2025-09-08
Zircon,Yellow,4.45,Mixed Brilliant Cushion,Yellow,Very Slightly Included,Heat Treated,217100.0,,9.74 x 7.31 x 5.7,Certified by Natural Sapphire Company,2025-09-08
Zircon,Yellowish Brown,2.92,Mixed Brilliant Oval,Yellowish Brown,Eye Clean,No Enhancement,38025.0,,8.38 x 7.42 x 5.16,Certified by Natural Sapphire Company,2025-09-08
Zircon,Pinkish Brown,4.8,Mixed Brilliant Oval,Pinkish Brown,Very Slightly Included,Heat Treated,234000.0,,10.95 x 8.03 x 5.36,Certified by Natural Sapphire Company,2025-09-08
Zircon,Yellow,4.87,Mixed Brilliant Oval,Yellow,Very Slightly Included,Heat Treated,237575.0,,11.46 x 8.82 x 5.1,Certified by Natural Sapphire Company,2025-09-08
Zircon,Yellow,4.02,Mixed Brilliant Oval,Yellow,Very Slightly Included,Heat Treated,195975.0,,10.93 x 8.38 x 4.75,Certified by Natural Sapphire Company,2025-09-08
Zircon,Yellow,4.12,Mixed Brilliant Cushion,Yellow,Very Slightly Included,Heat Treated,200850.0,,9.17 x 7.87 x 5.53,Certified by Natural Sapphire Company,2025-09-08
Zircon,Yellowish Green,2.03,Mixed Brilliant Oval,Yellowish Green,Very Slightly Included,Heat Treated,99125.0,,10.06 x 7.88 x 4.34,Certified by Natural Sapphire Company,2025-09-08
Zircon,Yellow,4.36,Mixed Brilliant Oval,Yellow,Very Slightly Included,Heat Treated,212550.0,,10.24 x 8.45 x 5.56,Certified by Natural Sapphire Company,2025-09-08
Zircon,Yellowish Brown,5.8,Mixed Brilliant Cushion,Yellowish Brown,Very Slightly Included,Heat Treated,282750.0,,11.28 x 8.44 x 5.42,Certified by Natural Sapphire Company,2025-09-08
Zircon,Pinkish Brown,1.63,Mixed Brilliant Cushion,Pinkish Brown,Very Slightly Included,Heat Treated,47775.0,,7.44 x 5.87 x 3.26,Certified by Natural Sapphire Company,2025-09-08
Zircon,Yellow,4.37,Mixed Brilliant Pear,Yellow,Very Slightly Included,Heat Treated,213200.0,,9.06 x 8.38 x 6.36,Certified by Natural Sapphire Company,2025-09-08
Zircon,Yellowish Green,2.51,Mixed Brilliant Oval,Yellowish Green,Very Slightly Included,Heat Treated,122525.0,,9.94 x 7.63 x 4.37,Certified by Natural Sapphire Company,2025-09-08
Zircon,Brownish Orange,1.94,Mixed Brilliant Cushion,Brownish Orange,Very Slightly Included,Heat Treated,56875.0,,7.49 x 5.96 x 3.84,Certified by Natural Sapphire Company,2025-09-08
Zircon,Pinkish Brown,2.06,Mixed Brilliant Oval,Pinkish Brown,Very Slightly Included,Heat Treated,60125.0,,8.34 x 6.34 x 3.68,Certified by Natural Sapphire Company,2025-09-08
Zircon,Brownish Orange,2.23,Mixed Brilliant Cushion,Brownish Orange,Very Slightly Included,Heat Treated,65325.0,,7.98 x 6.37 x 3.72,Certified by Natural Sapphire Company,2025-09-08
Zircon,Orange,2.02,Mixed Brilliant Oval,Orange,Very Slightly Included,Heat Treated,59150.0,,7.34 x 6.23 x 4.09,Certified by Natural Sapphire Company,2025-09-08
Zircon,Brownish Orange,1.62,Mixed Brilliant Cushion,Brownish Orange,Very Slightly Included,Heat Treated,47450.0,,7.19 x 6.19 x 3.0,Certified by Natural Sapphire Company,2025-09-08
Zircon,Pinkish Brown,1.6,Mixed Brilliant Oval,Pinkish Brown,Very Slightly Included,Heat Treated,46800.0,,7.54 x 5.49 x 3.68,Certified by Natural Sapphire Company,2025-09-08
Zircon,Orangish Brown,1.91,Mixed Brilliant Oval,Orangish Brown,Very Slightly Included,Heat Treated,55900.0,,7.78 x 5.52 x 4.42,Certified by Natural Sapphire Company,2025-09-08
Zircon,Orange,1.93,Mixed Brilliant Oval,Orange,Very Slightly Included,Heat Treated,56550.0,,8.37 x 6.04 x 3.92,Certified by Natural Sapphire Company,2025-09-08
Zircon,Pinkish Brown,1.71,Mixed Brilliant Oval,Pinkish Brown,Very Slightly Included,Heat Treated,50050.0,,8.2 x 5.68 x 3.73,Certified by Natural Sapphire Company,2025-09-08
Citrine,Yellow,4.82,Mixed Brilliant Pear,Yellow,Very Slightly Included,Heat Treated,47125.0,,15.2 x 9.88 x 6.36,Certified by Natural Sapphire Company,2025-09-08
Spinel,Orange,1.24,Trillion Cut Trillion,Orange,Very Slightly Included,Heat Treated,161200.0,,6.7 x 7.25 x 4.23,Certified by Natural Sapphire Company,2025-09-08
Garnet,Red,2.65,Checkerboard Oval,Red,Very Slightly Included,Heat Treated,129350.0,,10.15 x 7.96 x 4.38,Certified by Natural Sapphire Company,2025-09-08
Citrine,Yellow,3.94,Mixed Brilliant Pear,Yellow,Very Slightly Included,Heat Treated,38350.0,,14.05 x 9.62 x 6.07,Certified by Natural Sapphire Company,2025-09-08
Citrine,Yellow,4.38,Mixed Brilliant Pear,Yellow,Eye Clean,Heat Treated,42575.0,,14.79 x 9.77 x 6.19,Certified by Natural Sapphire Company,2025-09-08
Spinel,Pink,1.52,Asscher Asscher - Octagon,Pink,Very Slightly Included,Heat Treated,128375.0,,6.73 x 6.65 x 3.88,Certified by Natural Sapphire Company,2025-09-08
Tourmaline,Brown,2.51,Mixed Brilliant Oval,Brown,Very Slightly Included,Heat Treated,105950.0,,7.86 x 6.24 x 4.59,Certified by Natural Sapphire Company,2025-09-08
Amethyst,Purple,3.33,Mixed Brilliant Round,Purple,Slightly Included,Heat Treated,15275.0,,10.03 x 9.95 x 6.4,Certified by Natural Sapphire Company,2025-09-08
Amethyst,Purple,2.92,Mixed Brilliant Round,Purple,Very Slightly Included,Heat Treated,13325.0,,10.01 x 9.91 x 5.61,Certified by Natural Sapphire Company,2025-09-08
Amethyst,Purple,3.05,Mixed Brilliant Round,Purple,Slightly Included,Heat Treated,13975.0,,10.05 x 10.02 x 5.62,Certified by Natural Sapphire Company,2025-09-08
Amethyst,Purple,3.32,Mixed Brilliant Round,Purple,Slightly Included,Heat Treated,14950.0,,10.02 x 9.96 x 6.45,Certified by Natural Sapphire Company,2025-09-08
Amethyst,Purple,3.72,Mixed Brilliant Round,Purple,Very Slightly Included,Heat Treated,16900.0,,10.02 x 10.04 x 7.03,Certified by Natural Sapphire Company,2025-09-08
Amethyst,Purple,2.74,Mixed Brilliant Round,Purple,Very Slightly Included,Heat Treated,12350.0,,9.85 x 9.83 x 5.19,Certified by Natural Sapphire Company,2025-09-08
Amethyst,Purple,3.09,Mixed Brilliant Round,Purple,Slightly Included,Heat Treated,13975.0,,10.02 x 10.04 x 6.09,Certified by Natural Sapphire Company,2025-09-08
Amethyst,Purple,3.17,Mixed Brilliant Round,Purple,Slightly Included,Heat Treated,14300.0,,10.0 x 10.02 x 6.4,Certified by Natural Sapphire Company,2025-09-08
Amethyst,Purple,3.11,Mixed Brilliant Round,Purple,Slightly Included,Heat Treated,14300.0,,9.98 x 9.95 x 6.28,Certified by Natural Sapphire Company,2025-09-08
Amethyst,Purple,3.26,Mixed Brilliant Round,Purple,Slightly Included,Heat Treated,14950.0,,9.92 x 9.96 x 6.29,Certified by Natural Sapphire Company,2025-09-08
Amethyst,Purple,2.98,Mixed Brilliant Round,Purple,Slightly Included,Heat Treated,13650.0,,9.95 x 9.84 x 5.8,Certified by Natural Sapphire Company,2025-09-08
Amethyst,Purple,3.03,Mixed Brilliant Round,Purple,Slightly Included,Heat Treated,13650.0,,9.99 x 10.04 x 5.79,Certified by Natural Sapphire Company,2025-09-08
Amethyst,Purple,3.4,Mixed Brilliant Round,Purple,Slightly Included,Heat Treated,15600.0,,9.98 x 10.0 x 6.77,Certified by Natural Sapphire Company,2025-09-08
Amethyst,Purple,3.09,Mixed Brilliant Round,Purple,Slightly Included,Heat Treated,13975.0,,10.0 x 10.0 x 5.76,Certified by Natural Sapphire Company,2025-09-08
Amethyst,Purple,2.79,Mixed Brilliant Round,Purple,Very Slightly Included,Heat Treated,12675.0,,9.98 x 10.01 x 5.21,Certified by Natural Sapphire Company,2025-09-08
Amethyst,Purple,3.28,Mixed Brilliant Round,Purple,Slightly Included,Heat Treated,14950.0,,10.22 x 10.2 x 5.96,Certified by Natural Sapphire Company,2025-09-08
Amethyst,Purple,2.88,Mixed Brilliant Round,Purple,Very Slightly Included,Heat Treated,13000.0,,10.06 x 9.99 x 5.51,Certified by Natural Sapphire Company,2025-09-08
Amethyst,Purple,3.12,Mixed Brilliant Round,Purple,Very Slightly Included,Heat Treated,14300.0,,9.91 x 9.92 x 6.16,Certified by Natural Sapphire Company,2025-09-08
Amethyst,Purple,3.15,Mixed Brilliant Round,Purple,Slightly Included,Heat Treated,14300.0,,9.97 x 9.98 x 6.08,Certified by Natural Sapphire Company,2025-09-08
Amethyst,Purple,2.74,Mixed Brilliant Round,Purple,Very Slightly Included,Heat Treated,12350.0,,9.95 x 9.94 x 5.16,Certified by Natural Sapphire Company,2025-09-08
Amethyst,Purple,2.8,Mixed Brilliant Round,Purple,Very Slightly Included,Heat Treated,12675.0,,10.09 x 10.04 x 5.54,Certified by Natural Sapphire Company,2025-09-08
Amethyst,Purple,3.37,Mixed Brilliant Round,Purple,Slightly Included,Heat Treated,15275.0,,10.0 x 10.0 x 6.6,Certified by Natural Sapphire Company,2025-09-08
Amethyst,Purple,3.17,Mixed Brilliant Round,Purple,Slightly Included,Heat Treated,14300.0,,10.01 x 9.93 x 6.3,Certified by Natural Sapphire Company,2025-09-08
Amethyst,Purple,3.17,Mixed Brilliant Round,Purple,Slightly Included,Heat Treated,14300.0,,9.91 x 9.95 x 6.25,Certified by Natural Sapphire Company,2025-09-08
Amethyst,Purple,2.57,Mixed Brilliant Round,Purple,Slightly Included,Heat Treated,11700.0,,9.89 x 9.95 x 4.89,Certified by Natural Sapphire Company,2025-09-08
Amethyst,Purple,3.23,Mixed Brilliant Round,Purple,Slightly Included,Heat Treated,14625.0,,9.9 x 10.0 x 6.51,Certified by Natural Sapphire Company,2025-09-08
Amethyst,Purple,2.98,Mixed Brilliant Round,Purple,Very Slightly Included,Heat Treated,13650.0,,10.01 x 10.0 x 5.61,Certified by Natural Sapphire Company,2025-09-08
Amethyst,Purple,3.69,Mixed Brilliant Round,Purple,Slightly Included,Heat Treated,16900.0,,10.04 x 9.96 x 6.84,Certified by Natural Sapphire Company,2025-09-08
Amethyst,Purple,3.36,Mixed Brilliant Round,Purple,Very Slightly Included,Heat Treated,15275.0,,10.04 x 10.04 x 6.81,Certified by Natural Sapphire Company,2025-09-08
Amethyst,Purple,3.18,Mixed Brilliant Round,Purple,Slightly Included,Heat Treated,14625.0,,10.01 x 9.91 x 6.55,Certified by Natural Sapphire Company,2025-09-08
Amethyst,Purple,3.23,Mixed Brilliant Round,Purple,Very Slightly Included,Heat Treated,14625.0,,10.18 x 10.17 x 6.02,Certified by Natural Sapphire Company,2025-09-08
Amethyst,Purple,3.7,Mixed Brilliant Round,Purple,Slightly Included,Heat Treated,16900.0,,10.03 x 10.11 x 6.9,Certified by Natural Sapphire Company,2025-09-08
Amethyst,Purple,3.34,Mixed Brilliant Round,Purple,Slightly Included,Heat Treated,15275.0,,10.03 x 10.04 x 6.83,Certified by Natural Sapphire Company,2025-09-08
Amethyst,Purple,3.32,Mixed Brilliant Round,Purple,Slightly Included,Heat Treated,14950.0,,9.95 x 9.95 x 6.74,Certified by Natural Sapphire Company,2025-09-08
Amethyst,Purple,3.42,Mixed Brilliant Round,Purple,Very Slightly Included,Heat Treated,15600.0,,9.97 x 10.03 x 6.86,Certified by Natural Sapphire Company,2025-09-08
Amethyst,Purple,3.09,Mixed Brilliant Round,Purple,Slightly Included,Heat Treated,13975.0,,9.83 x 9.89 x 6.12,Certified by Natural Sapphire Company,2025-09-08
Amethyst,Purple,3.63,Mixed Brilliant Round,Purple,Slightly Included,Heat Treated,16575.0,,10.08 x 10.07 x 7.06,Certified by Natural Sapphire Company,2025-09-08
Amethyst,Purple,3.86,Mixed Brilliant Round,Purple,Slightly Included,Heat Treated,17550.0,,10.12 x 10.05 x 7.07,Certified by Natural Sapphire Company,2025-09-08
Amethyst,Purple,3.45,Mixed Brilliant Round,Purple,Very Slightly Included,Heat Treated,15600.0,,10.99 x 10.91 x 5.3,Certified by Natural Sapphire Company,2025-09-08
Amethyst,Purple,2.87,Mixed Brilliant Round,Purple,Very Slightly Included,Heat Treated,13000.0,,9.92 x 10.01 x 5.21,Certified by Natural Sapphire Company,2025-09-08
Amethyst,Purple,3.85,Mixed Brilliant Round,Purple,Very Slightly Included,Heat Treated,17550.0,,11.03 x 10.98 x 5.84,Certified by Natural Sapphire Company,2025-09-08
Amethyst,Purple,2.98,Mixed Brilliant Round,Purple,Slightly Included,Heat Treated,13650.0,,9.87 x 9.82 x 5.58,Certified by Natural Sapphire Company,2025-09-08
Amethyst,Purple,2.99,Mixed Brilliant Round,Purple,Slightly Included,Heat Treated,13650.0,,9.98 x 9.96 x 5.47,Certified by Natural Sapphire Company,2025-09-08
Amethyst,Purple,3.26,Mixed Brilliant Round,Purple,Very Slightly Included,Heat Treated,14950.0,,9.97 x 9.92 x 6.7,Certified by Natural Sapphire Company,2025-09-08
Amethyst,Purple,3.87,Mixed Brilliant Round,Purple,Slightly Included,Heat Treated,17550.0,,11.07 x 11.11 x 5.8,Certified by Natural Sapphire Company,2025-09-08
Amethyst,Purple,2.96,Mixed Brilliant Round,Purple,Slightly Included,Heat Treated,13325.0,,9.9 x 9.87 x 5.93,Certified by Natural Sapphire Company,2025-09-08
Spinel,Blue,0.57,Mixed Brilliant Round,Blue,Very Slightly Included,No Enhancement,22100.0,,5.29 x 5.24 x 3.23,Certified by Natural Sapphire Company,2025-09-08
Spinel,Violet,6.93,Mixed Brilliant Oval,Violet,Eye Clean,No Enhancement,3445975.0,,13.47 x 10.37 x 7.18,Certified by Natural Sapphire Company,2025-09-08
Amethyst,Purple,2.09,Trillion Cut Trillion,Purple,Slightly Included,Heat Treated,6825.0,,8.91 x 9.25 x 5.75,Certified by Natural Sapphire Company,2025-09-08
Spinel,Blue,0.83,Mixed Brilliant Oval,Blue,Very Slightly Included,No Enhancement,21450.0,,6.38 x 5.42 x 3.51,Certified by Natural Sapphire Company,2025-09-08
Spinel,Pinkish Purple,0.63,Mixed Brilliant Oval,Pinkish Purple,Very Slightly Included,No Enhancement,16250.0,,5.97 x 4.68 x 3.16,Certified by Natural Sapphire Company,2025-09-08
Chrysoberyl,Yellowish Green,16.92,Cabochon Oval,Yellowish Green,Very Slightly Included,No Enhancement,15149875.0,,15.01 x 13.27 x 9.11,Certified by Natural Sapphire Company,2025-09-08
Spinel,Brown,2.33,Mixed Brilliant Cushion,Brown,Very Slightly Included,Heat Treated,681525.0,,9.14 x 7.14 x 4.19,Certified by Natural Sapphire Company,2025-09-08
Chrysoberyl,Greenish Brown,8.46,Cabochon Oval,Greenish Brown,Very Slightly Included,No Enhancement,5141500.0,,10.51 x 9.88 x 8.44,Certified by Natural Sapphire Company,2025-09-08
Chrysoberyl,Greenish Yellow,19.1,Cabochon Oval,Greenish Yellow,Very Slightly Included,No Enhancement,17101825.0,,15.79 x 13.86 x 9.22,Certified by Natural Sapphire Company,2025-09-08
Amethyst,Purple,2.03,Trillion Cut Trillion,Purple,Very Slightly Included,Heat Treated,6500.0,,9.02 x 9.23 x 5.27,Certified by Natural Sapphire Company,2025-09-08
Chrysoberyl,Yellowish Green,13.79,Cabochon Oval,Yellowish Green,Very Slightly Included,No Enhancement,12851475.0,,13.18 x 12.52 x 8.74,Certified by Natural Sapphire Company,2025-09-08
Amethyst,Purple,2.09,Trillion Cut Trillion,Purple,Very Slightly Included,Heat Treated,6825.0,,9.06 x 9.21 x 5.34,Certified by Natural Sapphire Company,2025-09-08
Spinel,Pinkish Red,6.28,Mixed Brilliant Cushion,Pinkish Red,Eye Clean,Heat Treated,1699100.0,,11.05 x 9.33 x 6.71,Certified by Natural Sapphire Company,2025-09-08
Amethyst,Purple,2.1,Trillion Cut Trillion,Purple,Very Slightly Included,Heat Treated,6825.0,,8.9 x 9.22 x 5.27,Certified by Natural Sapphire Company,2025-09-08
Spinel,Bluish Purple,1.3,Mixed Brilliant Oval,Bluish Purple,Very Slightly Included,No Enhancement,147875.0,,7.28 x 5.73 x 4.18,Certified by Natural Sapphire Company,2025-09-08
Zircon,Purplish Red,3.06,Mixed Brilliant Oval,Purplish Red,Very Slightly Included,No Enhancement,39650.0,,9.29 x 7.27 x 4.82,Certified by Natural Sapphire Company,2025-09-08
Spinel,Purplish Pink,1.28,Mixed Brilliant Oval,Purplish Pink,Very Slightly Included,No Enhancement,25025.0,,7.77 x 5.64 x 3.81,Certified by Natural Sapphire Company,2025-09-08
Spinel,Pink,1.44,Mixed Brilliant Round,Pink,Very Slightly Included,No Enhancement,27950.0,,6.92 x 6.88 x 4.49,Certified by Natural Sapphire Company,2025-09-08
Spinel,Violet,1.22,Mixed Brilliant Pear,Violet,Very Slightly Included,No Enhancement,23725.0,,7.95 x 5.43 x 4.15,Certified by Natural Sapphire Company,2025-09-08
Spinel,Purple,0.96,Mixed Brilliant Round,Purple,Very Slightly Included,No Enhancement,18850.0,,6.13 x 6.09 x 3.64,Certified by Natural Sapphire Company,2025-09-08
Spinel,Greyish Blue,1.18,Mixed Brilliant Round,Greyish Blue,Very Slightly Included,No Enhancement,23075.0,,6.68 x 6.7 x 3.84,Certified by Natural Sapphire Company,2025-09-08
Spinel,Purple,1.2,Mixed Brilliant Oval,Purple,Very Slightly Included,No Enhancement,23400.0,,7.73 x 5.8 x 3.75,Certified by Natural Sapphire Company,2025-09-08
Spinel,Purple,1.25,Mixed Brilliant Round,Purple,Very Slightly Included,No Enhancement,24375.0,,6.27 x 6.24 x 4.42,Certified by Natural Sapphire Company,2025-09-08
Spinel,Purple,1.23,Mixed Brilliant Oval,Purple,Very Slightly Included,No Enhancement,24050.0,,7.79 x 5.59 x 3.78,Certified by Natural Sapphire Company,2025-09-08
Spinel,Purple,1.57,Mixed Brilliant Oval,Purple,Very Slightly Included,No Enhancement,30550.0,,8.33 x 5.96 x 4.21,Certified by Natural Sapphire Company,2025-09-08
Spinel,Pink,1.29,Asscher Asscher - Octagon,Pink,Very Slightly Included,No Enhancement,83850.0,,5.71 x 5.64 x 4.57,Certified by Natural Sapphire Company,2025-09-08
Spinel,Purplish Pink,1.73,Mixed Brilliant Round,Purplish Pink,Eye Clean,No Enhancement,56225.0,,7.49 x 7.5 x 4.31,Certified by Natural Sapphire Company,2025-09-08
Chrysoberyl,Green,2.1,Asscher Asscher - Octagon,Green,Very Slightly Included,No Enhancement,204750.0,,7.08 x 7.07 x 4.51,Certified by Natural Sapphire Company,2025-09-08
Spinel,Purple,0.97,Princess Cut Princess,Purple,Slightly Included,No Enhancement,18850.0,,5.7 x 5.63 x 3.56,Certified by Natural Sapphire Company,2025-09-08
Spinel,Pink,2.68,Mixed Brilliant Pear,Pink,Eye Clean,No Enhancement,174200.0,,11.52 x 6.74 x 5.15,Certified by Natural Sapphire Company,2025-09-08
Spinel,Purple,2.94,Mixed Brilliant Oval,Purple,Very Slightly Included,No Enhancement,191100.0,,9.06 x 6.87 x 6.11,Certified by Natural Sapphire Company,2025-09-08
Spinel,Pink,1.14,Asscher Asscher - Octagon,Pink,Very Slightly Included,No Enhancement,74100.0,,5.95 x 5.95 x 4.04,Certified by Natural Sapphire Company,2025-09-08
Spinel,Pink,1.63,Asscher Asscher - Octagon,Pink,Very Slightly Included,No Enhancement,105950.0,,6.41 x 6.4 x 4.74,Certified by Natural Sapphire Company,2025-09-08
Spinel,Blue,2.59,Mixed Brilliant Pear,Blue,Eye Clean,No Enhancement,168350.0,,11.06 x 7.39 x 5.28,Certified by Natural Sapphire Company,2025-09-08
Spinel,Pink,1.21,Trillion Cut Trillion,Pink,Very Slightly Included,No Enhancement,23725.0,,6.04 x 6.21 x 4.95,Certified by Natural Sapphire Company,2025-09-08
Garnet,Red,3.35,Checkerboard Oval,Red,Very Slightly Included,Heat Treated,163475.0,,10.11 x 8.01 x 5.76,Certified by Natural Sapphire Company,2025-09-08
Spinel,Pinkish Purple,1.79,Asscher Asscher - Octagon,Pinkish Purple,Eye Clean,No Enhancement,116350.0,,6.88 x 6.86 x 4.47,Certified by Natural Sapphire Company,2025-09-08
Garnet,Red,1.01,Mixed Brilliant Marquise,Red,Very Slightly Included,Heat Treated,23075.0,,9.92 x 4.96 x 2.63,Certified by Natural Sapphire Company,2025-09-08
Garnet,Red,2.36,Checkerboard Oval,Red,Very Slightly Included,Heat Treated,115050.0,,9.1 x 7.07 x 5.08,Certified by Natural Sapphire Company,2025-09-08
Garnet,Red,2.66,Checkerboard Oval,Red,Very Slightly Included,Heat Treated,129675.0,,10.0 x 8.03 x 4.57,Certified by Natural Sapphire Company,2025-09-08
Garnet,Red,3.02,Checkerboard Oval,Red,Very Slightly Included,Heat Treated,147225.0,,9.88 x 8.02 x 5.13,Certified by Natural Sapphire Company,2025-09-08
Garnet,Red,3.17,Checkerboard Oval,Red,Very Slightly Included,Heat Treated,154700.0,,10.09 x 8.05 x 5.16,Certified by Natural Sapphire Company,2025-09-08
Garnet,Red,0.97,Mixed Brilliant Marquise,Red,Eye Clean,Heat Treated,22100.0,,9.83 x 5.1 x 2.67,Certified by Natural Sapphire Company,2025-09-08
Garnet,Red,1.11,Mixed Brilliant Marquise,Red,Very Slightly Included,Heat Treated,25350.0,,9.88 x 5.0 x 2.91,Certified by Natural Sapphire Company,2025-09-08
Garnet,Red,1.4,Mixed Brilliant Marquise,Red,Very Slightly Included,Heat Treated,31850.0,,9.82 x 5.08 x 3.54,Certified by Natural Sapphire Company,2025-09-08
Garnet,Red,1.29,Mixed Brilliant Marquise,Red,Very Slightly Included,Heat Treated,29250.0,,10.22 x 5.11 x 3.65,Certified by Natural Sapphire Company,2025-09-08
Garnet,Red,1.22,Mixed Brilliant Marquise,Red,Very Slightly Included,Heat Treated,27625.0,,10.17 x 5.06 x 3.2,Certified by Natural Sapphire Company,2025-09-08
Garnet,Red,1.26,Mixed Brilliant Marquise,Red,Very Slightly Included,Heat Treated,28600.0,,10.06 x 5.07 x 3.32,Certified by Natural Sapphire Company,2025-09-08
Garnet,Red,1.24,Mixed Brilliant Marquise,Red,Very Slightly Included,Heat Treated,28275.0,,10.05 x 5.08 x 3.21,Certified by Natural Sapphire Company,2025-09-08
Citrine,Yellow,3.87,Mixed Brilliant Round,Yellow,Very Slightly Included,Heat Treated,27625.0,,10.75 x 10.71 x 6.21,Certified by Natural Sapphire Company,2025-09-08
Citrine,Yellow,4.06,Mixed Brilliant Round,Yellow,Very Slightly Included,Heat Treated,28925.0,,11.0 x 11.09 x 6.35,Certified by Natural Sapphire Company,2025-09-08
Citrine,Yellowish Orange,3.99,Mixed Brilliant Round,Yellowish Orange,Very Slightly Included,Heat Treated,28600.0,,10.87 x 10.93 x 7.09,Certified by Natural Sapphire Company,2025-09-08
Citrine,Yellow,4.14,Mixed Brilliant Round,Yellow,Very Slightly Included,Heat Treated,29575.0,,10.57 x 10.73 x 7.16,Certified by Natural Sapphire Company,2025-09-08
Citrine,Yellow,4.39,Mixed Brilliant Round,Yellow,Very Slightly Included,Heat Treated,31525.0,,10.98 x 11.09 x 6.91,Certified by Natural Sapphire Company,2025-09-08
Garnet,Red,1.11,Mixed Brilliant Marquise,Red,Very Slightly Included,Heat Treated,25350.0,,9.86 x 4.99 x 3.05,Certified by Natural Sapphire Company,2025-09-08
Citrine,Yellowish Orange,5.28,Mixed Brilliant Pear,Yellowish Orange,Very Slightly Included,Heat Treated,51350.0,,15.07 x 9.99 x 6.84,Certified by Natural Sapphire Company,2025-09-08
Citrine,Yellowish Orange,4.08,Mixed Brilliant Pear,Yellowish Orange,Very Slightly Included,Heat Treated,39650.0,,15.04 x 9.82 x 5.34,Certified by Natural Sapphire Company,2025-09-08
Citrine,Yellow,4.86,Mixed Brilliant Pear,Yellow,Eye Clean,Heat Treated,47450.0,,14.9 x 9.99 x 6.54,Certified by Natural Sapphire Company,2025-09-08
Citrine,Yellow,4.76,Mixed Brilliant Pear,Yellow,Very Slightly Included,Heat Treated,46475.0,,15.0 x 9.96 x 6.3,Certified by Natural Sapphire Company,2025-09-08
Citrine,Yellow,4.11,Mixed Brilliant Round,Yellow,Slightly Included,Heat Treated,29250.0,,10.66 x 10.59 x 6.66,Certified by Natural Sapphire Company,2025-09-08
Citrine,Yellowish Orange,4.26,Mixed Brilliant Pear,Yellowish Orange,Very Slightly Included,Heat Treated,41600.0,,15.05 x 9.9 x 5.57,Certified by Natural Sapphire Company,2025-09-08
Citrine,Yellow,3.96,Mixed Brilliant Round,Yellow,Very Slightly Included,Heat Treated,28275.0,,10.75 x 10.88 x 6.38,Certified by Natural Sapphire Company,2025-09-08
Citrine,Yellow,4.89,Mixed Brilliant Pear,Yellow,Eye Clean,Heat Treated,47775.0,,14.98 x 10.05 x 6.63,Certified by Natural Sapphire Company,2025-09-08
Citrine,Yellow,4.18,Mixed Brilliant Round,Yellow,Very Slightly Included,Heat Treated,29900.0,,10.77 x 10.84 x 7.17,Certified by Natural Sapphire Company,2025-09-08
Citrine,Yellow,3.55,Mixed Brilliant Round,Yellow,Very Slightly Included,Heat Treated,25350.0,,10.95 x 10.97 x 5.48,Certified by Natural Sapphire Company,2025-09-08
Citrine,Yellowish Orange,3.99,Mixed Brilliant Pear,Yellowish Orange,Very Slightly Included,Heat Treated,39000.0,,15.06 x 9.87 x 5.37,Certified by Natural Sapphire Company,2025-09-08
Citrine,Yellowish Orange,4.46,Mixed Brilliant Pear,Yellowish Orange,Very Slightly Included,Heat Treated,43550.0,,14.86 x 9.99 x 6.1,Certified by Natural Sapphire Company,2025-09-08
Citrine,Yellow,4.53,Mixed Brilliant Pear,Yellow,Very Slightly Included,Heat Treated,44200.0,,15.19 x 10.01 x 6.04,Certified by Natural Sapphire Company,2025-09-08
Citrine,Orangish Yellow,4.52,Mixed Brilliant Pear,Orangish Yellow,Very Slightly Included,Heat Treated,44200.0,,15.08 x 9.98 x 5.87,Certified by Natural Sapphire Company,2025-09-08
Citrine,Yellow,4.86,Mixed Brilliant Pear,Yellow,Very Slightly Included,Heat Treated,47450.0,,15.33 x 9.87 x 6.28,Certified by Natural Sapphire Company,2025-09-08
Citrine,Yellow,4.79,Mixed Brilliant Pear,Yellow,Very Slightly Included,Heat Treated,46800.0,,14.98 x 9.89 x 6.3,Certified by Natural Sapphire Company,2025-09-08
Citrine,Yellowish Orange,4.26,Mixed Brilliant Pear,Yellowish Orange,Very Slightly Included,Heat Treated,41600.0,,14.96 x 9.92 x 5.59,Certified by Natural Sapphire Company,2025-09-08
Citrine,Yellow,4.66,Mixed Brilliant Pear,Yellow,Very Slightly Included,Heat Treated,45500.0,,15.14 x 9.9 x 5.96,Certified by Natural Sapphire Company,2025-09-08
Citrine,Yellowish Orange,5.37,Mixed Brilliant Pear,Yellowish Orange,Very Slightly Included,Heat Treated,52325.0,,15.09 x 9.95 x 6.76,Certified by Natural Sapphire Company,2025-09-08
Citrine,Yellow,4.94,Mixed Brilliant Pear,Yellow,Very Slightly Included,Heat Treated,48100.0,,15.37 x 10.03 x 6.75,Certified by Natural Sapphire Company,2025-09-08
Citrine,Yellow,4.58,Mixed Brilliant Pear,Yellow,Very Slightly Included,Heat Treated,44525.0,,15.08 x 9.96 x 5.88,Certified by Natural Sapphire Company,2025-09-08
Citrine,Yellowish Orange,4.54,Mixed Brilliant Pear,Yellowish Orange,Very Slightly Included,Heat Treated,44200.0,,14.97 x 10.01 x 6.04,Certified by Natural Sapphire Company,2025-09-08
Citrine,Yellow,4.17,Mixed Brilliant Pear,Yellow,Slightly Included,Heat Treated,40625.0,,14.99 x 9.72 x 5.74,Certified by Natural Sapphire Company,2025-09-08
Citrine,Yellow,4.35,Mixed Brilliant Pear,Yellow,Very Slightly Included,Heat Treated,42575.0,,14.99 x 9.93 x 5.45,Certified by Natural Sapphire Company,2025-09-08
Citrine,Yellow,4.93,Mixed Brilliant Pear,Yellow,Very Slightly Included,Heat Treated,48100.0,,15.0 x 9.85 x 6.49,Certified by Natural Sapphire Company,2025-09-08
Citrine,Yellow,4.83,Mixed Brilliant Pear,Yellow,Very Slightly Included,Heat Treated,47125.0,,15.03 x 9.78 x 6.33,Certified by Natural Sapphire Company,2025-09-08
Citrine,Yellowish Orange,4.85,Mixed Brilliant Pear,Yellowish Orange,Very Slightly Included,Heat Treated,47450.0,,15.12 x 9.96 x 6.01,Certified by Natural Sapphire Company,2025-09-08
Citrine,Yellow,4.61,Mixed Brilliant Pear,Yellow,Very Slightly Included,Heat Treated,44850.0,,14.98 x 10.12 x 6.05,Certified by Natural Sapphire Company,2025-09-08
Citrine,Yellow,4.84,Mixed Brilliant Pear,Yellow,Very Slightly Included,Heat Treated,47125.0,,15.12 x 9.96 x 6.36,Certified by Natural Sapphire Company,2025-09-08
Citrine,Yellow,4.61,Mixed Brilliant Pear,Yellow,Very Slightly Included,Heat Treated,44850.0,,14.79 x 9.75 x 6.13,Certified by Natural Sapphire Company,2025-09-08
Amethyst,Purple,3.22,Mixed Brilliant Round,Purple,Slightly Included,Heat Treated,14625.0,,9.98 x 10.0 x 6.12,Certified by Natural Sapphire Company,2025-09-08
Citrine,Yellow,4.36,Mixed Brilliant Pear,Yellow,Very Slightly Included,Heat Treated,42575.0,,15.1 x 9.88 x 5.71,Certified by Natural Sapphire Company,2025-09-08
Amethyst,Purple,3.23,Mixed Brilliant Round,Purple,Very Slightly Included,Heat Treated,14625.0,,10.02 x 9.99 x 6.32,Certified by Natural Sapphire Company,2025-09-08
Amethyst,Purple,3.67,Mixed Brilliant Round,Purple,Very Slightly Included,Heat Treated,16575.0,,10.02 x 9.92 x 7.05,Certified by Natural Sapphire Company,2025-09-08
Amethyst,Purple,3.19,Mixed Brilliant Round,Purple,Very Slightly Included,Heat Treated,14625.0,,10.0 x 10.04 x 6.02,Certified by Natural Sapphire Company,2025-09-08
Citrine,Yellow,5.08,Mixed Brilliant Pear,Yellow,Very Slightly Included,Heat Treated,49400.0,,15.47 x 10.08 x 6.54,Certified by Natural Sapphire Company,2025-09-08
Citrine,Yellow,4.73,Mixed Brilliant Pear,Yellow,Very Slightly Included,Heat Treated,46150.0,,15.08 x 9.84 x 6.44,Certified by Natural Sapphire Company,2025-09-08
Amethyst,Purple,4.12,Mixed Brilliant Round,Purple,Slightly Included,Heat Treated,18850.0,,10.94 x 10.95 x 6.5,Certified by Natural Sapphire Company,2025-09-08
Amethyst,Purple,2.98,Mixed Brilliant Round,Purple,Slightly Included,Heat Treated,13650.0,,9.94 x 9.93 x 5.68,Certified by Natural Sapphire Company,2025-09-08
Citrine,Yellow,4.74,Mixed Brilliant Pear,Yellow,Very Slightly Included,Heat Treated,46150.0,,15.41 x 10.04 x 6.21,Certified by Natural Sapphire Company,2025-09-08
Amethyst,Purple,4.39,Mixed Brilliant Round,Purple,Slightly Included,Heat Treated,19825.0,,11.02 x 11.08 x 6.7,Certified by Natural Sapphire Company,2025-09-08
Amethyst,Purple,2.09,Trillion Cut Trillion,Purple,Very Slightly Included,Heat Treated,6825.0,,8.91 x 9.22 x 5.66,Certified by Natural Sapphire Company,2025-09-08
Amethyst,Purple,1.96,Trillion Cut Trillion,Purple,Very Slightly Included,Heat Treated,6500.0,,8.99 x 9.13 x 5.45,Certified by Natural Sapphire Company,2025-09-08
Amethyst,Purple,3.33,Mixed Brilliant Round,Purple,Very Slightly Included,Heat Treated,15275.0,,10.03 x 10.07 x 6.7,Certified by Natural Sapphire Company,2025-09-08
Amethyst,Purple,2.36,Trillion Cut Trillion,Purple,Very Slightly Included,Heat Treated,7800.0,,9.03 x 9.1 x 6.2,Certified by Natural Sapphire Company,2025-09-08
Amethyst,Purple,2.18,Trillion Cut Trillion,Purple,Slightly Included,Heat Treated,7150.0,,9.17 x 9.07 x 5.77,Certified by Natural Sapphire Company,2025-09-08
Amethyst,Purple,2.22,Trillion Cut Trillion,Purple,Very Slightly Included,Heat Treated,7150.0,,9.11 x 9.37 x 5.34,Certified by Natural Sapphire Company,2025-09-08
Amethyst,Purple,2.01,Trillion Cut Trillion,Purple,Slightly Included,Heat Treated,6500.0,,8.99 x 9.09 x 5.52,Certified by Natural Sapphire Company,2025-09-08
Amethyst,Purple,2.09,Trillion Cut Trillion,Purple,Very Slightly Included,Heat Treated,6825.0,,9.13 x 9.03 x 5.65,Certified by Natural Sapphire Company,2025-09-08
Amethyst,Purple,1.98,Trillion Cut Trillion,Purple,Very Slightly Included,Heat Treated,6500.0,,9.02 x 9.34 x 5.19,Certified by Natural Sapphire Company,2025-09-08
Amethyst,Purple,2.09,Trillion Cut Trillion,Purple,Very Slightly Included,Heat Treated,6825.0,,9.17 x 9.22 x 5.36,Certified by Natural Sapphire Company,2025-09-08
Amethyst,Purple,2.0,Trillion Cut Trillion,Purple,Very Slightly Included,Heat Treated,6500.0,,9.03 x 9.26 x 5.2,Certified by Natural Sapphire Company,2025-09-08
Amethyst,Purple,2.28,Trillion Cut Trillion,Purple,Very Slightly Included,Heat Treated,7475.0,,9.06 x 9.14 x 5.94,Certified by Natural Sapphire Company,2025-09-08
Amethyst,Purple,1.98,Trillion Cut Trillion,Purple,Very Slightly Included,Heat Treated,6500.0,,8.88 x 9.16 x 5.54,Certified by Natural Sapphire Company,2025-09-08
Amethyst,Purple,2.21,Trillion Cut Trillion,Purple,Slightly Included,Heat Treated,7150.0,,9.04 x 9.24 x 6.07,Certified by Natural Sapphire Company,2025-09-08
Garnet,Red,2.5,Checkerboard Round,Red,Very Slightly Included,Heat Treated,40625.0,,7.96 x 7.88 x 5.51,Certified by Natural Sapphire Company,2025-09-08
Amethyst,Purple,2.06,Trillion Cut Trillion,Purple,Very Slightly Included,Heat Treated,6825.0,,9.14 x 9.14 x 5.52,Certified by Natural Sapphire Company,2025-09-08
Garnet,Red,2.38,Checkerboard Round,Red,Eye Clean,Heat Treated,38675.0,,8.12 x 8.12 x 5.17,Certified by Natural Sapphire Company,2025-09-08
Zircon,Yellowish Brown,1.88,Mixed Brilliant Oval,Yellowish Brown,Very Slightly Included,Heat Treated,15925.0,,8.22 x 6.57 x 3.66,Certified by Natural Sapphire Company,2025-09-08
Amethyst,Purple,2.26,Trillion Cut Trillion,Purple,Very Slightly Included,Heat Treated,7475.0,,8.95 x 9.11 x 5.85,Certified by Natural Sapphire Company,2025-09-08
Amethyst,Purple,2.23,Trillion Cut Trillion,Purple,Very Slightly Included,Heat Treated,7150.0,,9.06 x 9.06 x 5.98,Certified by Natural Sapphire Company,2025-09-08
Amethyst,Purple,2.2,Trillion Cut Trillion,Purple,Very Slightly Included,Heat Treated,7150.0,,9.01 x 9.22 x 5.84,Certified by Natural Sapphire Company,2025-09-08
Amethyst,Purple,2.12,Trillion Cut Trillion,Purple,Very Slightly Included,Heat Treated,6825.0,,8.94 x 9.2 x 5.79,Certified by Natural Sapphire Company,2025-09-08
Amethyst,Purple,2.22,Trillion Cut Trillion,Purple,Very Slightly Included,Heat Treated,7150.0,,9.01 x 9.19 x 5.56,Certified by Natural Sapphire Company,2025-09-08
Amethyst,Purple,2.01,Trillion Cut Trillion,Purple,Slightly Included,Heat Treated,6500.0,,8.91 x 9.3 x 5.2,Certified by Natural Sapphire Company,2025-09-08
Amethyst,Purple,2.03,Trillion Cut Trillion,Purple,Slightly Included,Heat Treated,6500.0,,9.05 x 9.18 x 5.28,Certified by Natural Sapphire Company,2025-09-08
Amethyst,Purple,2.1,Trillion Cut Trillion,Purple,Slightly Included,Heat Treated,6825.0,,9.05 x 9.29 x 5.17,Certified by Natural Sapphire Company,2025-09-08
Amethyst,Purple,1.95,Trillion Cut Trillion,Purple,Very Slightly Included,Heat Treated,6500.0,,8.58 x 8.97 x 5.68,Certified by Natural Sapphire Company,2025-09-08
Amethyst,Purple,2.26,Trillion Cut Trillion,Purple,Very Slightly Included,Heat Treated,7475.0,,8.93 x 9.21 x 6.02,Certified by Natural Sapphire Company,2025-09-08
Amethyst,Purple,2.19,Trillion Cut Trillion,Purple,Very Slightly Included,Heat Treated,7150.0,,8.98 x 9.44 x 5.83,Certified by Natural Sapphire Company,2025-09-08
Amethyst,Purple,1.87,Trillion Cut Trillion,Purple,Very Slightly Included,Heat Treated,6175.0,,8.93 x 8.93 x 4.63,Certified by Natural Sapphire Company,2025-09-08
Amethyst,Purple,2.27,Trillion Cut Trillion,Purple,Very Slightly Included,Heat Treated,7475.0,,9.09 x 9.22 x 5.85,Certified by Natural Sapphire Company,2025-09-08
Amethyst,Purple,2.12,Trillion Cut Trillion,Purple,Very Slightly Included,Heat Treated,6825.0,,8.95 x 9.26 x 5.78,Certified by Natural Sapphire Company,2025-09-08
Citrine,Yellow,2.45,Mixed Brilliant Pear,Yellow,Very Very Slightly Included,Heat Treated,17550.0,,11.84 x 8.04 x 4.92,Certified by Natural Sapphire Company,2025-09-08
Amethyst,Purple,2.13,Trillion Cut Trillion,Purple,Very Slightly Included,Heat Treated,6825.0,,9.02 x 9.1 x 5.4,Certified by Natural Sapphire Company,2025-09-08
Amethyst,Purple,1.64,Trillion Cut Trillion,Purple,Very Slightly Included,Heat Treated,5200.0,,8.43 x 8.97 x 4.66,Certified by Natural Sapphire Company,2025-09-08
Amethyst,Purple,1.9,Trillion Cut Trillion,Purple,Very Slightly Included,Heat Treated,6175.0,,8.92 x 9.15 x 5.38,Certified by Natural Sapphire Company,2025-09-08
Amethyst,Purple,1.94,Trillion Cut Trillion,Purple,Very Slightly Included,Heat Treated,6175.0,,8.95 x 9.13 x 5.17,Certified by Natural Sapphire Company,2025-09-08
Amethyst,Purple,2.44,Trillion Cut Trillion,Purple,Very Slightly Included,Heat Treated,7800.0,,8.99 x 9.1 x 6.27,Certified by Natural Sapphire Company,2025-09-08
Amethyst,Purple,2.07,Trillion Cut Trillion,Purple,Very Slightly Included,Heat Treated,6825.0,,9.03 x 9.23 x 5.96,Certified by Natural Sapphire Company,2025-09-08
Amethyst,Purple,2.12,Trillion Cut Trillion,Purple,Very Slightly Included,Heat Treated,6825.0,,9.07 x 9.13 x 5.77,Certified by Natural Sapphire Company,2025-09-08
Amethyst,Purple,2.23,Trillion Cut Trillion,Purple,Very Slightly Included,Heat Treated,7150.0,,9.23 x 9.29 x 5.92,Certified by Natural Sapphire Company,2025-09-08
Amethyst,Purple,2.26,Trillion Cut Trillion,Purple,Very Slightly Included,Heat Treated,7475.0,,9.13 x 9.36 x 6.22,Certified by Natural Sapphire Company,2025-09-08
Amethyst,Purple,2.09,Trillion Cut Trillion,Purple,Very Slightly Included,Heat Treated,6825.0,,9.17 x 9.18 x 5.33,Certified by Natural Sapphire Company,2025-09-08
Amethyst,Purple,2.05,Trillion Cut Trillion,Purple,Very Slightly Included,Heat Treated,6500.0,,8.97 x 9.21 x 5.39,Certified by Natural Sapphire Company,2025-09-08
Amethyst,Purple,2.13,Trillion Cut Trillion,Purple,Slightly Included,Heat Treated,6825.0,,9.03 x 9.23 x 5.68,Certified by Natural Sapphire Company,2025-09-08
Amethyst,Purple,2.16,Trillion Cut Trillion,Purple,Very Slightly Included,Heat Treated,7150.0,,8.97 x 9.43 x 5.4,Certified by Natural Sapphire Company,2025-09-08
Amethyst,Purple,2.09,Trillion Cut Trillion,Purple,Very Slightly Included,Heat Treated,6825.0,,8.97 x 9.12 x 5.85,Certified by Natural Sapphire Company,2025-09-08
Amethyst,Purple,2.36,Trillion Cut Trillion,Purple,Very Slightly Included,Heat Treated,7800.0,,8.86 x 9.11 x 5.97,Certified by Natural Sapphire Company,2025-09-08
Amethyst,Purple,2.07,Trillion Cut Trillion,Purple,Very Slightly Included,Heat Treated,6825.0,,9.06 x 9.39 x 5.64,Certified by Natural Sapphire Company,2025-09-08
Amethyst,Purple,1.99,Trillion Cut Trillion,Purple,Very Slightly Included,Heat Treated,6500.0,,9.04 x 9.16 x 5.17,Certified by Natural Sapphire Company,2025-09-08
Amethyst,Purple,2.12,Trillion Cut Trillion,Purple,Very Slightly Included,Heat Treated,6825.0,,9.1 x 9.18 x 5.73,Certified by Natural Sapphire Company,2025-09-08
Amethyst,Purple,2.33,Trillion Cut Trillion,Purple,Very Slightly Included,Heat Treated,7475.0,,8.95 x 9.31 x 6.23,Certified by Natural Sapphire Company,2025-09-08
Amethyst,Purple,2.03,Trillion Cut Trillion,Purple,Very Slightly Included,Heat Treated,6825.0,,8.95 x 8.98 x 5.24,Certified by Natural Sapphire Company,2025-09-08
Amethyst,Purple,1.97,Trillion Cut Trillion,Purple,Very Slightly Included,Heat Treated,6500.0,,8.9 x 9.26 x 5.21,Certified by Natural Sapphire Company,2025-09-08
Amethyst,Purple,2.1,Trillion Cut Trillion,Purple,Very Slightly Included,Heat Treated,6825.0,,9.01 x 9.08 x 5.44,Certified by Natural Sapphire Company,2025-09-08
Topaz,Pink,2.14,Checkerboard Oval,Pink,Very Slightly Included,Vapor-Infused Coating,6825.0,,8.99 x 6.92 x 4.82,Certified by Natural Sapphire Company,2025-09-08
Amethyst,Purple,1.97,Trillion Cut Trillion,Purple,Very Slightly Included,Heat Treated,6500.0,,8.94 x 9.13 x 5.34,Certified by Natural Sapphire Company,2025-09-08
Amethyst,Purple,2.14,Trillion Cut Trillion,Purple,Eye Clean,Heat Treated,6825.0,,9.04 x 9.23 x 5.9,Certified by Natural Sapphire Company,2025-09-08
Amethyst,Purple,2.2,Trillion Cut Trillion,Purple,Very Slightly Included,Heat Treated,7150.0,,9.02 x 9.39 x 5.64,Certified by Natural Sapphire Company,2025-09-08
Amethyst,Purple,2.16,Trillion Cut Trillion,Purple,Very Slightly Included,Heat Treated,7150.0,,9.04 x 9.2 x 5.43,Certified by Natural Sapphire Company,2025-09-08
Amethyst,Purple,2.02,Trillion Cut Trillion,Purple,Slightly Included,Heat Treated,6500.0,,9.06 x 9.02 x 5.45,Certified by Natural Sapphire Company,2025-09-08
Garnet,Pinkish Purple,4.27,Mixed Brilliant Oval,Pinkish Purple,Very Slightly Included,No Enhancement,63700.0,,10.43 x 8.46 x 6.32,Certified by Natural Sapphire Company,2025-09-08
Zircon,Orange,2.21,Mixed Brilliant Oval,Orange,Very Slightly Included,Heat Treated,64675.0,,7.98 x 6.84 x 3.96,Certified by Natural Sapphire Company,2025-09-08
Zircon,Brown,5.22,Trillion Cut Trillion,Brown,Very Slightly Included,Heat Treated,152750.0,,10.44 x 10.27 x 5.42,Certified by Natural Sapphire Company,2025-09-08
Zircon,Orange,2.79,Mixed Brilliant Oval,Orange,Very Slightly Included,Heat Treated,81575.0,,9.89 x 6.78 x 3.66,Certified by Natural Sapphire Company,2025-09-08
Amethyst,Purple,2.34,Trillion Cut Trillion,Purple,Very Slightly Included,Heat Treated,7475.0,,9.03 x 9.27 x 5.8,Certified by Natural Sapphire Company,2025-09-08
Zircon,Pinkish Brown,1.86,Mixed Brilliant Round,Pinkish Brown,Very Slightly Included,Heat Treated,54275.0,,7.01 x 6.76 x 4.11,Certified by Natural Sapphire Company,2025-09-08
Zircon,Orangish Brown,3.0,Mixed Brilliant Oval,Orangish Brown,Very Slightly Included,Heat Treated,87750.0,,9.98 x 6.83 x 4.35,Certified by Natural Sapphire Company,2025-09-08
Zircon,Brown,2.1,Mixed Brilliant Oval,Brown,Very Slightly Included,Heat Treated,61425.0,,7.28 x 6.77 x 4.01,Certified by Natural Sapphire Company,2025-09-08
Zircon,Pinkish Brown,1.99,Mixed Brilliant Oval,Pinkish Brown,Very Slightly Included,Heat Treated,58175.0,,8.6 x 6.15 x 3.5,Certified by Natural Sapphire Company,2025-09-08
Zircon,Orange,3.59,Mixed Brilliant Oval,Orange,Very Slightly Included,Heat Treated,104975.0,,8.88 x 7.21 x 5.65,Certified by Natural Sapphire Company,2025-09-08
Zircon,Orangish Brown,1.94,Mixed Brilliant Oval,Orangish Brown,Very Slightly Included,Heat Treated,56875.0,,7.96 x 6.47 x 3.75,Certified by Natural Sapphire Company,2025-09-08
Zircon,Brown,2.97,Mixed Brilliant Oval,Brown,Very Slightly Included,Heat Treated,86775.0,,8.89 x 7.13 x 4.27,Certified by Natural Sapphire Company,2025-09-08
Zircon,Brown,1.88,Mixed Brilliant Oval,Brown,Very Slightly Included,Heat Treated,54925.0,,8.49 x 5.98 x 3.53,Certified by Natural Sapphire Company,2025-09-08
Zircon,Brown,1.85,Mixed Brilliant Oval,Brown,Very Slightly Included,Heat Treated,53950.0,,7.88 x 6.1 x 3.7,Certified by Natural Sapphire Company,2025-09-08
Zircon,Red,1.96,Mixed Brilliant Oval,Red,Very Slightly Included,Heat Treated,57200.0,,7.42 x 5.99 x 4.26,Certified by Natural Sapphire Company,2025-09-08
Zircon,Pinkish Brown,1.91,Mixed Brilliant Oval,Pinkish Brown,Very Slightly Included,Heat Treated,55900.0,,8.19 x 5.88 x 3.63,Certified by Natural Sapphire Company,2025-09-08
Zircon,Orange,1.89,Mixed Brilliant Oval,Orange,Very Slightly Included,Heat Treated,55250.0,,7.56 x 5.75 x 4.4,Certified by Natural Sapphire Company,2025-09-08
Zircon,Orange,1.98,Mixed Brilliant Oval,Orange,Very Slightly Included,Heat Treated,57850.0,,7.51 x 5.97 x 4.63,Certified by Natural Sapphire Company,2025-09-08
Zircon,Red,1.9,Mixed Brilliant Oval,Red,Very Slightly Included,Heat Treated,55575.0,,7.67 x 6.48 x 3.54,Certified by Natural Sapphire Company,2025-09-08
Zircon,Pinkish Brown,1.95,Mixed Brilliant Oval,Pinkish Brown,Very Slightly Included,Heat Treated,57200.0,,7.79 x 6.31 x 3.78,Certified by Natural Sapphire Company,2025-09-08
Zircon,Pinkish Brown,2.0,Mixed Brilliant Oval,Pinkish Brown,Very Slightly Included,Heat Treated,58500.0,,7.38 x 6.74 x 3.82,Certified by Natural Sapphire Company,2025-09-08
Zircon,Pinkish Brown,1.92,Mixed Brilliant Oval,Pinkish Brown,Very Slightly Included,Heat Treated,56225.0,,8.1 x 6.5 x 3.46,Certified by Natural Sapphire Company,2025-09-08
Zircon,Orangish Brown,1.84,Mixed Brilliant Oval,Orangish Brown,Very Slightly Included,Heat Treated,53950.0,,7.73 x 6.16 x 3.77,Certified by Natural Sapphire Company,2025-09-08
Zircon,Pinkish Brown,2.07,Mixed Brilliant Oval,Pinkish Brown,Very Slightly Included,Heat Treated,60450.0,,8.24 x 6.58 x 3.7,Certified by Natural Sapphire Company,2025-09-08
Zircon,Purplish Red,1.95,Mixed Brilliant Oval,Purplish Red,Very Slightly Included,Heat Treated,57200.0,,7.91 x 6.62 x 3.6,Certified by Natural Sapphire Company,2025-09-08
Zircon,Orangish Brown,1.86,Mixed Brilliant Oval,Orangish Brown,Very Slightly Included,Heat Treated,54275.0,,8.12 x 6.12 x 3.62,Certified by Natural Sapphire Company,2025-09-08
Zircon,Brown,1.96,Mixed Brilliant Oval,Brown,Very Slightly Included,Heat Treated,57200.0,,8.21 x 5.98 x 3.9,Certified by Natural Sapphire Company,2025-09-08
Zircon,Brown,3.29,Mixed Brilliant Oval,Brown,Very Slightly Included,Heat Treated,96200.0,,9.68 x 7.43 x 4.42,Certified by Natural Sapphire Company,2025-09-08
Zircon,Orange,1.94,Mixed Brilliant Oval,Orange,Very Slightly Included,Heat Treated,56875.0,,7.7 x 6.1 x 3.88,Certified by Natural Sapphire Company,2025-09-08
Zircon,Orange,2.04,Mixed Brilliant Cushion,Orange,Very Slightly Included,Heat Treated,59800.0,,7.07 x 5.97 x 4.56,Certified by Natural Sapphire Company,2025-09-08
Zircon,Orange,1.75,Mixed Brilliant Cushion,Orange,Very Slightly Included,Heat Treated,51350.0,,7.19 x 5.94 x 3.67,Certified by Natural Sapphire Company,2025-09-08
Zircon,Pinkish Brown,1.65,Mixed Brilliant Cushion,Pinkish Brown,Very Slightly Included,Heat Treated,48100.0,,6.01 x 5.66 x 4.44,Certified by Natural Sapphire Company,2025-09-08
Garnet,Red,2.48,Checkerboard Round,Red,Very Slightly Included,Heat Treated,40300.0,,8.14 x 8.08 x 4.96,Certified by Natural Sapphire Company,2025-09-08
Garnet,Red,3.02,Checkerboard Round,Red,Very Slightly Included,Heat Treated,49075.0,,9.02 x 8.99 x 4.9,Certified by Natural Sapphire Company,2025-09-08
Garnet,Red,2.48,Checkerboard Round,Red,Very Slightly Included,Heat Treated,40300.0,,8.01 x 8.11 x 5.38,Certified by Natural Sapphire Company,2025-09-08
Garnet,Red,2.18,Checkerboard Round,Red,Very Slightly Included,Heat Treated,35425.0,,8.15 x 8.16 x 4.46,Certified by Natural Sapphire Company,2025-09-08
Zircon,Brown,1.59,Mixed Brilliant Oval,Brown,Very Slightly Included,No Enhancement,13325.0,,7.39 x 5.48 x 3.97,Certified by Natural Sapphire Company,2025-09-08
Topaz,Pink,2.31,Checkerboard Oval,Pink,Very Slightly Included,Vapor-Infused Coating,7475.0,,9.07 x 6.99 x 5.07,Certified by Natural Sapphire Company,2025-09-08
Topaz,Pink,2.29,Checkerboard Oval,Pink,Very Slightly Included,Vapor-Infused Coating,7475.0,,8.96 x 6.92 x 5.06,Certified by Natural Sapphire Company,2025-09-08
Topaz,Pink,2.18,Checkerboard Oval,Pink,Very Slightly Included,Vapor-Infused Coating,7150.0,,8.99 x 6.95 x 4.85,Certified by Natural Sapphire Company,2025-09-08
Topaz,Pink,2.49,Checkerboard Oval,Pink,Eye Clean,Vapor-Infused Coating,8125.0,,9.17 x 7.06 x 5.36,Certified by Natural Sapphire Company,2025-09-08
Topaz,Pink,2.1,Checkerboard Oval,Pink,Very Slightly Included,Vapor-Infused Coating,6825.0,,9.11 x 7.1 x 4.61,Certified by Natural Sapphire Company,2025-09-08
Topaz,Pink,2.12,Checkerboard Oval,Pink,Eye Clean,Vapor-Infused Coating,6825.0,,9.08 x 7.01 x 4.71,Certified by Natural Sapphire Company,2025-09-08
Topaz,Pink,2.17,Checkerboard Oval,Pink,Eye Clean,Vapor-Infused Coating,7150.0,,9.1 x 6.99 x 4.95,Certified by Natural Sapphire Company,2025-09-08
Topaz,Pink,2.24,Checkerboard Oval,Pink,Very Slightly Included,Vapor-Infused Coating,7150.0,,8.93 x 7.03 x 5.01,Certified by Natural Sapphire Company,2025-09-08
Topaz,Pink,2.15,Checkerboard Oval,Pink,Eye Clean,Vapor-Infused Coating,7150.0,,9.09 x 7.07 x 4.92,Certified by Natural Sapphire Company,2025-09-08
Topaz,Pink,2.19,Checkerboard Oval,Pink,Very Slightly Included,Vapor-Infused Coating,7150.0,,8.97 x 6.91 x 4.88,Certified by Natural Sapphire Company,2025-09-08
Topaz,Pink,2.21,Checkerboard Oval,Pink,Very Slightly Included,Vapor-Infused Coating,7150.0,,9.16 x 7.18 x 4.81,Certified by Natural Sapphire Company,2025-09-08
Topaz,Pink,2.31,Checkerboard Oval,Pink,Very Slightly Included,Vapor-Infused Coating,7475.0,,9.11 x 7.06 x 5.09,Certified by Natural Sapphire Company,2025-09-08
Topaz,Pink,2.35,Checkerboard Oval,Pink,Very Slightly Included,Vapor-Infused Coating,7800.0,,9.1 x 7.06 x 4.9,Certified by Natural Sapphire Company,2025-09-08
Topaz,Pink,2.12,Checkerboard Oval,Pink,Very Slightly Included,Vapor-Infused Coating,6825.0,,9.22 x 7.04 x 4.6,Certified by Natural Sapphire Company,2025-09-08
Topaz,Pink,2.24,Checkerboard Oval,Pink,Very Slightly Included,Vapor-Infused Coating,7150.0,,8.99 x 6.97 x 4.87,Certified by Natural Sapphire Company,2025-09-08
Topaz,Pink,2.15,Checkerboard Oval,Pink,Very Slightly Included,Vapor-Infused Coating,7150.0,,8.97 x 6.93 x 4.7,Certified by Natural Sapphire Company,2025-09-08
Topaz,Pink,2.16,Checkerboard Oval,Pink,Very Slightly Included,Vapor-Infused Coating,7150.0,,9.2 x 7.0 x 4.53,Certified by Natural Sapphire Company,2025-09-08
Moonstone,Grey,21.48,Cabochon Oval,Grey,Very Very Slightly Included,No Enhancement,97825.0,,21.03 x 18.95 x 7.65,Certified by Natural Sapphire Company,2025-09-08
Topaz,Pink,1.5,Checkerboard Oval,Pink,Very Slightly Included,Vapor-Infused Coating,4875.0,,8.12 x 6.05 x 4.18,Certified by Natural Sapphire Company,2025-09-08
Topaz,Pink,1.95,Checkerboard Oval,Pink,Very Slightly Included,Vapor-Infused Coating,6500.0,,9.08 x 7.07 x 4.41,Certified by Natural Sapphire Company,2025-09-08
Topaz,Pink,2.22,Checkerboard Oval,Pink,Very Slightly Included,Vapor-Infused Coating,7150.0,,8.96 x 6.9 x 4.98,Certified by Natural Sapphire Company,2025-09-08
Topaz,Pink,2.45,Checkerboard Oval,Pink,Eye Clean,Vapor-Infused Coating,7800.0,,9.1 x 7.09 x 5.26,Certified by Natural Sapphire Company,2025-09-08
Topaz,Pink,2.36,Checkerboard Oval,Pink,Very Slightly Included,Vapor-Infused Coating,7800.0,,9.0 x 6.9 x 5.2,Certified by Natural Sapphire Company,2025-09-08
Topaz,Pink,2.25,Checkerboard Oval,Pink,Very Slightly Included,Vapor-Infused Coating,7150.0,,9.05 x 7.05 x 4.78,Certified by Natural Sapphire Company,2025-09-08
Topaz,Pink,2.0,Checkerboard Oval,Pink,Very Slightly Included,Vapor-Infused Coating,6500.0,,9.18 x 7.04 x 4.36,Certified by Natural Sapphire Company,2025-09-08
Topaz,Pink,2.63,Mixed Brilliant Oval,Pink,Very Slightly Included,Vapor-Infused Coating,8450.0,,9.12 x 7.11 x 5.56,Certified by Natural Sapphire Company,2025-09-08
Topaz,Pink,2.31,Checkerboard Oval,Pink,Very Slightly Included,Vapor-Infused Coating,7475.0,,9.07 x 7.02 x 4.95,Certified by Natural Sapphire Company,2025-09-08
Topaz,Pink,2.37,Checkerboard Oval,Pink,Very Slightly Included,Vapor-Infused Coating,7800.0,,9.0 x 6.97 x 5.07,Certified by Natural Sapphire Company,2025-09-08
Topaz,Pink,2.15,Checkerboard Oval,Pink,Very Slightly Included,Vapor-Infused Coating,7150.0,,9.19 x 7.0 x 4.8,Certified by Natural Sapphire Company,2025-09-08
Topaz,Pink,2.13,Checkerboard Oval,Pink,Very Slightly Included,Vapor-Infused Coating,6825.0,,8.97 x 6.82 x 4.65,Certified by Natural Sapphire Company,2025-09-08
Topaz,Pink,2.39,Checkerboard Oval,Pink,Very Slightly Included,Vapor-Infused Coating,7800.0,,9.09 x 7.12 x 5.2,Certified by Natural Sapphire Company,2025-09-08
Topaz,Pink,2.17,Checkerboard Oval,Pink,Very Slightly Included,Vapor-Infused Coating,7150.0,,9.1 x 7.07 x 4.86,Certified by Natural Sapphire Company,2025-09-08
Topaz,Pink,2.33,Checkerboard Oval,Pink,Eye Clean,Vapor-Infused Coating,7475.0,,9.15 x 7.0 x 4.76,Certified by Natural Sapphire Company,2025-09-08
Topaz,Pink,2.3,Checkerboard Oval,Pink,Very Slightly Included,Vapor-Infused Coating,7475.0,,8.97 x 6.94 x 5.08,Certified by Natural Sapphire Company,2025-09-08
Spinel,Reddish Pink,0.75,Mixed Brilliant Oval,Reddish Pink,Eye Clean,Heat Treated,39000.0,,6.15 x 4.57 x 3.62,Certified by Natural Sapphire Company,2025-09-08
Aquamarine,Blue,1.05,Mixed Brilliant Round,Blue,Very Slightly Included,Heat Treated,26000.0,,6.58 x 6.64 x 4.55,Certified by Natural Sapphire Company,2025-09-08
Spinel,Blue,1.51,Mixed Brilliant Pear,Blue,Slightly Included,Heat Treated,195325.0,,10.36 x 6.7 x 3.59,Certified by Natural Sapphire Company,2025-09-08
Spinel,Blue,8.13,Mixed Brilliant Oval,Blue,Slightly Included,No Enhancement,2444000.0,,12.35 x 10.29 x 8.25,Certified by Natural Sapphire Company,2025-09-08
Spinel,Pinkish Red,1.4,Mixed Brilliant Oval,Pinkish Red,Very Slightly Included,Heat Treated,78325.0,,7.4 x 6.48 x 4.02,Certified by Natural Sapphire Company,2025-09-08
Spinel,Purple,0.53,Mixed Brilliant Round,Purple,Eye Clean,Heat Treated,27300.0,,5.03 x 5.03 x 3.05,Certified by Natural Sapphire Company,2025-09-08
Topaz,Pink,2.78,Checkerboard Cushion,Pink,Very Slightly Included,Vapor-Infused Coating,9100.0,,9.08 x 6.92 x 5.41,Certified by Natural Sapphire Company,2025-09-08
Topaz,Pink,2.81,Checkerboard Cushion,Pink,Eye Clean,Vapor-Infused Coating,9100.0,,8.94 x 7.2 x 5.49,Certified by Natural Sapphire Company,2025-09-08
Topaz,Pink,2.49,Checkerboard Cushion,Pink,Eye Clean,Vapor-Infused Coating,8125.0,,9.18 x 7.05 x 4.91,Certified by Natural Sapphire Company,2025-09-08
Topaz,Pink,2.54,Checkerboard Cushion,Pink,Very Slightly Included,Vapor-Infused Coating,8125.0,,9.14 x 7.11 x 4.91,Certified by Natural Sapphire Company,2025-09-08
Topaz,Pink,2.66,Checkerboard Cushion,Pink,Very Slightly Included,Vapor-Infused Coating,8775.0,,9.15 x 7.15 x 4.83,Certified by Natural Sapphire Company,2025-09-08
Spinel,Purple,1.38,Mixed Brilliant Fancy,Purple,Very Slightly Included,No Enhancement,520000.0,,7.06 x 6.01 x 4.42,Certified by Natural Sapphire Company,2025-09-08
Spinel,Reddish Pink,0.36,Mixed Brilliant Cushion,Reddish Pink,Very Slightly Included,Heat Treated,18850.0,,5.09 x 3.57 x 2.46,Certified by Natural Sapphire Company,2025-09-08
Spinel,Pink,1.8,Mixed Brilliant Oval,Pink,Very Slightly Included,Heat Treated,643500.0,,9.01 x 7.06 x 3.97,Certified by Natural Sapphire Company,2025-09-08
Spinel,Pinkish Red,1.51,Trillion Cut Trillion,Pinkish Red,Very Slightly Included,Heat Treated,97500.0,,7.35 x 8.54 x 4.16,Certified by Natural Sapphire Company,2025-09-08
Spinel,Purple,2.64,Mixed Brilliant Cushion,Purple,Very Slightly Included,Heat Treated,260000.0,,9.58 x 7.45 x 4.52,Certified by Natural Sapphire Company,2025-09-08
Alexandrite,Bluish Green to Reddish Purple,0.21,Mixed Brilliant Pear,Bluish Green to Reddish Purple,Very Slightly Included,No Enhancement,338000.0,,4.71 x 3.14 x 2.0,Certified by Natural Sapphire Company,2025-09-08
Alexandrite,Bluish Green to Reddish Purple,0.22,Mixed Brilliant Oval,Bluish Green to Reddish Purple,Very Slightly Included,No Enhancement,409500.0,,4.34 x 3.29 x 2.08,Certified by Natural Sapphire Company,2025-09-08
Alexandrite,Green to Purple,0.55,Mixed Brilliant Oval,Green to Purple,Very Slightly Included,No Enhancement,617500.0,,5.26 x 4.34 x 2.91,Certified by Natural Sapphire Company,2025-09-08
Zircon,Purplish Red,1.37,Mixed Brilliant Oval,Purplish Red,Very Slightly Included,No Enhancement,11700.0,,6.26 x 5.44 x 4.45,Certified by Natural Sapphire Company,2025-09-08
Spinel,Bluish Grey,1.4,Mixed Brilliant Round,Bluish Grey,Very Slightly Included,No Enhancement,36400.0,,7.05 x 7.01 x 4.68,Certified by Natural Sapphire Company,2025-09-08
Spinel,Pinkish Purple,1.66,Mixed Brilliant Cushion,Pinkish Purple,Very Slightly Included,No Enhancement,43225.0,,6.69 x 6.65 x 5.03,Certified by Natural Sapphire Company,2025-09-08
Spinel,Violet,1.82,Mixed Brilliant Cushion,Violet,Very Slightly Included,No Enhancement,47450.0,,7.52 x 6.98 x 4.87,Certified by Natural Sapphire Company,2025-09-08
Spinel,Blue,1.52,Mixed Brilliant Cushion,Blue,Very Slightly Included,No Enhancement,39650.0,,6.48 x 6.46 x 4.78,Certified by Natural Sapphire Company,2025-09-08
Spinel,Purple,1.62,Mixed Brilliant Cushion,Purple,Very Slightly Included,No Enhancement,42250.0,,6.96 x 6.94 x 4.64,Certified by Natural Sapphire Company,2025-09-08
Spinel,Blue,1.0,Mixed Brilliant Cushion,Blue,Very Slightly Included,No Enhancement,26000.0,,5.6 x 5.56 x 4.44,Certified by Natural Sapphire Company,2025-09-08
Spinel,Greenish Blue,0.86,Mixed Brilliant Cushion,Greenish Blue,Very Slightly Included,No Enhancement,22425.0,,5.58 x 5.55 x 3.67,Certified by Natural Sapphire Company,2025-09-08
Spinel,Purple,1.0,Mixed Brilliant Oval,Purple,Very Slightly Included,No Enhancement,22750.0,,7.05 x 5.03 x 3.77,Certified by Natural Sapphire Company,2025-09-08
Spinel,Violet,0.99,Mixed Brilliant Oval,Violet,Very Slightly Included,No Enhancement,22425.0,,7.16 x 5.08 x 3.77,Certified by Natural Sapphire Company,2025-09-08
Spinel,Purple,1.1,Mixed Brilliant Oval,Purple,Very Slightly Included,No Enhancement,25025.0,,7.06 x 5.14 x 4.13,Certified by Natural Sapphire Company,2025-09-08
Spinel,Blue,0.79,Mixed Brilliant Round,Blue,Very Slightly Included,No Enhancement,17875.0,,6.03 x 6.04 x 3.51,Certified by Natural Sapphire Company,2025-09-08
Spinel,Violet,0.85,Mixed Brilliant Round,Violet,Very Slightly Included,No Enhancement,19500.0,,6.07 x 6.04 x 3.89,Certified by Natural Sapphire Company,2025-09-08
Spinel,Blue,1.81,Mixed Brilliant Round,Blue,Slightly Included,No Enhancement,52975.0,,7.56 x 7.55 x 5.13,Certified by Natural Sapphire Company,2025-09-08
Spinel,Violet,1.47,Radiant Cut Radiant,Violet,Very Slightly Included,No Enhancement,33475.0,,7.47 x 5.5 x 4.35,Certified by Natural Sapphire Company,2025-09-08
Spinel,Greenish Blue,1.17,Mixed Brilliant Cushion,Greenish Blue,Very Slightly Included,No Enhancement,26650.0,,6.04 x 5.99 x 4.39,Certified by Natural Sapphire Company,2025-09-08
Spinel,Violet,1.12,Mixed Brilliant Cushion,Violet,Very Slightly Included,No Enhancement,32825.0,,6.64 x 5.62 x 4.04,Certified by Natural Sapphire Company,2025-09-08
Spinel,Purple,1.87,Mixed Brilliant Cushion,Purple,Very Slightly Included,No Enhancement,42575.0,,8.05 x 7.07 x 4.73,Certified by Natural Sapphire Company,2025-09-08
Spinel,Pinkish Purple,2.98,Step Cut Fancy,Pinkish Purple,Very Slightly Included,No Enhancement,87100.0,,10.54 x 8.88 x 5.36,Certified by Natural Sapphire Company,2025-09-08
Spinel,Pinkish Purple,1.28,Mixed Brilliant Cushion,Pinkish Purple,Very Slightly Included,No Enhancement,37375.0,,6.46 x 6.39 x 4.34,Certified by Natural Sapphire Company,2025-09-08
Alexandrite,Green to Brown,2.57,Mixed Brilliant Cushion,Green to Brown,Very Slightly Included,No Enhancement,4259775.0,,7.44 x 6.24 x 6.02,Certified by Natural Sapphire Company,2025-09-08
Aquamarine,Blue,1.6,Mixed Brilliant Cushion,Blue,Slightly Included,No Enhancement,20800.0,,7.79 x 6.8 x 5.45,Certified by Natural Sapphire Company,2025-09-08
Aquamarine,Blue,1.05,Mixed Brilliant Cushion,Blue,Very Slightly Included,No Enhancement,13650.0,,6.6 x 6.55 x 4.4,Certified by Natural Sapphire Company,2025-09-08
Beryl,Grey,2.24,Mixed Brilliant Round,Grey,Very Slightly Included,No Enhancement,29250.0,,9.08 x 9.07 x 6.06,Certified by Natural Sapphire Company,2025-09-08
Beryl,White,0.61,Mixed Brilliant Round,White,Very Slightly Included,No Enhancement,7800.0,,5.97 x 5.97 x 3.77,Certified by Natural Sapphire Company,2025-09-08
Zircon,Green,0.57,Mixed Brilliant Cushion,Green,Very Slightly Included,No Enhancement,13000.0,,4.59 x 4.58 x 3.48,Certified by Natural Sapphire Company,2025-09-08
Spinel,Greyish Blue,1.54,Mixed Brilliant Cushion,Greyish Blue,Very Slightly Included,No Enhancement,45175.0,,6.56 x 6.55 x 4.56,Certified by Natural Sapphire Company,2025-09-08
Spinel,Blue,1.54,Mixed Brilliant Oval,Blue,Very Slightly Included,No Enhancement,50050.0,,8.05 x 6.11 x 4.16,Certified by Natural Sapphire Company,2025-09-08
Spinel,Purple,1.54,Radiant Cut Radiant,Purple,Very Slightly Included,No Enhancement,130000.0,,7.64 x 5.36 x 4.39,Certified by Natural Sapphire Company,2025-09-08
Spinel,Bluish Grey,1.16,Radiant Cut Radiant,Bluish Grey,Very Slightly Included,No Enhancement,65000.0,,7.05 x 4.89 x 3.81,Certified by Natural Sapphire Company,2025-09-08
Spinel,Purplish Pink,1.08,Radiant Cut Radiant,Purplish Pink,Very Slightly Included,No Enhancement,65325.0,,6.96 x 5.45 x 3.71,Certified by Natural Sapphire Company,2025-09-08
Spinel,Purple,1.68,Mixed Brilliant Cushion,Purple,Very Slightly Included,No Enhancement,130000.0,,7.95 x 6.29 x 3.95,Certified by Natural Sapphire Company,2025-09-08
Spinel,Purple,2.2,Radiant Cut Radiant,Purple,Very Slightly Included,No Enhancement,350350.0,,8.71 x 5.97 x 4.78,Certified by Natural Sapphire Company,2025-09-08
Spinel,Purple,1.37,Radiant Cut Radiant,Purple,Very Slightly Included,No Enhancement,65000.0,,7.66 x 5.43 x 3.82,Certified by Natural Sapphire Company,2025-09-08
Spinel,Blue,1.25,Radiant Cut Radiant,Blue,Very Slightly Included,No Enhancement,65000.0,,6.54 x 6.3 x 3.52,Certified by Natural Sapphire Company,2025-09-08
Spinel,Purple,1.12,Radiant Cut Radiant,Purple,Slightly Included,No Enhancement,64675.0,,6.41 x 5.06 x 3.94,Certified by Natural Sapphire Company,2025-09-08
Spinel,Purple,0.91,Mixed Brilliant Round,Purple,Very Slightly Included,No Enhancement,32500.0,,6.53 x 6.53 x 3.3,Certified by Natural Sapphire Company,2025-09-08
Spinel,Purple,2.83,Radiant Cut Radiant,Purple,Slightly Included,No Enhancement,351325.0,,9.02 x 6.43 x 5.38,Certified by Natural Sapphire Company,2025-09-08
Garnet,Red,2.44,Checkerboard Round,Red,Very Slightly Included,Heat Treated,39650.0,,8.13 x 7.99 x 5.08,Certified by Natural Sapphire Company,2025-09-08
Garnet,Pinkish Purple,1.22,Mixed Brilliant Pear,Pinkish Purple,Slightly Included,No Enhancement,19825.0,,8.37 x 5.73 x 3.45,Certified by Natural Sapphire Company,2025-09-08
Garnet,Purple,1.26,Radiant Cut Radiant,Purple,Very Slightly Included,No Enhancement,19500.0,,6.34 x 5.19 x 4.21,Certified by Natural Sapphire Company,2025-09-08
Garnet,Red,1.94,Mixed Brilliant Oval,Red,Slightly Included,No Enhancement,18850.0,,8.97 x 6.89 x 4.09,Certified by Natural Sapphire Company,2025-09-08
Garnet,Red,2.18,Checkerboard Round,Red,Very Slightly Included,Heat Treated,35425.0,,8.24 x 8.13 x 4.43,Certified by Natural Sapphire Company,2025-09-08
Spinel,Purple,1.13,Mixed Brilliant Round,Purple,Very Slightly Included,No Enhancement,32175.0,,6.54 x 6.52 x 4.03,Certified by Natural Sapphire Company,2025-09-08
Topaz,Pink,2.14,Checkerboard Oval,Pink,Eye Clean,Vapor-Infused Coating,6825.0,,9.04 x 7.08 x 4.95,Certified by Natural Sapphire Company,2025-09-08
Spinel,Purple,1.23,Mixed Brilliant Round,Purple,Very Slightly Included,No Enhancement,32825.0,,6.52 x 6.54 x 4.17,Certified by Natural Sapphire Company,2025-09-08
Garnet,Red,2.23,Checkerboard Round,Red,Very Slightly Included,Heat Treated,36400.0,,8.11 x 8.12 x 4.66,Certified by Natural Sapphire Company,2025-09-08
Spinel,Purple,1.12,Mixed Brilliant Round,Purple,Very Slightly Included,No Enhancement,32825.0,,6.51 x 6.54 x 3.94,Certified by Natural Sapphire Company,2025-09-08
Topaz,Pink,2.27,Checkerboard Oval,Pink,Very Slightly Included,Vapor-Infused Coating,7475.0,,9.08 x 7.05 x 4.79,Certified by Natural Sapphire Company,2025-09-08
Chrysoberyl,Brown,5.68,Mixed Brilliant Oval,Brown,Eye Clean,No Enhancement,923000.0,,12.99 x 9.84 x 5.52,Certified by Natural Sapphire Company,2025-09-08
Amethyst,Purple,0.98,Mixed Brilliant Oval,Purple,Very Slightly Included,Heat Treated,2600.0,,7.99 x 5.98 x 3.61,Certified by Natural Sapphire Company,2025-09-08
Topaz,Pink,2.32,Checkerboard Oval,Pink,Very Slightly Included,Vapor-Infused Coating,7475.0,,9.01 x 6.97 x 5.05,Certified by Natural Sapphire Company,2025-09-08
Topaz,Pink,2.37,Checkerboard Oval,Pink,Very Slightly Included,Vapor-Infused Coating,7800.0,,9.15 x 7.15 x 5.09,Certified by Natural Sapphire Company,2025-09-08
Garnet,Red,1.9,Checkerboard Round,Red,Very Slightly Included,Heat Treated,30875.0,,8.04 x 7.94 x 4.04,Certified by Natural Sapphire Company,2025-09-08
Spinel,Purple,1.11,Mixed Brilliant Round,Purple,Very Slightly Included,Heat Treated,130000.0,,6.54 x 6.58 x 3.97,Certified by Natural Sapphire Company,2025-09-08
Spinel,Purplish Pink,2.35,Mixed Brilliant Cushion,Purplish Pink,Eye Clean,Heat Treated,273325.0,,9.08 x 7.56 x 4.21,Certified by Natural Sapphire Company,2025-09-08
Topaz,Pink,2.05,Checkerboard Oval,Pink,Very Slightly Included,Vapor-Infused Coating,6500.0,,9.0 x 7.02 x 4.55,Certified by Natural Sapphire Company,2025-09-08
Topaz,Pink,2.17,Checkerboard Oval,Pink,Very Slightly Included,Vapor-Infused Coating,7150.0,,9.06 x 7.03 x 4.83,Certified by Natural Sapphire Company,2025-09-08
Tourmaline,Brown,5.5,Mixed Brilliant Oval,Brown,Very Slightly Included,Heat Treated,232375.0,,10.82 x 8.13 x 6.01,Certified by Natural Sapphire Company,2025-09-08
Tourmaline,Greenish Brown,1.75,Mixed Brilliant Cushion,Greenish Brown,Very Slightly Included,Heat Treated,74100.0,,7.82 x 6.94 x 4.72,Certified by Natural Sapphire Company,2025-09-08
Garnet,Pink,2.57,Radiant Cut Radiant,Pink,Very Very Slightly Included,No Enhancement,417625.0,,8.63 x 7.26 x 4.17,Certified by Natural Sapphire Company,2025-09-08
Tourmaline,Orange,3.35,Mixed Brilliant Oval,Orange,Very Slightly Included,Heat Treated,141700.0,,10.9 x 8.16 x 5.23,Certified by Natural Sapphire Company,2025-09-08
Spinel,Purple,2.01,Mixed Brilliant Oval,Purple,Very Slightly Included,Heat Treated,207675.0,,9.01 x 6.15 x 4.72,Certified by Natural Sapphire Company,2025-09-08
Tourmaline,Brown,4.31,Mixed Brilliant Oval,Brown,Very Slightly Included,Heat Treated,182000.0,,10.29 x 8.39 x 4.48,Certified by Natural Sapphire Company,2025-09-08
Tourmaline,Greenish Brown,3.12,Mixed Brilliant Oval,Greenish Brown,Very Slightly Included,Heat Treated,131950.0,,9.02 x 6.56 x 4.92,Certified by Natural Sapphire Company,2025-09-08
Tourmaline,Brown,4.43,Modified Brilliant Oval,Brown,Very Slightly Included,Heat Treated,187200.0,,10.9 x 7.99 x 4.8,Certified by Natural Sapphire Company,2025-09-08
Tourmaline,Greenish Brown,2.94,Mixed Brilliant Oval,Greenish Brown,Very Slightly Included,Heat Treated,124150.0,,9.77 x 7.7 x 3.57,Certified by Natural Sapphire Company,2025-09-08
Spinel,Purple,1.74,Mixed Brilliant Cushion,Purple,Very Slightly Included,Heat Treated,195650.0,,7.02 x 6.98 x 4.61,Certified by Natural Sapphire Company,2025-09-08
Tourmaline,Brown,3.73,Mixed Brilliant Cushion,Brown,Very Slightly Included,Heat Treated,157625.0,,10.7 x 7.17 x 4.04,Certified by Natural Sapphire Company,2025-09-08
Tourmaline,Orange,1.65,Mixed Brilliant Cushion,Orange,Very Slightly Included,Heat Treated,69875.0,,8.69 x 7.14 x 3.37,Certified by Natural Sapphire Company,2025-09-08
Spinel,Purple,2.32,Mixed Brilliant Cushion,Purple,Eye Clean,Heat Treated,299975.0,,8.02 x 7.92 x 4.67,Certified by Natural Sapphire Company,2025-09-08
Tourmaline,Brown,4.9,Mixed Brilliant Oval,Brown,Very Slightly Included,Heat Treated,207025.0,,10.25 x 7.64 x 5.77,Certified by Natural Sapphire Company,2025-09-08
Zircon,Yellow,2.82,Mixed Brilliant Pear,Yellow,Eye Clean,Heat Treated,36725.0,,9.73 x 6.85 x 4.96,Certified by Natural Sapphire Company,2025-09-08
Tourmaline,Green,4.21,Mixed Brilliant Oval,Green,Very Slightly Included,Heat Treated,177775.0,,10.83 x 8.62 x 4.28,Certified by Natural Sapphire Company,2025-09-08
Tourmaline,Orange,5.91,Mixed Brilliant Oval,Orange,Very Slightly Included,Heat Treated,249600.0,,10.31 x 8.16 x 6.54,Certified by Natural Sapphire Company,2025-09-08
Tourmaline,Bi Color,2.76,Mixed Brilliant Cushion,Bi Color,Very Slightly Included,Heat Treated,116675.0,,8.71 x 8.26 x 5.55,Certified by Natural Sapphire Company,2025-09-08
Tourmaline,Bi Color,1.93,Mixed Brilliant Cushion,Bi Color,Eye Clean,Heat Treated,81575.0,,8.09 x 7.81 x 4.1,Certified by Natural Sapphire Company,2025-09-08
Rhodolite Garnet,Pinkish Purple,1.41,Mixed Brilliant Round,Pinkish Purple,Very Slightly Included,No Enhancement,73450.0,,6.72 x 6.72 x 4.24,Certified by Natural Sapphire Company,2025-09-08
Rhodolite Garnet,Purplish Pink,1.04,Mixed Brilliant Oval,Purplish Pink,Eye Clean,No Enhancement,53950.0,,6.5 x 5.39 x 3.77,Certified by Natural Sapphire Company,2025-09-08
Rhodolite Garnet,Purplish Pink,0.86,Mixed Brilliant Oval,Purplish Pink,Very Slightly Included,No Enhancement,44850.0,,6.27 x 4.86 x 3.43,Certified by Natural Sapphire Company,2025-09-08
Tourmaline,Pink,0.72,Mixed Brilliant Heart,Pink,Very Slightly Included,No Enhancement,23400.0,,5.94 x 7.23 x 2.69,Certified by Natural Sapphire Company,2025-09-08
Tourmaline,Pink,2.71,Mixed Brilliant Cushion,Pink,Very Slightly Included,No Enhancement,123175.0,,9.28 x 9.16 x 4.45,Certified by Natural Sapphire Company,2025-09-08
Zircon,Yellowish Brown,12.77,Radiant Cut Radiant,Yellowish Brown,Eye Clean,No Enhancement,497900.0,,14.78 x 10.52 x 6.46,Certified by Natural Sapphire Company,2025-09-08
Rhodolite Garnet,Purplish Pink,0.84,Mixed Brilliant Oval,Purplish Pink,Eye Clean,No Enhancement,43550.0,,6.46 x 4.89 x 3.25,Certified by Natural Sapphire Company,2025-09-08
Tourmaline,Purplish Pink,2.3,Mixed Brilliant Cushion,Purplish Pink,Very Slightly Included,No Enhancement,104650.0,,10.18 x 7.75 x 3.76,Certified by Natural Sapphire Company,2025-09-08
Rhodolite Garnet,Purplish Pink,1.37,Mixed Brilliant Round,Purplish Pink,Very Slightly Included,No Enhancement,71175.0,,6.3 x 6.36 x 4.56,Certified by Natural Sapphire Company,2025-09-08
Tourmaline,Pink,1.07,Mixed Brilliant Oval,Pink,Very Slightly Included,No Enhancement,34775.0,,7.75 x 6.12 x 3.74,Certified by Natural Sapphire Company,2025-09-08
Rhodolite Garnet,Pinkish Purple,0.99,Mixed Brilliant Round,Pinkish Purple,Very Slightly Included,No Enhancement,51350.0,,5.73 x 5.76 x 4.07,Certified by Natural Sapphire Company,2025-09-08
Citrine,Yellow,7.46,Mixed Brilliant Oval,Yellow,Very Slightly Included,Heat Treated,72800.0,,15.92 x 12.0 x 6.83,Certified by Natural Sapphire Company,2025-09-08
Zircon,Greenish Yellow,4.0,Mixed Brilliant Oval,Greenish Yellow,Slightly Included,No Enhancement,104000.0,,9.8 x 7.57 x 5.76,Certified by Natural Sapphire Company,2025-09-08
Zircon,Brown,2.11,Mixed Brilliant Round,Brown,Eye Clean,No Enhancement,27300.0,,7.65 x 7.7 x 4.24,Certified by Natural Sapphire Company,2025-09-08
Citrine,Yellow,6.31,Mixed Brilliant Oval,Yellow,Very Slightly Included,Heat Treated,61425.0,,15.59 x 11.5 x 6.53,Certified by Natural Sapphire Company,2025-09-08
Citrine,Yellow,7.88,Mixed Brilliant Oval,Yellow,Very Slightly Included,Heat Treated,76700.0,,15.82 x 11.74 x 7.89,Certified by Natural Sapphire Company,2025-09-08
Citrine,Yellow,8.01,Mixed Brilliant Oval,Yellow,Very Slightly Included,Heat Treated,78000.0,,15.71 x 11.78 x 8.04,Certified by Natural Sapphire Company,2025-09-08
Citrine,Yellow,7.65,Mixed Brilliant Oval,Yellow,Very Slightly Included,Heat Treated,74750.0,,15.65 x 11.57 x 7.73,Certified by Natural Sapphire Company,2025-09-08
Rhodolite Garnet,Purple,4.17,Mixed Brilliant Oval,Purple,Very Slightly Included,No Enhancement,230425.0,,10.71 x 8.82 x 5.45,Certified by Natural Sapphire Company,2025-09-08
Rhodolite Garnet,Pinkish Purple,3.11,Mixed Brilliant Oval,Pinkish Purple,Very Slightly Included,No Enhancement,171925.0,,9.71 x 6.81 x 5.17,Certified by Natural Sapphire Company,2025-09-08
Rhodolite Garnet,Pinkish Purple,2.6,Mixed Brilliant Oval,Pinkish Purple,Very Slightly Included,No Enhancement,143650.0,,8.77 x 7.27 x 5.21,Certified by Natural Sapphire Company,2025-09-08
Rhodolite Garnet,Red,3.5,Mixed Brilliant Oval,Red,Very Slightly Included,No Enhancement,193375.0,,9.26 x 7.45 x 6.38,Certified by Natural Sapphire Company,2025-09-08
Rhodolite Garnet,Red,2.61,Mixed Brilliant Oval,Red,Very Slightly Included,No Enhancement,144300.0,,8.62 x 7.25 x 5.22,Certified by Natural Sapphire Company,2025-09-08
Rhodolite Garnet,Red,2.8,Mixed Brilliant Oval,Red,Very Slightly Included,No Enhancement,154700.0,,9.77 x 7.01 x 4.57,Certified by Natural Sapphire Company,2025-09-08
Rhodolite Garnet,Red,3.14,Mixed Brilliant Trillion,Red,Very Slightly Included,No Enhancement,173550.0,,8.07 x 9.78 x 5.51,Certified by Natural Sapphire Company,2025-09-08
Rhodolite Garnet,Red,3.43,Mixed Brilliant Oval,Red,Slightly Included,No Enhancement,189475.0,,9.06 x 8.01 x 5.44,Certified by Natural Sapphire Company,2025-09-08
Rhodolite Garnet,Red,3.13,Mixed Brilliant Cushion,Red,Very Slightly Included,No Enhancement,172900.0,,11.11 x 7.23 x 4.19,Certified by Natural Sapphire Company,2025-09-08
Rhodolite Garnet,Reddish Purple,3.68,Mixed Brilliant Oval,Reddish Purple,Very Slightly Included,No Enhancement,203450.0,,10.49 x 8.25 x 4.54,Certified by Natural Sapphire Company,2025-09-08
Rhodolite Garnet,Red,2.27,Mixed Brilliant Oval,Red,Very Slightly Included,No Enhancement,125450.0,,8.74 x 6.72 x 4.56,Certified by Natural Sapphire Company,2025-09-08
Alexandrite,Color Change,3.38,Mixed Brilliant Oval,Color Change,Eye Clean,No Enhancement,3128125.0,,10.18 x 8.3 x 4.89,Certified by Natural Sapphire Company,2025-09-08
Rhodolite Garnet,Red,3.35,Mixed Brilliant Cushion,Red,Very Slightly Included,No Enhancement,185250.0,,9.26 x 8.35 x 4.59,Certified by Natural Sapphire Company,2025-09-08
Rhodolite Garnet,Red,3.92,Mixed Brilliant Cushion,Red,Slightly Included,No Enhancement,216450.0,,9.58 x 7.38 x 5.39,Certified by Natural Sapphire Company,2025-09-08
Rhodolite Garnet,Red,3.06,Mixed Brilliant Cushion,Red,Very Slightly Included,No Enhancement,169000.0,,8.98 x 7.43 x 5.11,Certified by Natural Sapphire Company,2025-09-08
Rhodolite Garnet,Purplish Red,3.3,Mixed Brilliant Cushion,Purplish Red,Very Slightly Included,No Enhancement,182325.0,,9.1 x 8.41 x 5.18,Certified by Natural Sapphire Company,2025-09-08
Citrine,Yellow,7.85,Mixed Brilliant Oval,Yellow,Very Slightly Included,Heat Treated,76700.0,,15.99 x 11.73 x 7.66,Certified by Natural Sapphire Company,2025-09-08
Rhodolite Garnet,Red,2.32,Mixed Brilliant Cushion,Red,Very Slightly Included,No Enhancement,128050.0,,8.24 x 7.8 x 4.05,Certified by Natural Sapphire Company,2025-09-08
Amethyst,Purple,1.49,Mixed Brilliant Oval,Purple,Very Slightly Included,Heat Treated,5850.0,,8.9 x 6.91 x 4.18,Certified by Natural Sapphire Company,2025-09-08
Amethyst,Purple,1.58,Mixed Brilliant Oval,Purple,Very Slightly Included,Heat Treated,6175.0,,8.96 x 6.9 x 4.27,Certified by Natural Sapphire Company,2025-09-08
Rhodolite Garnet,Red,3.0,Mixed Brilliant Cushion,Red,Very Slightly Included,No Enhancement,165750.0,,9.3 x 6.98 x 4.91,Certified by Natural Sapphire Company,2025-09-08
Aquamarine,Greenish Blue,23.25,Sugar Loaf Cushion,Greenish Blue,Slightly Included,No Enhancement,332475.0,,16.84 x 15.38 x 10.45,Certified by Natural Sapphire Company,2025-09-08
Rhodolite Garnet,Red,3.04,Mixed Brilliant Cushion,Red,Very Slightly Included,No Enhancement,168025.0,,8.62 x 7.64 x 4.57,Certified by Natural Sapphire Company,2025-09-08
Citrine,Yellow,8.12,Mixed Brilliant Oval,Yellow,Very Slightly Included,Heat Treated,79300.0,,15.55 x 11.72 x 8.58,Certified by Natural Sapphire Company,2025-09-08
Citrine,Yellow,8.05,Mixed Brilliant Oval,Yellow,Very Slightly Included,Heat Treated,78650.0,,16.19 x 12.15 x 7.39,Certified by Natural Sapphire Company,2025-09-08
Citrine,Yellow,7.94,Mixed Brilliant Oval,Yellow,Very Slightly Included,Heat Treated,77350.0,,15.83 x 11.74 x 7.74,Certified by Natural Sapphire Company,2025-09-08
Amethyst,Purple,1.83,Mixed Brilliant Oval,Purple,Slightly Included,Heat Treated,7150.0,,8.76 x 6.85 x 4.94,Certified by Natural Sapphire Company,2025-09-08
Citrine,Yellow,9.16,Mixed Brilliant Oval,Yellow,Very Slightly Included,Heat Treated,89375.0,,16.07 x 11.96 x 8.45,Certified by Natural Sapphire Company,2025-09-08
Citrine,Yellow,8.35,Mixed Brilliant Oval,Yellow,Very Slightly Included,Heat Treated,81575.0,,15.9 x 11.96 x 8.01,Certified by Natural Sapphire Company,2025-09-08
Amethyst,Purple,1.85,Mixed Brilliant Oval,Purple,Slightly Included,Heat Treated,7150.0,,9.08 x 6.83 x 4.99,Certified by Natural Sapphire Company,2025-09-08
Citrine,Yellow,6.07,Mixed Brilliant Oval,Yellow,Very Slightly Included,Heat Treated,59150.0,,15.61 x 11.59 x 6.29,Certified by Natural Sapphire Company,2025-09-08
Citrine,Yellow,9.35,Mixed Brilliant Oval,Yellow,Very Slightly Included,Heat Treated,91325.0,,15.88 x 11.89 x 9.3,Certified by Natural Sapphire Company,2025-09-08
Citrine,Yellow,8.06,Mixed Brilliant Oval,Yellow,Very Slightly Included,Heat Treated,78650.0,,16.05 x 12.18 x 7.44,Certified by Natural Sapphire Company,2025-09-08
Citrine,Yellow,7.03,Mixed Brilliant Oval,Yellow,Very Slightly Included,Heat Treated,68575.0,,15.99 x 11.63 x 6.65,Certified by Natural Sapphire Company,2025-09-08
Citrine,Yellow,8.93,Mixed Brilliant Oval,Yellow,Very Slightly Included,Heat Treated,87100.0,,16.11 x 12.09 x 8.26,Certified by Natural Sapphire Company,2025-09-08
Citrine,Yellow,7.87,Mixed Brilliant Oval,Yellow,Very Slightly Included,Heat Treated,76700.0,,15.77 x 12.0 x 7.43,Certified by Natural Sapphire Company,2025-09-08
Citrine,Yellow,8.24,Mixed Brilliant Oval,Yellow,Very Slightly Included,Heat Treated,80275.0,,15.94 x 11.76 x 7.95,Certified by Natural Sapphire Company,2025-09-08
Citrine,Yellow,8.22,Mixed Brilliant Oval,Yellow,Very Slightly Included,Heat Treated,80275.0,,15.69 x 11.93 x 8.16,Certified by Natural Sapphire Company,2025-09-08
Citrine,Yellow,7.12,Mixed Brilliant Oval,Yellow,Very Slightly Included,Heat Treated,69550.0,,16.16 x 12.11 x 6.29,Certified by Natural Sapphire Company,2025-09-08
Citrine,Yellow,6.59,Mixed Brilliant Oval,Yellow,Very Slightly Included,Heat Treated,64350.0,,15.65 x 11.69 x 6.39,Certified by Natural Sapphire Company,2025-09-08
Citrine,Yellow,8.09,Mixed Brilliant Oval,Yellow,Very Slightly Included,Heat Treated,78975.0,,15.66 x 11.82 x 8.11,Certified by Natural Sapphire Company,2025-09-08
Amethyst,Purple,1.87,Mixed Brilliant Oval,Purple,Very Slightly Included,Heat Treated,7150.0,,9.04 x 7.12 x 4.7,Certified by Natural Sapphire Company,2025-09-08
Amethyst,Purple,1.47,Mixed Brilliant Oval,Purple,Very Slightly Included,Heat Treated,5850.0,,9.05 x 7.01 x 3.79,Certified by Natural Sapphire Company,2025-09-08
Citrine,Yellow,7.91,Mixed Brilliant Oval,Yellow,Very Slightly Included,Heat Treated,77025.0,,15.86 x 12.04 x 7.48,Certified by Natural Sapphire Company,2025-09-08
Citrine,Orangish Yellow,8.45,Mixed Brilliant Oval,Orangish Yellow,Very Slightly Included,Heat Treated,82550.0,,15.96 x 11.91 x 8.42,Certified by Natural Sapphire Company,2025-09-08
Citrine,Yellow,6.69,Mixed Brilliant Oval,Yellow,Very Slightly Included,Heat Treated,65325.0,,15.63 x 11.81 x 6.49,Certified by Natural Sapphire Company,2025-09-08
Citrine,Yellow,7.97,Mixed Brilliant Oval,Yellow,Very Slightly Included,Heat Treated,77675.0,,16.06 x 12.03 x 7.47,Certified by Natural Sapphire Company,2025-09-08
Citrine,Yellow,7.86,Modified Brilliant Oval,Yellow,Very Slightly Included,Heat Treated,76700.0,,16.0 x 11.89 x 7.06,Certified by Natural Sapphire Company,2025-09-08
Citrine,Orangish Yellow,6.91,Mixed Brilliant Oval,Orangish Yellow,Very Slightly Included,Heat Treated,67275.0,,15.78 x 11.9 x 6.54,Certified by Natural Sapphire Company,2025-09-08
Citrine,Yellow,8.23,Mixed Brilliant Oval,Yellow,Very Slightly Included,Heat Treated,80275.0,,16.26 x 11.91 x 7.26,Certified by Natural Sapphire Company,2025-09-08
Citrine,Yellow,7.42,Mixed Brilliant Oval,Yellow,Very Slightly Included,Heat Treated,72475.0,,15.94 x 11.89 x 6.94,Certified by Natural Sapphire Company,2025-09-08
Citrine,Yellow,7.26,Mixed Brilliant Oval,Yellow,Eye Clean,Heat Treated,70850.0,,15.77 x 11.55 x 7.26,Certified by Natural Sapphire Company,2025-09-08
Citrine,Yellow,8.32,Mixed Brilliant Oval,Yellow,Very Slightly Included,Heat Treated,81250.0,,15.82 x 11.58 x 8.08,Certified by Natural Sapphire Company,2025-09-08
Citrine,Yellow,7.87,Mixed Brilliant Oval,Yellow,Very Slightly Included,Heat Treated,76700.0,,16.1 x 12.08 x 7.51,Certified by Natural Sapphire Company,2025-09-08
Citrine,Yellow,9.44,Mixed Brilliant Oval,Yellow,Very Slightly Included,Heat Treated,91975.0,,15.88 x 11.79 x 8.92,Certified by Natural Sapphire Company,2025-09-08
Citrine,Yellow,8.99,Mixed Brilliant Oval,Yellow,Very Slightly Included,Heat Treated,87750.0,,16.01 x 11.97 x 8.53,Certified by Natural Sapphire Company,2025-09-08
Citrine,Yellow,7.76,Mixed Brilliant Oval,Yellow,Very Slightly Included,Heat Treated,75725.0,,15.81 x 11.82 x 7.74,Certified by Natural Sapphire Company,2025-09-08
Citrine,Yellow,7.47,Mixed Brilliant Oval,Yellow,Very Slightly Included,Heat Treated,72800.0,,15.79 x 11.81 x 7.18,Certified by Natural Sapphire Company,2025-09-08
Citrine,Orangish Yellow,7.55,Mixed Brilliant Oval,Orangish Yellow,Very Slightly Included,Heat Treated,73775.0,,15.86 x 11.7 x 7.39,Certified by Natural Sapphire Company,2025-09-08
Citrine,Yellow,6.88,Mixed Brilliant Oval,Yellow,Very Slightly Included,Heat Treated,66950.0,,15.87 x 11.54 x 6.94,Certified by Natural Sapphire Company,2025-09-08
Citrine,Yellow,8.53,Mixed Brilliant Oval,Yellow,Eye Clean,Heat Treated,83200.0,,15.83 x 12.02 x 7.96,Certified by Natural Sapphire Company,2025-09-08
Citrine,Yellow,8.14,Mixed Brilliant Oval,Yellow,Very Slightly Included,Heat Treated,79300.0,,15.78 x 11.85 x 7.73,Certified by Natural Sapphire Company,2025-09-08
Citrine,Yellow,7.08,Mixed Brilliant Oval,Yellow,Very Slightly Included,Heat Treated,68900.0,,16.04 x 11.76 x 7.04,Certified by Natural Sapphire Company,2025-09-08
Citrine,Yellow,8.97,Mixed Brilliant Oval,Yellow,Very Slightly Included,Heat Treated,87425.0,,16.18 x 12.05 x 8.23,Certified by Natural Sapphire Company,2025-09-08
Citrine,Yellow,8.3,Mixed Brilliant Oval,Yellow,Very Slightly Included,Heat Treated,80925.0,,15.83 x 11.92 x 7.94,Certified by Natural Sapphire Company,2025-09-08
Citrine,Yellow,8.57,Mixed Brilliant Oval,Yellow,Very Slightly Included,Heat Treated,83525.0,,16.06 x 12.07 x 7.98,Certified by Natural Sapphire Company,2025-09-08
Citrine,Yellow,8.58,Mixed Brilliant Oval,Yellow,Very Slightly Included,Heat Treated,83525.0,,15.93 x 12.07 x 7.68,Certified by Natural Sapphire Company,2025-09-08
Citrine,Yellow,7.93,Mixed Brilliant Oval,Yellow,Very Slightly Included,Heat Treated,77350.0,,15.7 x 11.5 x 7.87,Certified by Natural Sapphire Company,2025-09-08
Citrine,Yellow,9.02,Mixed Brilliant Oval,Yellow,Very Slightly Included,Heat Treated,88075.0,,16.32 x 12.19 x 8.53,Certified by Natural Sapphire Company,2025-09-08
Citrine,Yellow,7.61,Mixed Brilliant Oval,Yellow,Very Slightly Included,Heat Treated,74100.0,,15.84 x 11.79 x 7.21,Certified by Natural Sapphire Company,2025-09-08
Citrine,Yellow,6.7,Mixed Brilliant Oval,Yellow,Very Slightly Included,Heat Treated,65325.0,,16.02 x 11.56 x 5.96,Certified by Natural Sapphire Company,2025-09-08
Citrine,Yellow,6.67,Mixed Brilliant Oval,Yellow,Very Slightly Included,Heat Treated,65000.0,,16.11 x 11.87 x 6.16,Certified by Natural Sapphire Company,2025-09-08
Spinel,Purple,2.55,Mixed Brilliant Cushion,Purple,Very Slightly Included,Heat Treated,649675.0,,8.02 x 7.01 x 5.59,Certified by Natural Sapphire Company,2025-09-08
Garnet,Red,4.29,Mixed Brilliant Oval,Red,Very Very Slightly Included,No Enhancement,139425.0,,12.04 x 10.13 x 4.96,Certified by Natural Sapphire Company,2025-09-08
Citrine,Yellow,7.25,Mixed Brilliant Oval,Yellow,Very Slightly Included,Heat Treated,70850.0,,15.84 x 11.58 x 7.21,Certified by Natural Sapphire Company,2025-09-08
Topaz,Pink,3.33,Checkerboard Oval,Pink,Very Slightly Included,Vapor-Infused Coating,13000.0,,10.07 x 8.11 x 5.98,Certified by Natural Sapphire Company,2025-09-08
Citrine,Yellow,8.15,Mixed Brilliant Oval,Yellow,Very Slightly Included,Heat Treated,79625.0,,15.86 x 11.94 x 7.92,Certified by Natural Sapphire Company,2025-09-08
Topaz,Reddish Pink,3.31,Checkerboard Oval,Reddish Pink,Very Slightly Included,Vapor-Infused Coating,13000.0,,10.19 x 8.11 x 5.96,Certified by Natural Sapphire Company,2025-09-08
Topaz,Pink,3.5,Checkerboard Oval,Pink,Very Slightly Included,Vapor-Infused Coating,13650.0,,10.0 x 8.13 x 6.03,Certified by Natural Sapphire Company,2025-09-08
Topaz,Pink,2.91,Checkerboard Oval,Pink,Very Slightly Included,Vapor-Infused Coating,11375.0,,9.98 x 7.77 x 5.52,Certified by Natural Sapphire Company,2025-09-08
Citrine,Yellow,8.93,Mixed Brilliant Oval,Yellow,Very Slightly Included,Heat Treated,87100.0,,15.8 x 11.9 x 8.96,Certified by Natural Sapphire Company,2025-09-08
Amethyst,Purple,1.48,Mixed Brilliant Oval,Purple,Slightly Included,Heat Treated,5850.0,,8.88 x 6.92 x 3.79,Certified by Natural Sapphire Company,2025-09-08
Topaz,Pink,2.76,Checkerboard Oval,Pink,Very Slightly Included,Vapor-Infused Coating,10725.0,,10.01 x 7.84 x 5.15,Certified by Natural Sapphire Company,2025-09-08
Garnet,Red,1.53,Checkerboard Oval,Red,Very Slightly Included,Heat Treated,29900.0,,8.0 x 6.04 x 4.09,Certified by Natural Sapphire Company,2025-09-08
Topaz,Pink,3.24,Checkerboard Oval,Pink,Very Slightly Included,Vapor-Infused Coating,12675.0,,9.96 x 8.01 x 5.75,Certified by Natural Sapphire Company,2025-09-08
Amethyst,Purple,2.11,Checkerboard Oval,Purple,Very Slightly Included,Heat Treated,6825.0,,9.19 x 7.14 x 5.8,Certified by Natural Sapphire Company,2025-09-08
Amethyst,Purple,2.42,Checkerboard Oval,Purple,Very Slightly Included,Heat Treated,7800.0,,10.1 x 8.08 x 5.59,Certified by Natural Sapphire Company,2025-09-08
Amethyst,Purple,2.05,Checkerboard Oval,Purple,Very Slightly Included,Heat Treated,6825.0,,9.09 x 7.09 x 5.72,Certified by Natural Sapphire Company,2025-09-08
Amethyst,Purple,1.97,Checkerboard Oval,Purple,Very Slightly Included,Heat Treated,6500.0,,8.96 x 7.05 x 5.98,Certified by Natural Sapphire Company,2025-09-08
Amethyst,Purple,1.92,Checkerboard Oval,Purple,Very Slightly Included,Heat Treated,6175.0,,9.14 x 7.07 x 5.42,Certified by Natural Sapphire Company,2025-09-08
Amethyst,Purple,2.01,Checkerboard Oval,Purple,Very Slightly Included,Heat Treated,6500.0,,9.09 x 7.03 x 5.69,Certified by Natural Sapphire Company,2025-09-08
Amethyst,Purple,1.83,Checkerboard Oval,Purple,Very Slightly Included,Heat Treated,5850.0,,9.05 x 6.99 x 5.38,Certified by Natural Sapphire Company,2025-09-08
Amethyst,Purple,1.78,Checkerboard Oval,Purple,Very Slightly Included,Heat Treated,5850.0,,9.08 x 7.01 x 4.96,Certified by Natural Sapphire Company,2025-09-08
Spinel,Pinkish Purple,2.24,Mixed Brilliant Cushion,Pinkish Purple,Very Slightly Included,Heat Treated,261950.0,,7.67 x 7.33 x 5.03,Certified by Natural Sapphire Company,2025-09-08
Amethyst,Purple,1.81,Checkerboard Oval,Purple,Very Slightly Included,Heat Treated,5850.0,,8.97 x 6.94 x 5.62,Certified by Natural Sapphire Company,2025-09-08
Chrysoberyl,Yellowish Green,1.47,Mixed Brilliant Oval,Yellowish Green,Very Slightly Included,Heat Treated,79300.0,,8.03 x 6.04 x 4.0,Certified by Natural Sapphire Company,2025-09-08
Citrine,Yellow,4.9,Mixed Brilliant Round,Yellow,Slightly Included,Heat Treated,35100.0,,11.07 x 10.95 x 7.58,Certified by Natural Sapphire Company,2025-09-08
Amethyst,Purple,1.97,Checkerboard Oval,Purple,Very Slightly Included,Heat Treated,6500.0,,9.31 x 7.13 x 5.37,Certified by Natural Sapphire Company,2025-09-08
Citrine,Yellow,5.06,Mixed Brilliant Round,Yellow,Very Slightly Included,Heat Treated,36075.0,,11.72 x 11.62 x 6.76,Certified by Natural Sapphire Company,2025-09-08
Garnet,Red,2.63,Checkerboard Cushion,Red,Very Slightly Included,Heat Treated,77025.0,,9.03 x 7.08 x 4.54,Certified by Natural Sapphire Company,2025-09-08
Citrine,Yellow,3.86,Mixed Brilliant Round,Yellow,Slightly Included,Heat Treated,27625.0,,10.97 x 10.95 x 5.9,Certified by Natural Sapphire Company,2025-09-08
Garnet,Red,2.52,Checkerboard Cushion,Red,Very Slightly Included,Heat Treated,73775.0,,9.17 x 7.17 x 4.77,Certified by Natural Sapphire Company,2025-09-08
Garnet,Red,2.98,Checkerboard Cushion,Red,Very Slightly Included,Heat Treated,87100.0,,9.1 x 7.06 x 5.4,Certified by Natural Sapphire Company,2025-09-08
Garnet,Red,2.63,Checkerboard Round,Red,Very Slightly Included,Heat Treated,42900.0,,8.2 x 8.2 x 5.47,Certified by Natural Sapphire Company,2025-09-08
Garnet,Red,2.8,Checkerboard Round,Red,Very Slightly Included,Heat Treated,45500.0,,8.08 x 8.14 x 5.66,Certified by Natural Sapphire Company,2025-09-08
Garnet,Red,2.89,Checkerboard Cushion,Red,Very Slightly Included,Heat Treated,84500.0,,9.07 x 7.04 x 5.35,Certified by Natural Sapphire Company,2025-09-08
Garnet,Red,2.45,Checkerboard Round,Red,Very Slightly Included,Heat Treated,39650.0,,8.16 x 8.22 x 5.05,Certified by Natural Sapphire Company,2025-09-08
Garnet,Red,2.49,Checkerboard Cushion,Red,Very Slightly Included,Heat Treated,72800.0,,9.0 x 7.02 x 4.47,Certified by Natural Sapphire Company,2025-09-08
Garnet,Red,2.42,Checkerboard Round,Red,Very Slightly Included,Heat Treated,39325.0,,8.04 x 8.05 x 5.23,Certified by Natural Sapphire Company,2025-09-08
Garnet,Red,2.57,Checkerboard Round,Red,Very Slightly Included,Heat Treated,41600.0,,8.1 x 8.03 x 5.72,Certified by Natural Sapphire Company,2025-09-08
Garnet,Red,2.35,Checkerboard Round,Red,Eye Clean,Heat Treated,38350.0,,8.13 x 8.13 x 4.56,Certified by Natural Sapphire Company,2025-09-08
Garnet,Red,2.37,Checkerboard Round,Red,Very Slightly Included,Heat Treated,38350.0,,8.02 x 8.03 x 5.1,Certified by Natural Sapphire Company,2025-09-08
Garnet,Red,2.2,Checkerboard Round,Red,Very Slightly Included,Heat Treated,35750.0,,8.03 x 8.07 x 4.89,Certified by Natural Sapphire Company,2025-09-08
Garnet,Red,2.08,Checkerboard Cushion,Red,Very Slightly Included,Heat Treated,60775.0,,9.15 x 7.2 x 3.92,Certified by Natural Sapphire Company,2025-09-08
Garnet,Red,2.51,Checkerboard Cushion,Red,Very Slightly Included,Heat Treated,73450.0,,9.05 x 7.1 x 4.34,Certified by Natural Sapphire Company,2025-09-08
Garnet,Red,2.38,Checkerboard Cushion,Red,Very Slightly Included,Heat Treated,69550.0,,9.1 x 7.23 x 4.42,Certified by Natural Sapphire Company,2025-09-08
Garnet,Red,2.31,Checkerboard Cushion,Red,Very Slightly Included,Heat Treated,67600.0,,9.12 x 7.21 x 4.11,Certified by Natural Sapphire Company,2025-09-08
Garnet,Red,2.29,Checkerboard Cushion,Red,Very Slightly Included,Heat Treated,66950.0,,9.05 x 7.1 x 3.96,Certified by Natural Sapphire Company,2025-09-08
Citrine,Yellow,4.31,Mixed Brilliant Pear,Yellow,Very Slightly Included,Heat Treated,41925.0,,14.07 x 9.71 x 6.18,Certified by Natural Sapphire Company,2025-09-08
Citrine,Yellow,4.03,Mixed Brilliant Pear,Yellow,Very Slightly Included,Heat Treated,39325.0,,15.1 x 9.99 x 5.08,Certified by Natural Sapphire Company,2025-09-08
Zircon,Brown,2.6,Mixed Brilliant Oval,Brown,Very Slightly Included,No Enhancement,33800.0,,8.55 x 6.77 x 4.65,Certified by Natural Sapphire Company,2025-09-08
Garnet,Red,2.17,Checkerboard Cushion,Red,Very Slightly Included,Heat Treated,63375.0,,9.12 x 7.21 x 3.92,Certified by Natural Sapphire Company,2025-09-08
Citrine,Yellow,4.58,Modified Brilliant Pear,Yellow,Very Slightly Included,Heat Treated,44525.0,,15.06 x 9.92 x 6.02,Certified by Natural Sapphire Company,2025-09-08
Citrine,Yellow,4.62,Mixed Brilliant Pear,Yellow,Very Slightly Included,Heat Treated,45175.0,,15.11 x 9.98 x 5.49,Certified by Natural Sapphire Company,2025-09-08
Citrine,Yellow,5.13,Mixed Brilliant Pear,Yellow,Very Slightly Included,Heat Treated,50050.0,,15.31 x 9.93 x 6.98,Certified by Natural Sapphire Company,2025-09-08
Citrine,Yellow,4.26,Mixed Brilliant Pear,Yellow,Very Slightly Included,Heat Treated,41600.0,,14.93 x 9.78 x 5.69,Certified by Natural Sapphire Company,2025-09-08
Citrine,Yellow,4.83,Mixed Brilliant Pear,Yellow,Very Slightly Included,Heat Treated,47125.0,,15.19 x 9.92 x 6.2,Certified by Natural Sapphire Company,2025-09-08
Citrine,Yellow,4.65,Mixed Brilliant Pear,Yellow,Very Slightly Included,Heat Treated,45500.0,,14.89 x 9.95 x 6.22,Certified by Natural Sapphire Company,2025-09-08
Citrine,Yellow,4.32,Mixed Brilliant Pear,Yellow,Very Slightly Included,Heat Treated,42250.0,,14.96 x 9.9 x 5.65,Certified by Natural Sapphire Company,2025-09-08
Citrine,Yellow,4.46,Mixed Brilliant Pear,Yellow,Very Slightly Included,Heat Treated,43550.0,,15.19 x 9.92 x 5.62,Certified by Natural Sapphire Company,2025-09-08
Citrine,Yellow,5.02,Mixed Brilliant Pear,Yellow,Very Slightly Included,Heat Treated,49075.0,,15.04 x 10.0 x 6.42,Certified by Natural Sapphire Company,2025-09-08
Citrine,Yellow,4.29,Mixed Brilliant Pear,Yellow,Very Slightly Included,Heat Treated,41925.0,,14.58 x 9.81 x 5.73,Certified by Natural Sapphire Company,2025-09-08
Citrine,Yellow,4.21,Mixed Brilliant Pear,Yellow,Very Slightly Included,Heat Treated,40950.0,,14.97 x 9.67 x 5.74,Certified by Natural Sapphire Company,2025-09-08
Citrine,Yellow,4.88,Mixed Brilliant Pear,Yellow,Very Slightly Included,Heat Treated,47450.0,,15.09 x 9.83 x 6.33,Certified by Natural Sapphire Company,2025-09-08
Citrine,Yellow,5.01,Mixed Brilliant Pear,Yellow,Very Slightly Included,Heat Treated,48750.0,,15.17 x 9.98 x 6.61,Certified by Natural Sapphire Company,2025-09-08
Citrine,Yellow,4.72,Mixed Brilliant Pear,Yellow,Very Slightly Included,Heat Treated,46150.0,,14.87 x 9.77 x 6.45,Certified by Natural Sapphire Company,2025-09-08
Citrine,Yellow,4.58,Mixed Brilliant Pear,Yellow,Very Slightly Included,Heat Treated,44525.0,,15.19 x 9.86 x 6.0,Certified by Natural Sapphire Company,2025-09-08
Citrine,Yellow,3.97,Mixed Brilliant Pear,Yellow,Very Slightly Included,Heat Treated,38675.0,,14.72 x 9.75 x 5.54,Certified by Natural Sapphire Company,2025-09-08
Citrine,Yellow,4.39,Mixed Brilliant Pear,Yellow,Very Slightly Included,Heat Treated,42900.0,,14.97 x 9.99 x 5.84,Certified by Natural Sapphire Company,2025-09-08
Citrine,Yellow,4.81,Mixed Brilliant Pear,Yellow,Very Slightly Included,Heat Treated,46800.0,,15.07 x 9.98 x 6.16,Certified by Natural Sapphire Company,2025-09-08
Citrine,Yellow,5.32,Mixed Brilliant Pear,Yellow,Very Slightly Included,Heat Treated,52000.0,,15.18 x 9.91 x 6.84,Certified by Natural Sapphire Company,2025-09-08
Citrine,Yellow,5.19,Mixed Brilliant Pear,Yellow,Very Slightly Included,Heat Treated,50700.0,,15.29 x 10.02 x 6.44,Certified by Natural Sapphire Company,2025-09-08
Citrine,Yellow,5.07,Mixed Brilliant Pear,Yellow,Very Slightly Included,Heat Treated,49400.0,,15.26 x 9.88 x 6.59,Certified by Natural Sapphire Company,2025-09-08
Citrine,Yellow,3.95,Mixed Brilliant Pear,Yellow,Very Slightly Included,Heat Treated,38675.0,,14.64 x 9.92 x 5.54,Certified by Natural Sapphire Company,2025-09-08
Citrine,Yellow,4.16,Mixed Brilliant Pear,Yellow,Very Slightly Included,Heat Treated,40625.0,,14.85 x 9.93 x 5.22,Certified by Natural Sapphire Company,2025-09-08
Citrine,Yellow,4.92,Mixed Brilliant Pear,Yellow,Very Slightly Included,Heat Treated,48100.0,,14.9 x 9.83 x 6.61,Certified by Natural Sapphire Company,2025-09-08
Citrine,Yellow,4.6,Mixed Brilliant Pear,Yellow,Very Slightly Included,Heat Treated,44850.0,,15.13 x 9.96 x 5.79,Certified by Natural Sapphire Company,2025-09-08
Citrine,Yellow,4.55,Mixed Brilliant Pear,Yellow,Very Slightly Included,Heat Treated,44525.0,,15.2 x 9.94 x 5.97,Certified by Natural Sapphire Company,2025-09-08
Citrine,Yellow,4.51,Mixed Brilliant Pear,Yellow,Very Slightly Included,Heat Treated,43875.0,,14.76 x 9.89 x 5.72,Certified by Natural Sapphire Company,2025-09-08
Citrine,Yellow,4.36,Mixed Brilliant Pear,Yellow,Very Slightly Included,Heat Treated,42575.0,,14.98 x 9.79 x 6.11,Certified by Natural Sapphire Company,2025-09-08
Citrine,Yellow,4.6,Mixed Brilliant Pear,Yellow,Very Slightly Included,Heat Treated,44850.0,,14.59 x 9.93 x 6.04,Certified by Natural Sapphire Company,2025-09-08
Citrine,Yellow,4.8,Mixed Brilliant Pear,Yellow,Very Slightly Included,Heat Treated,46800.0,,15.09 x 9.82 x 6.33,Certified by Natural Sapphire Company,2025-09-08
Citrine,Orangish Yellow,4.73,Mixed Brilliant Pear,Orangish Yellow,Very Slightly Included,Heat Treated,46150.0,,14.96 x 9.93 x 6.12,Certified by Natural Sapphire Company,2025-09-08
Citrine,Yellow,4.75,Mixed Brilliant Pear,Yellow,Very Slightly Included,Heat Treated,46475.0,,15.14 x 9.77 x 6.29,Certified by Natural Sapphire Company,2025-09-08
Citrine,Yellow,4.35,Mixed Brilliant Pear,Yellow,Very Slightly Included,Heat Treated,42575.0,,15.06 x 9.8 x 5.8,Certified by Natural Sapphire Company,2025-09-08
Citrine,Yellow,4.05,Mixed Brilliant Pear,Yellow,Very Slightly Included,Heat Treated,39650.0,,14.84 x 9.91 x 5.08,Certified by Natural Sapphire Company,2025-09-08
Citrine,Yellow,4.98,Mixed Brilliant Pear,Yellow,Very Slightly Included,Heat Treated,48425.0,,15.15 x 9.96 x 6.11,Certified by Natural Sapphire Company,2025-09-08
Citrine,Yellow,4.08,Mixed Brilliant Pear,Yellow,Very Slightly Included,Heat Treated,39650.0,,14.17 x 9.8 x 5.52,Certified by Natural Sapphire Company,2025-09-08
Citrine,Orangish Yellow,4.08,Mixed Brilliant Pear,Orangish Yellow,Very Slightly Included,Heat Treated,39650.0,,15.13 x 9.89 x 5.21,Certified by Natural Sapphire Company,2025-09-08
Citrine,Yellow,4.28,Mixed Brilliant Pear,Yellow,Very Slightly Included,Heat Treated,41600.0,,15.14 x 9.59 x 5.86,Certified by Natural Sapphire Company,2025-09-08
Citrine,Yellow,4.59,Mixed Brilliant Pear,Yellow,Very Slightly Included,Heat Treated,44850.0,,14.89 x 9.88 x 5.9,Certified by Natural Sapphire Company,2025-09-08
Citrine,Yellow,4.48,Mixed Brilliant Pear,Yellow,Very Slightly Included,Heat Treated,43550.0,,14.25 x 9.89 x 6.13,Certified by Natural Sapphire Company,2025-09-08
Citrine,Yellow,5.11,Mixed Brilliant Pear,Yellow,Very Slightly Included,Heat Treated,49725.0,,15.17 x 9.86 x 6.42,Certified by Natural Sapphire Company,2025-09-08
Citrine,Yellow,4.11,Mixed Brilliant Pear,Yellow,Very Slightly Included,Heat Treated,39975.0,,14.84 x 9.96 x 5.33,Certified by Natural Sapphire Company,2025-09-08
Citrine,Yellow,4.49,Mixed Brilliant Pear,Yellow,Very Slightly Included,Heat Treated,43875.0,,15.04 x 9.94 x 5.86,Certified by Natural Sapphire Company,2025-09-08
Citrine,Yellow,4.32,Mixed Brilliant Pear,Yellow,Very Slightly Included,Heat Treated,42250.0,,15.07 x 9.96 x 5.39,Certified by Natural Sapphire Company,2025-09-08
Citrine,Yellow,4.93,Mixed Brilliant Pear,Yellow,Very Slightly Included,Heat Treated,48100.0,,15.09 x 9.92 x 6.52,Certified by Natural Sapphire Company,2025-09-08
Citrine,Yellow,3.86,Mixed Brilliant Pear,Yellow,Very Slightly Included,Heat Treated,37700.0,,13.68 x 9.61 x 5.78,Certified by Natural Sapphire Company,2025-09-08
Citrine,Yellow,3.25,Mixed Brilliant Pear,Yellow,Very Slightly Included,Heat Treated,31850.0,,15.25 x 9.87 x 4.07,Certified by Natural Sapphire Company,2025-09-08
Citrine,Yellow,3.7,Mixed Brilliant Pear,Yellow,Very Slightly Included,Heat Treated,36075.0,,14.07 x 9.84 x 4.99,Certified by Natural Sapphire Company,2025-09-08
Citrine,Yellow,4.38,Mixed Brilliant Pear,Yellow,Very Slightly Included,Heat Treated,42575.0,,14.94 x 10.04 x 5.74,Certified by Natural Sapphire Company,2025-09-08
Citrine,Yellow,4.6,Mixed Brilliant Pear,Yellow,Very Slightly Included,Heat Treated,44850.0,,15.07 x 9.82 x 5.81,Certified by Natural Sapphire Company,2025-09-08
Citrine,Yellow,5.11,Mixed Brilliant Pear,Yellow,Very Slightly Included,Heat Treated,49725.0,,15.16 x 9.89 x 6.54,Certified by Natural Sapphire Company,2025-09-08
Citrine,Orangish Yellow,4.2,Mixed Brilliant Pear,Orangish Yellow,Very Slightly Included,Heat Treated,40950.0,,14.52 x 9.75 x 5.93,Certified by Natural Sapphire Company,2025-09-08
Citrine,Yellow,4.69,Mixed Brilliant Pear,Yellow,Very Slightly Included,Heat Treated,45825.0,,15.09 x 9.95 x 6.31,Certified by Natural Sapphire Company,2025-09-08
Citrine,Yellowish Orange,4.27,Mixed Brilliant Pear,Yellowish Orange,Very Slightly Included,Heat Treated,41600.0,,15.05 x 10.08 x 5.45,Certified by Natural Sapphire Company,2025-09-08
Citrine,Yellow,4.36,Mixed Brilliant Pear,Yellow,Eye Clean,Heat Treated,42575.0,,14.85 x 9.65 x 6.1,Certified by Natural Sapphire Company,2025-09-08
Citrine,Yellow,3.98,Mixed Brilliant Pear,Yellow,Very Slightly Included,Heat Treated,38675.0,,14.86 x 9.79 x 5.23,Certified by Natural Sapphire Company,2025-09-08
Citrine,Yellowish Orange,4.84,Mixed Brilliant Pear,Yellowish Orange,Very Slightly Included,Heat Treated,47125.0,,15.19 x 9.79 x 6.42,Certified by Natural Sapphire Company,2025-09-08
Citrine,Yellow,5.0,Mixed Brilliant Pear,Yellow,Very Slightly Included,Heat Treated,48750.0,,15.11 x 9.8 x 6.55,Certified by Natural Sapphire Company,2025-09-08
Citrine,Yellow,5.67,Mixed Brilliant Pear,Yellow,Very Slightly Included,Heat Treated,55250.0,,16.11 x 10.58 x 6.57,Certified by Natural Sapphire Company,2025-09-08
Citrine,Yellow,4.46,Mixed Brilliant Pear,Yellow,Very Slightly Included,Heat Treated,43550.0,,14.94 x 9.83 x 5.73,Certified by Natural Sapphire Company,2025-09-08
Citrine,Yellow,4.58,Mixed Brilliant Pear,Yellow,Very Slightly Included,Heat Treated,44525.0,,14.39 x 9.75 x 6.16,Certified by Natural Sapphire Company,2025-09-08
Citrine,Yellow,5.12,Mixed Brilliant Pear,Yellow,Very Slightly Included,Heat Treated,50050.0,,15.2 x 10.04 x 6.42,Certified by Natural Sapphire Company,2025-09-08
Citrine,Yellow,4.63,Mixed Brilliant Pear,Yellow,Very Slightly Included,Heat Treated,45175.0,,15.08 x 9.93 x 6.22,Certified by Natural Sapphire Company,2025-09-08
Citrine,Yellow,4.09,Mixed Brilliant Pear,Yellow,Very Slightly Included,Heat Treated,39975.0,,14.79 x 9.91 x 5.5,Certified by Natural Sapphire Company,2025-09-08
Citrine,Yellow,4.54,Mixed Brilliant Pear,Yellow,Very Slightly Included,Heat Treated,44200.0,,15.15 x 9.92 x 5.9,Certified by Natural Sapphire Company,2025-09-08
Citrine,Yellow,4.37,Mixed Brilliant Pear,Yellow,Very Slightly Included,Heat Treated,42575.0,,14.91 x 9.68 x 6.07,Certified by Natural Sapphire Company,2025-09-08
Citrine,Yellow,4.44,Mixed Brilliant Pear,Yellow,Very Slightly Included,Heat Treated,43225.0,,14.59 x 9.64 x 5.85,Certified by Natural Sapphire Company,2025-09-08
Citrine,Yellow,4.47,Mixed Brilliant Pear,Yellow,Very Slightly Included,Heat Treated,43550.0,,14.87 x 9.96 x 5.99,Certified by Natural Sapphire Company,2025-09-08
Citrine,Yellow,3.95,Mixed Brilliant Pear,Yellow,Very Slightly Included,Heat Treated,38675.0,,14.94 x 9.79 x 5.3,Certified by Natural Sapphire Company,2025-09-08
Citrine,Yellow,4.36,Mixed Brilliant Pear,Yellow,Very Slightly Included,Heat Treated,42575.0,,14.91 x 10.12 x 5.42,Certified by Natural Sapphire Company,2025-09-08
Citrine,Yellow,4.94,Mixed Brilliant Pear,Yellow,Very Slightly Included,Heat Treated,48100.0,,15.22 x 9.86 x 6.33,Certified by Natural Sapphire Company,2025-09-08
Citrine,Yellow,5.09,Mixed Brilliant Pear,Yellow,Very Slightly Included,Heat Treated,49725.0,,15.15 x 9.78 x 6.82,Certified by Natural Sapphire Company,2025-09-08
Citrine,Orangish Yellow,3.96,Mixed Brilliant Pear,Orangish Yellow,Very Slightly Included,Heat Treated,38675.0,,14.82 x 9.63 x 5.47,Certified by Natural Sapphire Company,2025-09-08
Citrine,Yellow,5.26,Mixed Brilliant Pear,Yellow,Very Slightly Included,Heat Treated,51350.0,,14.98 x 9.76 x 6.77,Certified by Natural Sapphire Company,2025-09-08
Citrine,Yellow,4.75,Mixed Brilliant Pear,Yellow,Very Slightly Included,Heat Treated,46475.0,,14.9 x 9.69 x 6.52,Certified by Natural Sapphire Company,2025-09-08
Citrine,Yellow,4.45,Mixed Brilliant Pear,Yellow,Very Slightly Included,Heat Treated,43550.0,,14.87 x 9.75 x 5.96,Certified by Natural Sapphire Company,2025-09-08
Citrine,Yellow,4.06,Mixed Brilliant Pear,Yellow,Very Slightly Included,Heat Treated,39650.0,,14.11 x 9.89 x 5.65,Certified by Natural Sapphire Company,2025-09-08
Citrine,Yellow,4.17,Mixed Brilliant Pear,Yellow,Very Slightly Included,Heat Treated,40625.0,,14.21 x 9.86 x 5.98,Certified by Natural Sapphire Company,2025-09-08
Citrine,Yellow,4.21,Mixed Brilliant Pear,Yellow,Very Slightly Included,Heat Treated,40950.0,,14.94 x 9.84 x 5.51,Certified by Natural Sapphire Company,2025-09-08
Citrine,Yellow,4.12,Mixed Brilliant Pear,Yellow,Very Slightly Included,Heat Treated,40300.0,,14.69 x 9.74 x 5.81,Certified by Natural Sapphire Company,2025-09-08
Citrine,Yellow,4.01,Mixed Brilliant Pear,Yellow,Eye Clean,Heat Treated,39000.0,,14.98 x 9.65 x 5.31,Certified by Natural Sapphire Company,2025-09-08
Citrine,Yellow,4.84,Mixed Brilliant Pear,Yellow,Very Slightly Included,Heat Treated,47125.0,,15.19 x 9.97 x 6.27,Certified by Natural Sapphire Company,2025-09-08
Citrine,Orangish Yellow,4.48,Mixed Brilliant Pear,Orangish Yellow,Very Slightly Included,Heat Treated,43550.0,,15.21 x 9.89 x 5.29,Certified by Natural Sapphire Company,2025-09-08
Citrine,Yellow,4.43,Mixed Brilliant Pear,Yellow,Very Slightly Included,Heat Treated,43225.0,,15.15 x 10.0 x 5.43,Certified by Natural Sapphire Company,2025-09-08
Citrine,Yellow,4.46,Mixed Brilliant Pear,Yellow,Very Slightly Included,Heat Treated,43550.0,,15.1 x 10.02 x 5.54,Certified by Natural Sapphire Company,2025-09-08
Citrine,Yellow,4.59,Mixed Brilliant Pear,Yellow,Very Slightly Included,Heat Treated,44850.0,,15.13 x 9.83 x 6.16,Certified by Natural Sapphire Company,2025-09-08
Citrine,Yellow,4.69,Mixed Brilliant Pear,Yellow,Very Slightly Included,Heat Treated,45825.0,,15.08 x 9.74 x 6.33,Certified by Natural Sapphire Company,2025-09-08
Citrine,Yellow,4.47,Mixed Brilliant Pear,Yellow,Very Slightly Included,Heat Treated,43550.0,,14.81 x 9.87 x 5.9,Certified by Natural Sapphire Company,2025-09-08
Citrine,Yellow,4.16,Mixed Brilliant Pear,Yellow,Very Slightly Included,Heat Treated,40625.0,,14.8 x 10.03 x 5.41,Certified by Natural Sapphire Company,2025-09-08
Citrine,Orangish Yellow,5.2,Mixed Brilliant Pear,Orangish Yellow,Very Slightly Included,Heat Treated,50700.0,,15.12 x 9.94 x 6.99,Certified by Natural Sapphire Company,2025-09-08
Citrine,Yellow,4.63,Mixed Brilliant Pear,Yellow,Very Slightly Included,Heat Treated,45175.0,,15.02 x 9.94 x 6.18,Certified by Natural Sapphire Company,2025-09-08
Citrine,Yellow,5.21,Mixed Brilliant Pear,Yellow,Very Slightly Included,Heat Treated,50700.0,,15.02 x 10.14 x 6.79,Certified by Natural Sapphire Company,2025-09-08
Citrine,Yellowish Orange,4.96,Mixed Brilliant Pear,Yellowish Orange,Very Slightly Included,Heat Treated,48425.0,,15.06 x 10.04 x 6.24,Certified by Natural Sapphire Company,2025-09-08
Citrine,Orangish Yellow,4.43,Mixed Brilliant Pear,Orangish Yellow,Very Slightly Included,Heat Treated,43225.0,,14.94 x 9.94 x 5.98,Certified by Natural Sapphire Company,2025-09-08
Cobalt Spinel,Greenish Blue,1.28,Mixed Brilliant Oval,Greenish Blue,Very Very Slightly Included,No Enhancement,416000.0,,6.8 x 6.37 x 3.74,Certified by Natural Sapphire Company,2025-09-08
Garnet,Red,2.3,Checkerboard Cushion,Red,Very Slightly Included,Heat Treated,67275.0,,9.17 x 7.12 x 4.26,Certified by Natural Sapphire Company,2025-09-08
Citrine,Yellow,4.4,Mixed Brilliant Pear,Yellow,Very Slightly Included,Heat Treated,42900.0,,14.93 x 9.83 x 5.86,Certified by Natural Sapphire Company,2025-09-08
Citrine,Yellow,4.79,Mixed Brilliant Pear,Yellow,Very Slightly Included,Heat Treated,46800.0,,14.96 x 9.77 x 6.62,Certified by Natural Sapphire Company,2025-09-08
Citrine,Yellow,4.76,Mixed Brilliant Pear,Yellow,Very Slightly Included,Heat Treated,46475.0,,15.33 x 10.0 x 5.88,Certified by Natural Sapphire Company,2025-09-08
Citrine,Yellow,3.68,Mixed Brilliant Pear,Yellow,Very Slightly Included,Heat Treated,35750.0,,14.0 x 9.74 x 5.31,Certified by Natural Sapphire Company,2025-09-08
Citrine,Orangish Yellow,3.73,Mixed Brilliant Pear,Orangish Yellow,Very Slightly Included,Heat Treated,36400.0,,15.07 x 9.73 x 4.79,Certified by Natural Sapphire Company,2025-09-08
Spinel,Purple,2.34,Emerald Cut Emerald Cut,Purple,Very Slightly Included,Heat Treated,304200.0,,8.85 x 6.46 x 4.47,Certified by Natural Sapphire Company,2025-09-08
Spinel,Blue,1.59,Mixed Brilliant Heart,Blue,Very Very Slightly Included,No Enhancement,155025.0,,7.34 x 6.97 x 4.36,Certified by Natural Sapphire Company,2025-09-08
Spinel,Pink,0.86,Mixed Brilliant Round,Pink,Eye Clean,No Enhancement,83850.0,,5.92 x 5.87 x 3.82,Certified by Natural Sapphire Company,2025-09-08
Zircon,Pinkish Brown,2.03,Mixed Brilliant Cushion,Pinkish Brown,Very Slightly Included,Heat Treated,59475.0,,7.65 x 6.23 x 3.72,Certified by Natural Sapphire Company,2025-09-08
Spinel,Pinkish Purple,4.02,Emerald Cut Emerald Cut,Pinkish Purple,Very Slightly Included,Heat Treated,391950.0,,11.98 x 8.84 x 3.55,Certified by Natural Sapphire Company,2025-09-08
Garnet,Red,2.38,Checkerboard Trillion,Red,Very Slightly Included,Heat Treated,38675.0,,8.27 x 8.21 x 4.99,Certified by Natural Sapphire Company,2025-09-08
Almandine Garnet,Purplish Red,1.43,Mixed Brilliant Round,Purplish Red,Very Slightly Included,No Enhancement,46475.0,,7.05 x 7.07 x 4.17,Certified by Natural Sapphire Company,2025-09-08
Spinel,Blue,1.29,Emerald Cut Emerald Cut,Blue,Very Slightly Included,Heat Treated,167700.0,,6.63 x 5.62 x 3.92,Certified by Natural Sapphire Company,2025-09-08
Spinel,Pinkish Purple,0.94,Mixed Brilliant Pear,Pinkish Purple,Eye Clean,No Enhancement,91650.0,,8.13 x 5.43 x 3.32,Certified by Natural Sapphire Company,2025-09-08
Citrine,Yellow,3.97,Mixed Brilliant Pear,Yellow,Very Slightly Included,Heat Treated,38675.0,,15.03 x 9.75 x 5.33,Certified by Natural Sapphire Company,2025-09-08
Citrine,Yellow,1.38,Emerald Cut Emerald Cut,Yellow,Very Slightly Included,Heat Treated,7150.0,,7.96 x 6.06 x 3.75,Certified by Natural Sapphire Company,2025-09-08
Garnet,Orangish Red,2.4,Emerald Cut Emerald Cut,Orangish Red,Very Slightly Included,No Enhancement,62400.0,,7.96 x 6.49 x 4.84,Certified by Natural Sapphire Company,2025-09-08
Topaz,Pink,2.01,Checkerboard Emerald Cut,Pink,Very Slightly Included,Vapor-Infused Coating,5200.0,,8.11 x 6.17 x 4.23,Certified by Natural Sapphire Company,2025-09-08
Spinel,Color Change,2.31,Emerald Cut Emerald Cut,Color Change,Very Slightly Included,Heat Treated,600600.0,,8.62 x 6.74 x 4.57,Certified by Natural Sapphire Company,2025-09-08
Tourmaline,Green,1.94,Emerald Cut Emerald Cut,Green,Eye Clean,Heat Treated,88400.0,,8.23 x 6.14 x 4.16,Certified by Natural Sapphire Company,2025-09-08
Topaz,Blue,0.65,Emerald Cut Emerald Cut,Blue,Very Very Slightly Included,Irradiation,8450.0,,6.03 x 4.02 x 2.91,Certified by Natural Sapphire Company,2025-09-08
Spinel,Orangish Red,2.06,Mixed Brilliant Cushion,Orangish Red,Very Slightly Included,Heat Treated,1205100.0,,8.41 x 6.85 x 4.29,Certified by Natural Sapphire Company,2025-09-08
Spinel,Purplish Pink,4.62,Emerald Cut Emerald Cut,Purplish Pink,Very Slightly Included,No Enhancement,5105100.0,,10.03 x 8.25 x 6.43,Certified by Natural Sapphire Company,2025-09-08
Garnet,Red,20.41,Emerald Cut Emerald Cut,Red,Very Slightly Included,Heat Treated,398125.0,,19.05 x 13.71 x 6.23,Certified by Natural Sapphire Company,2025-09-08
Spinel,Violet,1.04,Princess Cut Princess,Violet,Very Very Slightly Included,No Enhancement,219700.0,,6.17 x 5.58 x 3.52,Certified by Natural Sapphire Company,2025-09-08
Spinel,Blue,2.03,Mixed Brilliant Oval,Blue,Very Slightly Included,No Enhancement,131950.0,,9.08 x 7.08 x 4.38,Certified by Natural Sapphire Company,2025-09-08
Citrine,Yellow,6.96,Emerald Cut Emerald Cut,Yellow,Very Slightly Included,Heat Treated,54275.0,,13.92 x 9.76 x 6.77,Certified by Natural Sapphire Company,2025-09-08
Zircon,Greenish Yellow,4.48,Mixed Brilliant Oval,Greenish Yellow,Slightly Included,No Enhancement,130975.0,,10.97 x 8.07 x 5.78,Certified by Natural Sapphire Company,2025-09-08
Garnet,Red,2.41,Checkerboard Round,Red,Very Slightly Included,Heat Treated,39000.0,,8.06 x 8.02 x 5.2,Certified by Natural Sapphire Company,2025-09-08
Garnet,Red,2.18,Checkerboard Round,Red,Very Slightly Included,Heat Treated,35425.0,,8.08 x 8.14 x 4.76,Certified by Natural Sapphire Company,2025-09-08
Chrysoberyl,Greenish Yellow,2.08,Asscher Asscher - Octagon,Greenish Yellow,Eye Clean,No Enhancement,208000.0,,7.2 x 6.42 x 4.75,Certified by Natural Sapphire Company,2025-09-08
Spinel,Pink,0.65,Mixed Brilliant Pear,Pink,Eye Clean,No Enhancement,74100.0,,7.31 x 5.04 x 2.69,Certified by Natural Sapphire Company,2025-09-08
Citrine,Yellow,3.12,Mixed Brilliant Pear,Yellow,Eye Clean,Heat Treated,22100.0,,12.72 x 8.57 x 5.64,Certified by Natural Sapphire Company,2025-09-08
Citrine,Yellow,5.78,Mixed Brilliant Pear,Yellow,Eye Clean,No Enhancement,45175.0,,15.15 x 10.26 x 7.27,Certified by Natural Sapphire Company,2025-09-08
Chrysoberyl,Greenish Yellow,2.03,Radiant Cut Radiant,Greenish Yellow,Very Slightly Included,No Enhancement,79300.0,,8.91 x 6.54 x 4.04,Certified by Natural Sapphire Company,2025-09-08
Zircon,Green,1.34,Mixed Brilliant Oval,Green,Very Slightly Included,No Enhancement,47775.0,,7.92 x 5.81 x 3.5,Certified by Natural Sapphire Company,2025-09-08
Rhodolite Garnet,Purple,1.88,Mixed Brilliant Round,Purple,Very Very Slightly Included,No Enhancement,122200.0,,7.2 x 7.14 x 5.1,Certified by Natural Sapphire Company,2025-09-08
Chrysoberyl,Yellowish Green,1.85,Mixed Brilliant Oval,Yellowish Green,Very Slightly Included,No Enhancement,149175.0,,10.14 x 7.16 x 3.69,Certified by Natural Sapphire Company,2025-09-08
Spinel,Violet,0.81,Mixed Brilliant Oval,Violet,Eye Clean,No Enhancement,78975.0,,6.19 x 4.73 x 3.72,Certified by Natural Sapphire Company,2025-09-08
Amethyst,Purple,2.18,Trillion Cut Trillion,Purple,Very Slightly Included,Heat Treated,7150.0,,9.06 x 9.05 x 5.95,Certified by Natural Sapphire Company,2025-09-08
Spinel,Purplish Pink,1.66,Mixed Brilliant Cushion,Purplish Pink,Very Slightly Included,No Enhancement,166075.0,,8.11 x 5.43 x 4.18,Certified by Natural Sapphire Company,2025-09-08
Almandine Garnet,Red,1.31,Emerald Cut Emerald Cut,Red,Very Slightly Included,No Enhancement,42575.0,,7.89 x 5.72 x 3.0,Certified by Natural Sapphire Company,2025-09-08
Spinel,Violet,1.05,Mixed Brilliant Heart,Violet,Very Slightly Included,No Enhancement,201500.0,,6.05 x 6.92 x 3.7,Certified by Natural Sapphire Company,2025-09-08
Spinel,Blue,1.48,Mixed Brilliant Round,Blue,Eye Clean,No Enhancement,144300.0,,6.96 x 6.96 x 4.47,Certified by Natural Sapphire Company,2025-09-08
Spinel,Purple,0.46,Mixed Brilliant Round,Purple,Very Very Slightly Included,No Enhancement,9750.0,,4.58 x 4.59 x 3.14,Certified by Natural Sapphire Company,2025-09-08
Amethyst,Purple,2.17,Trillion Cut Trillion,Purple,Slightly Included,Heat Treated,7150.0,,8.93 x 9.29 x 5.77,Certified by Natural Sapphire Company,2025-09-08
Spinel,Pinkish Purple,0.84,Mixed Brilliant Round,Pinkish Purple,Eye Clean,No Enhancement,81900.0,,5.76 x 5.82 x 3.7,Certified by Natural Sapphire Company,2025-09-08
Spinel,Purple,0.85,Mixed Brilliant Oval,Purple,Eye Clean,No Enhancement,82875.0,,6.86 x 5.28 x 3.26,Certified by Natural Sapphire Company,2025-09-08
Amethyst,Purple,2.21,Trillion Cut Trillion,Purple,Very Slightly Included,Heat Treated,7150.0,,9.07 x 9.15 x 5.47,Certified by Natural Sapphire Company,2025-09-08
Rhodolite Garnet,Purplish Pink,2.53,Emerald Cut Emerald Cut,Purplish Pink,Very Slightly Included,No Enhancement,164450.0,,8.53 x 6.55 x 4.72,Certified by Natural Sapphire Company,2025-09-08
Amethyst,Purple,2.12,Trillion Cut Trillion,Purple,Very Slightly Included,Heat Treated,6825.0,,9.13 x 9.11 x 5.8,Certified by Natural Sapphire Company,2025-09-08
Spinel,Blue,0.92,Emerald Cut Emerald Cut,Blue,Very Slightly Included,No Enhancement,26975.0,,6.96 x 4.63 x 3.14,Certified by Natural Sapphire Company,2025-09-08
Tourmaline,Brown,14.54,Step Cut Emerald Cut,Brown,Eye Clean,No Enhancement,283400.0,,16.5 x 12.51 x 8.28,Certified by Natural Sapphire Company,2025-09-08
Garnet,Red,2.33,Mixed Brilliant Oval,Red,Very Slightly Included,No Enhancement,60450.0,,8.22 x 7.56 x 4.87,Certified by Natural Sapphire Company,2025-09-08
Amethyst,Purple,2.06,Trillion Cut Trillion,Purple,Very Slightly Included,Heat Treated,6825.0,,9.03 x 9.35 x 5.41,Certified by Natural Sapphire Company,2025-09-08
Amethyst,Purple,2.04,Trillion Cut Trillion,Purple,Very Slightly Included,Heat Treated,6500.0,,8.99 x 9.08 x 5.55,Certified by Natural Sapphire Company,2025-09-08
Tourmaline,Pinkish Brown,2.34,Emerald Cut Emerald Cut,Pinkish Brown,Eye Clean,Heat Treated,76050.0,,11.56 x 5.77 x 3.93,Certified by Natural Sapphire Company,2025-09-08
Amethyst,Purple,2.12,Trillion Cut Trillion,Purple,Very Slightly Included,Heat Treated,6825.0,,9.0 x 9.17 x 5.6,Certified by Natural Sapphire Company,2025-09-08
Alexandrite,Green to Brownish Yellow,3.51,Mixed Brilliant Heart,Green to Brownish Yellow,Eye Clean,No Enhancement,2405000.0,,9.25 x 10.33 x 5.21,Certified by Natural Sapphire Company,2025-09-08
Amethyst,Purple,2.07,Trillion Cut Trillion,Purple,Slightly Included,Heat Treated,6825.0,,9.0 x 9.27 x 5.62,Certified by Natural Sapphire Company,2025-09-08
Amethyst,Purple,2.2,Trillion Cut Trillion,Purple,Very Slightly Included,Heat Treated,7150.0,,8.91 x 9.18 x 5.87,Certified by Natural Sapphire Company,2025-09-08
Spinel,Pinkish Purple,1.42,Mixed Brilliant Cushion,Pinkish Purple,Very Very Slightly Included,No Enhancement,138450.0,,7.0 x 6.36 x 3.87,Certified by Natural Sapphire Company,2025-09-08
Amethyst,Purple,2.07,Trillion Cut Trillion,Purple,Slightly Included,Heat Treated,6825.0,,8.94 x 9.24 x 5.48,Certified by Natural Sapphire Company,2025-09-08
Zircon,Green,1.03,Mixed Brilliant Oval,Green,Very Slightly Included,No Enhancement,10075.0,,7.17 x 4.86 x 3.32,Certified by Natural Sapphire Company,2025-09-08
Amethyst,Purple,2.02,Trillion Cut Trillion,Purple,Very Slightly Included,Heat Treated,6500.0,,9.09 x 9.2 x 5.56,Certified by Natural Sapphire Company,2025-09-08
Spinel,Blue,0.69,Emerald Cut Emerald Cut,Blue,Very Slightly Included,No Enhancement,35750.0,,6.52 x 4.15 x 2.71,Certified by Natural Sapphire Company,2025-09-08
Chrysoberyl,Yellowish Green,2.06,Cabochon Oval,Yellowish Green,Very Slightly Included,No Enhancement,133900.0,,8.0 x 6.34 x 4.92,Certified by Natural Sapphire Company,2025-09-08
Spinel,Blue,1.1,Mixed Brilliant Pear,Blue,Eye Clean,No Enhancement,107250.0,,7.62 x 5.58 x 3.56,Certified by Natural Sapphire Company,2025-09-08
Chrysoberyl,Greenish Yellow,2.09,Cabochon Oval,Greenish Yellow,Slightly Included,Heat Treated,543400.0,,8.32 x 6.2 x 4.0,Certified by Natural Sapphire Company,2025-09-08
Amethyst,Purple,2.11,Trillion Cut Trillion,Purple,Very Slightly Included,Heat Treated,6825.0,,9.01 x 9.26 x 5.71,Certified by Natural Sapphire Company,2025-09-08
Garnet,Red,2.36,Checkerboard Cushion,Red,Very Slightly Included,Heat Treated,68900.0,,9.05 x 6.98 x 4.24,Certified by Natural Sapphire Company,2025-09-08
Garnet,Red,0.78,Mixed Brilliant Oval,Red,Very Very Slightly Included,No Enhancement,20150.0,,7.05 x 5.08 x 2.78,Certified by Natural Sapphire Company,2025-09-08
Chrysoberyl,Brown,3.59,Cabochon Oval,Brown,Very Slightly Included,Heat Treated,1050075.0,,9.58 x 6.52 x 5.81,Certified by Natural Sapphire Company,2025-09-08
Spinel,Purple,1.08,Mixed Brilliant Round,Purple,Very Very Slightly Included,No Enhancement,122850.0,,6.47 x 6.4 x 3.81,Certified by Natural Sapphire Company,2025-09-08
Garnet,Red,2.54,Mixed Brilliant Cushion,Red,Eye Clean,No Enhancement,123825.0,,8.1 x 7.82 x 4.91,Certified by Natural Sapphire Company,2025-09-08
Garnet,Purplish Pink,3.37,Emerald Cut Emerald Cut,Purplish Pink,Very Very Slightly Included,No Enhancement,547625.0,,9.83 x 6.99 x 4.93,Certified by Natural Sapphire Company,2025-09-08
Spinel,Purplish Pink,2.13,Emerald Cut Emerald Cut,Purplish Pink,Very Slightly Included,No Enhancement,130000.0,,8.69 x 5.88 x 3.91,Certified by Natural Sapphire Company,2025-09-08
Spinel,Purple,0.96,Mixed Brilliant Oval,Purple,Very Very Slightly Included,No Enhancement,93600.0,,6.61 x 5.27 x 3.75,Certified by Natural Sapphire Company,2025-09-08
Moonstone,Black,11.66,Cabochon Oval,Black,Very Very Slightly Included,No Enhancement,38025.0,,17.24 x 14.92 x 6.79,Certified by Natural Sapphire Company,2025-09-08
Moonstone,Peach,12.97,Cabochon Oval,Peach,Very Slightly Included,No Enhancement,42250.0,,18.56 x 12.33 x 8.49,Certified by Natural Sapphire Company,2025-09-08
Zircon,Green,3.8,Mixed Brilliant Oval,Green,Very Slightly Included,No Enhancement,98800.0,,9.48 x 7.75 x 6.55,Certified by Natural Sapphire Company,2025-09-08
Spinel,Greenish Blue,1.24,Mixed Brilliant Cushion,Greenish Blue,Very Very Slightly Included,No Enhancement,161200.0,,7.47 x 5.14 x 3.96,Certified by Natural Sapphire Company,2025-09-08
Beryl,Green,17.29,Radiant Cut Radiant,Green,Very Slightly Included,No Enhancement,337025.0,,19.26 x 13.48 x 8.76,Certified by Natural Sapphire Company,2025-09-08
Cobalt Spinel,Greenish Blue,2.27,Mixed Brilliant Cushion,Greenish Blue,Very Slightly Included,No Enhancement,516425.0,,7.21 x 6.48 x 4.73,Certified by Natural Sapphire Company,2025-09-08
Zircon,Pinkish Brown,1.45,Mixed Brilliant Marquise,Pinkish Brown,Very Slightly Included,No Enhancement,9425.0,,10.24 x 4.7 x 3.39,Certified by Natural Sapphire Company,2025-09-08
Moonstone,Brown,11.58,Cabochon Oval,Brown,Very Slightly Included,No Enhancement,37700.0,,16.83 x 13.69 x 6.95,Certified by Natural Sapphire Company,2025-09-08
Spinel,Bluish Purple,1.05,Mixed Brilliant Oval,Bluish Purple,Eye Clean,No Enhancement,47775.0,,6.72 x 5.17 x 3.95,Certified by Natural Sapphire Company,2025-09-08
Garnet,Red,2.51,Checkerboard Round,Red,Very Slightly Included,Heat Treated,40950.0,,8.08 x 8.11 x 5.2,Certified by Natural Sapphire Company,2025-09-08
Chrysoberyl,Greenish Yellow,4.89,Emerald Cut Emerald Cut,Greenish Yellow,Very Slightly Included,No Enhancement,476775.0,,11.59 x 7.87 x 5.02,Certified by Natural Sapphire Company,2025-09-08
Spinel,Pink,1.05,Emerald Cut Emerald Cut,Pink,Eye Clean,No Enhancement,68250.0,,7.27 x 4.79 x 3.22,Certified by Natural Sapphire Company,2025-09-08
Spinel,Purple,3.03,Emerald Cut Emerald Cut,Purple,Very Slightly Included,No Enhancement,295425.0,,9.32 x 6.12 x 5.23,Certified by Natural Sapphire Company,2025-09-08
Tourmaline,Green,8.96,Emerald Cut Emerald Cut,Green,Eye Clean,No Enhancement,1346800.0,,12.97 x 11.3 x 8.91,Certified by Natural Sapphire Company,2025-09-08
Spinel,Violet,2.08,Asscher Asscher - Octagon,Violet,Very Slightly Included,No Enhancement,135200.0,,6.55 x 6.52 x 5.22,Certified by Natural Sapphire Company,2025-09-08
Spinel,Purple,2.12,Emerald Cut Emerald Cut,Purple,Very Slightly Included,No Enhancement,137800.0,,8.31 x 5.9 x 4.52,Certified by Natural Sapphire Company,2025-09-08
Spinel,Purplish Pink,1.83,Mixed Brilliant Pear,Purplish Pink,Eye Clean,No Enhancement,59475.0,,9.06 x 5.68 x 4.93,Certified by Natural Sapphire Company,2025-09-08
Spinel,Pinkish Purple,1.28,Emerald Cut Emerald Cut,Pinkish Purple,Very Slightly Included,No Enhancement,25025.0,,7.65 x 5.11 x 3.61,Certified by Natural Sapphire Company,2025-09-08
Spinel,Blue,0.86,Mixed Brilliant Cushion,Blue,Very Very Slightly Included,No Enhancement,66950.0,,6.2 x 5.51 x 3.32,Certified by Natural Sapphire Company,2025-09-08
Zircon,Brown,2.24,Mixed Brilliant Pear,Brown,Very Slightly Included,No Enhancement,29250.0,,8.79 x 6.98 x 4.29,Certified by Natural Sapphire Company,2025-09-08
Moonstone,Grey,31.95,Cabochon Oval,Grey,Eye Clean,No Enhancement,145275.0,,17.56 x 16.26 x 15.29,Certified by Natural Sapphire Company,2025-09-08
Zircon,Yellowish Brown,2.21,Mixed Brilliant Pear,Yellowish Brown,Eye Clean,Heat Treated,28600.0,,9.36 x 6.61 x 3.87,Certified by Natural Sapphire Company,2025-09-08
Spinel,Purple,1.05,Emerald Cut Emerald Cut,Purple,Very Slightly Included,No Enhancement,20475.0,,6.92 x 4.73 x 3.43,Certified by Natural Sapphire Company,2025-09-08
Spinel,Blue,1.33,Emerald Cut Emerald Cut,Blue,Slightly Included,No Enhancement,26000.0,,7.06 x 5.06 x 3.96,Certified by Natural Sapphire Company,2025-09-08
Spinel,Purple,1.29,Emerald Cut Emerald Cut,Purple,Slightly Included,No Enhancement,41925.0,,6.85 x 5.09 x 3.97,Certified by Natural Sapphire Company,2025-09-08
Spinel,Purple,2.3,Emerald Cut Emerald Cut,Purple,Very Slightly Included,No Enhancement,149500.0,,7.91 x 5.81 x 4.99,Certified by Natural Sapphire Company,2025-09-08
Spinel,Purple,1.58,Emerald Cut Emerald Cut,Purple,Very Slightly Included,No Enhancement,102700.0,,7.93 x 5.65 x 3.83,Certified by Natural Sapphire Company,2025-09-08
Spinel,Violet,5.6,Mixed Brilliant Cushion,Violet,Slightly Included,No Enhancement,2020200.0,,11.27 x 8.87 x 6.67,Certified by Natural Sapphire Company,2025-09-08
Tourmaline,Green,0.66,Princess Cut Princess,Green,Very Very Slightly Included,No Enhancement,64350.0,,4.9 x 4.91 x 3.73,Certified by Natural Sapphire Company,2025-09-08
Tourmaline,Pinkish Brown,0.52,Mixed Brilliant Round,Pinkish Brown,Eye Clean,No Enhancement,33800.0,,4.99 x 5.01 x 3.53,Certified by Natural Sapphire Company,2025-09-08
Spinel,Blue,0.75,Mixed Brilliant Oval,Blue,Eye Clean,No Enhancement,58500.0,,6.35 x 5.13 x 3.38,Certified by Natural Sapphire Company,2025-09-08
Moonstone,White,4.75,Cabochon Round,White,Very Slightly Included,No Enhancement,15600.0,,10.1 x 9.66 x 6.26,Certified by Natural Sapphire Company,2025-09-08
Cobalt Spinel,Blue,5.15,Mixed Brilliant Cushion,Blue,Very Slightly Included,No Enhancement,9665825.0,,10.04 x 9.26 x 7.1,Certified by Natural Sapphire Company,2025-09-08
Almandine Garnet,Red,5.53,Mixed Brilliant Fancy,Red,Eye Clean,No Enhancement,269750.0,,11.06 x 9.76 x 7.53,Certified by Natural Sapphire Company,2025-09-08
Tourmaline,Green,0.53,Mixed Brilliant Round,Green,Eye Clean,No Enhancement,17225.0,,5.02 x 5.04 x 3.57,Certified by Natural Sapphire Company,2025-09-08
Spinel,Blue,1.01,Mixed Brilliant Oval,Blue,Eye Clean,No Enhancement,78650.0,,6.49 x 5.72 x 3.64,Certified by Natural Sapphire Company,2025-09-08
Spinel,Violet,0.87,Mixed Brilliant Oval,Violet,Very Slightly Included,No Enhancement,67925.0,,6.47 x 4.91 x 3.71,Certified by Natural Sapphire Company,2025-09-08
Spinel,Pinkish Purple,1.14,Mixed Brilliant Oval,Pinkish Purple,Very Slightly Included,No Enhancement,227500.0,,6.64 x 6.0 x 4.37,Certified by Natural Sapphire Company,2025-09-08
Spinel,Purple,1.1,Mixed Brilliant Oval,Purple,Slightly Included,No Enhancement,125125.0,,6.75 x 5.2 x 4.61,Certified by Natural Sapphire Company,2025-09-08
Spinel,Purple,1.13,Mixed Brilliant Cushion,Purple,Very Slightly Included,No Enhancement,91000.0,,6.58 x 5.94 x 3.53,Certified by Natural Sapphire Company,2025-09-08
Spinel,Violet,1.19,Mixed Brilliant Cushion,Violet,Slightly Included,No Enhancement,92950.0,,6.25 x 6.09 x 4.03,Certified by Natural Sapphire Company,2025-09-08
Zircon,Pinkish Brown,2.02,Mixed Brilliant Oval,Pinkish Brown,Very Slightly Included,Heat Treated,59150.0,,7.93 x 6.54 x 3.74,Certified by Natural Sapphire Company,2025-09-08
Garnet,Purplish Pink,1.97,Mixed Brilliant Round,Purplish Pink,Very Very Slightly Included,No Enhancement,256100.0,,7.4 x 7.38 x 4.36,Certified by Natural Sapphire Company,2025-09-08
Garnet,Purplish Pink,1.57,Mixed Brilliant Cushion,Purplish Pink,Very Very Slightly Included,No Enhancement,87750.0,,6.67 x 6.32 x 4.1,Certified by Natural Sapphire Company,2025-09-08
Zircon,Brownish Yellow,2.26,Mixed Brilliant Round,Brownish Yellow,Very Slightly Included,Heat Treated,58825.0,,7.54 x 7.57 x 4.57,Certified by Natural Sapphire Company,2025-09-08
Spinel,Greenish Blue,1.24,Mixed Brilliant Oval,Greenish Blue,Eye Clean,No Enhancement,96850.0,,7.79 x 5.81 x 3.62,Certified by Natural Sapphire Company,2025-09-08
Spinel,Purplish Pink,0.75,Mixed Brilliant Cushion,Purplish Pink,Very Very Slightly Included,No Enhancement,73125.0,,6.07 x 4.82 x 3.09,Certified by Natural Sapphire Company,2025-09-08
Alexandrite,Green to Brown,0.53,Mixed Brilliant Cushion,Green to Brown,Very Slightly Included,No Enhancement,195000.0,,4.62 x 4.3 x 2.94,Certified by Natural Sapphire Company,2025-09-08
Spinel,Color Change,2.06,Mixed Brilliant Round,Color Change,Very Slightly Included,No Enhancement,401700.0,,7.04 x 7.06 x 5.5,Certified by Natural Sapphire Company,2025-09-08
Tourmaline,Pink,0.52,Mixed Brilliant Round,Pink,Very Very Slightly Included,No Enhancement,16900.0,,4.98 x 4.99 x 3.56,Certified by Natural Sapphire Company,2025-09-08
Spinel,Blue,1.45,Mixed Brilliant Oval,Blue,Very Very Slightly Included,No Enhancement,65000.0,,7.34 x 5.59 x 4.75,Certified by Natural Sapphire Company,2025-09-08
Moonstone,White,3.99,Cabochon Oval,White,Very Slightly Included,No Enhancement,13000.0,,12.06 x 10.16 x 4.6,Certified by Natural Sapphire Company,2025-09-08
Spinel,Pinkish Purple,1.22,Mixed Brilliant Oval,Pinkish Purple,Eye Clean,No Enhancement,142675.0,,7.95 x 6.08 x 3.61,Certified by Natural Sapphire Company,2025-09-08
Citrine,Yellow,3.2,Mixed Brilliant Pear,Yellow,Eye Clean,Heat Treated,22750.0,,12.97 x 8.74 x 5.57,Certified by Natural Sapphire Company,2025-09-08
Zircon,Green,0.99,Emerald Cut Emerald Cut,Green,Very Slightly Included,No Enhancement,6500.0,,7.73 x 4.31 x 2.85,Certified by Natural Sapphire Company,2025-09-08
Spinel,Greyish Blue,0.93,Mixed Brilliant Oval,Greyish Blue,Eye Clean,No Enhancement,72475.0,,6.92 x 5.06 x 3.46,Certified by Natural Sapphire Company,2025-09-08
Spinel,Purple,0.93,Mixed Brilliant Oval,Purple,Very Very Slightly Included,No Enhancement,90675.0,,6.26 x 5.26 x 3.98,Certified by Natural Sapphire Company,2025-09-08
Almandine Garnet,Red,1.1,Mixed Brilliant Cushion,Red,Slightly Included,No Enhancement,35750.0,,6.18 x 6.16 x 3.57,Certified by Natural Sapphire Company,2025-09-08
Topaz,Swiss Blue,7.66,Emerald Cut Emerald Cut,Swiss Blue,Very Slightly Included,Irradiation,74750.0,,13.84 x 9.94 x 6.43,Certified by Natural Sapphire Company,2025-09-08
Spinel,Blue,1.29,Mixed Brilliant Oval,Blue,Slightly Included,No Enhancement,83850.0,,6.92 x 5.56 x 4.39,Certified by Natural Sapphire Company,2025-09-08
Topaz,Swiss Blue,8.65,Emerald Cut Emerald Cut,Swiss Blue,Very Slightly Included,Irradiation,84500.0,,13.96 x 10.01 x 6.98,Certified by Natural Sapphire Company,2025-09-08
Garnet,Red,1.44,Mixed Brilliant Heart,Red,Eye Clean,No Enhancement,37375.0,,6.49 x 7.25 x 4.05,Certified by Natural Sapphire Company,2025-09-08
Topaz,Swiss Blue,7.96,Emerald Cut Emerald Cut,Swiss Blue,Very Slightly Included,Irradiation,77675.0,,14.04 x 9.93 x 6.21,Certified by Natural Sapphire Company,2025-09-08
Alexandrite,Yellowish Green to Brownish Orange,11.7,Mixed Brilliant Cushion,Yellowish Green to Brownish Orange,Eye Clean,No Enhancement,149626750.0,,12.71 x 10.88 x 10.71,Certified by Natural Sapphire Company,2025-09-08
Spinel,Green,0.97,Mixed Brilliant Cushion,Green,Eye Clean,No Enhancement,75725.0,,6.34 x 5.8 x 3.54,Certified by Natural Sapphire Company,2025-09-08
Topaz,Swiss Blue,9.93,Emerald Cut Emerald Cut,Swiss Blue,Very Slightly Included,Irradiation,96850.0,,14.12 x 10.27 x 7.25,Certified by Natural Sapphire Company,2025-09-08
Spinel,Blue,0.95,Mixed Brilliant Round,Blue,Slightly Included,No Enhancement,74100.0,,5.91 x 5.87 x 3.99,Certified by Natural Sapphire Company,2025-09-08
Spinel,Violet,1.6,Asscher Asscher - Octagon,Violet,Very Very Slightly Included,No Enhancement,130000.0,,6.34 x 6.17 x 4.64,Certified by Natural Sapphire Company,2025-09-08
Topaz,Swiss Blue,8.96,Emerald Cut Emerald Cut,Swiss Blue,Very Slightly Included,Irradiation,87425.0,,14.13 x 10.16 x 6.99,Certified by Natural Sapphire Company,2025-09-08
Topaz,Swiss Blue,8.66,Emerald Cut Emerald Cut,Swiss Blue,Very Slightly Included,Irradiation,84500.0,,13.84 x 10.1 x 6.05,Certified by Natural Sapphire Company,2025-09-08
Garnet,Red,3.24,Mixed Brilliant Oval,Red,Eye Clean,No Enhancement,105300.0,,9.58 x 7.62 x 5.38,Certified by Natural Sapphire Company,2025-09-08
Aquamarine,Blue,2.97,Emerald Cut Emerald Cut,Blue,Very Slightly Included,Heat Treated,656500.0,,10.0 x 9.04 x 5.26,Certified by Natural Sapphire Company,2025-09-08
Moonstone,Brown,59.29,Cabochon Oval,Brown,Very Very Slightly Included,No Enhancement,269750.0,,22.28 x 20.13 x 17.34,Certified by Natural Sapphire Company,2025-09-08
Topaz,Swiss Blue,8.6,Emerald Cut Emerald Cut,Swiss Blue,Very Slightly Included,Irradiation,83850.0,,14.09 x 9.81 x 6.62,Certified by Natural Sapphire Company,2025-09-08
Topaz,Swiss Blue,8.23,Emerald Cut Emerald Cut,Swiss Blue,Very Slightly Included,Irradiation,80275.0,,13.81 x 9.87 x 6.53,Certified by Natural Sapphire Company,2025-09-08
Spinel,Greenish Blue,0.82,Mixed Brilliant Oval,Greenish Blue,Very Slightly Included,No Enhancement,79950.0,,6.18 x 5.25 x 3.7,Certified by Natural Sapphire Company,2025-09-08
Tourmaline,Pink,0.6,Mixed Brilliant Round,Pink,Eye Clean,No Enhancement,19500.0,,5.16 x 5.16 x 3.81,Certified by Natural Sapphire Company,2025-09-08
Moonstone,Peach,14.04,Cabochon Oval,Peach,Very Very Slightly Included,No Enhancement,45500.0,,15.68 x 12.61 x 10.12,Certified by Natural Sapphire Company,2025-09-08
Tourmaline,Peach,0.49,Mixed Brilliant Round,Peach,Very Very Slightly Included,No Enhancement,15925.0,,5.03 x 4.99 x 3.46,Certified by Natural Sapphire Company,2025-09-08
Garnet,Reddish Purple,3.87,Mixed Brilliant Oval,Reddish Purple,Very Slightly Included,No Enhancement,126100.0,,9.62 x 7.56 x 6.15,Certified by Natural Sapphire Company,2025-09-08
Garnet,Purplish Pink,2.21,Mixed Brilliant Pear,Purplish Pink,Very Slightly Included,No Enhancement,287300.0,,10.7 x 7.77 x 4.26,Certified by Natural Sapphire Company,2025-09-08
Garnet,Purplish Red,2.1,Mixed Brilliant Oval,Purplish Red,Very Slightly Included,No Enhancement,27300.0,,8.2 x 6.3 x 4.63,Certified by Natural Sapphire Company,2025-09-08
Zircon,Brown,2.21,Mixed Brilliant Pear,Brown,Very Slightly Included,No Enhancement,28600.0,,9.5 x 7.0 x 3.87,Certified by Natural Sapphire Company,2025-09-08
Moonstone,Peach,13.58,Cabochon Oval,Peach,Very Very Slightly Included,No Enhancement,44200.0,,18.49 x 13.7 x 7.09,Certified by Natural Sapphire Company,2025-09-08
Spinel,Purple,0.96,Mixed Brilliant Oval,Purple,Slightly Included,No Enhancement,93600.0,,6.41 x 5.83 x 3.71,Certified by Natural Sapphire Company,2025-09-08
Garnet,Pink,2.33,Emerald Cut Emerald Cut,Pink,Slightly Included,No Enhancement,302900.0,,7.86 x 6.92 x 5.24,Certified by Natural Sapphire Company,2025-09-08
Chrysoberyl,Brown,2.24,Cabochon Round,Brown,Very Slightly Included,Heat Treated,873600.0,,8.22 x 7.87 x 3.35,Certified by Natural Sapphire Company,2025-09-08
Garnet,Red,2.5,Checkerboard Round,Red,Very Slightly Included,Heat Treated,40625.0,,8.07 x 8.02 x 5.29,Certified by Natural Sapphire Company,2025-09-08
Garnet,Red,2.98,Checkerboard Cushion,Red,Very Slightly Included,Heat Treated,87100.0,,9.06 x 7.05 x 5.38,Certified by Natural Sapphire Company,2025-09-08
Spinel,Greenish Blue,2.02,Mixed Brilliant Round,Greenish Blue,Very Slightly Included,Heat Treated,328250.0,,7.5 x 7.5 x 4.99,Certified by Natural Sapphire Company,2025-09-08
Topaz,Pink,11.33,Checkerboard Pear,Pink,Very Slightly Included,Vapor-Infused Coating,73775.0,,16.23 x 12.11 x 8.72,Certified by Natural Sapphire Company,2025-09-08
Spinel,Purplish Pink,0.83,Mixed Brilliant Oval,Purplish Pink,Very Very Slightly Included,No Enhancement,67600.0,,6.34 x 4.86 x 4.03,Certified by Natural Sapphire Company,2025-09-08
Spinel,Purple,1.13,Mixed Brilliant Cushion,Purple,Very Very Slightly Included,No Enhancement,110175.0,,6.43 x 5.1 x 4.23,Certified by Natural Sapphire Company,2025-09-08
Spinel,Purple,0.41,Mixed Brilliant Round,Purple,Very Very Slightly Included,No Enhancement,13000.0,,4.24 x 4.23 x 3.17,Certified by Natural Sapphire Company,2025-09-08
Spinel,Blue,2.08,Emerald Cut Emerald Cut,Blue,Eye Clean,No Enhancement,270400.0,,9.25 x 5.87 x 4.1,Certified by Natural Sapphire Company,2025-09-08
Chrysoberyl,Green,3.06,Cabochon Oval,Green,Very Slightly Included,Heat Treated,1093950.0,,9.84 x 8.38 x 3.96,Certified by Natural Sapphire Company,2025-09-08
Chrysoberyl,Greenish Yellow,1.34,Cabochon Oval,Greenish Yellow,Eye Clean,Heat Treated,348400.0,,6.68 x 5.58 x 3.76,Certified by Natural Sapphire Company,2025-09-08
Garnet,Red,6.54,Mixed Brilliant Pear,Red,Very Very Slightly Included,No Enhancement,212550.0,,13.48 x 9.84 x 6.95,Certified by Natural Sapphire Company,2025-09-08
Chrysoberyl,Yellowish Green,2.55,Cabochon Oval,Yellowish Green,Very Slightly Included,Heat Treated,994500.0,,7.69 x 6.21 x 5.62,Certified by Natural Sapphire Company,2025-09-08
Garnet,Red,1.92,Mixed Brilliant Cushion,Red,Very Slightly Included,No Enhancement,65000.0,,7.99 x 7.54 x 3.94,Certified by Natural Sapphire Company,2025-09-08
Moonstone,Grey,15.36,Cabochon Oval,Grey,Very Very Slightly Included,No Enhancement,50050.0,,17.95 x 14.27 x 8.0,Certified by Natural Sapphire Company,2025-09-08
Moonstone,White,11.73,Cabochon Oval,White,Very Slightly Included,No Enhancement,38025.0,,16.13 x 12.06 x 8.21,Certified by Natural Sapphire Company,2025-09-08
Moonstone,Grey,21.23,Cabochon Oval,Grey,Very Slightly Included,No Enhancement,68900.0,,18.13 x 12.63 x 12.91,Certified by Natural Sapphire Company,2025-09-08
Chrysoberyl,Greenish Yellow,1.3,Cabochon Round,Greenish Yellow,Very Slightly Included,No Enhancement,422500.0,,6.1 x 5.87 x 3.68,Certified by Natural Sapphire Company,2025-09-08
Moonstone,Brown,7.59,Cabochon Oval,Brown,Very Slightly Included,No Enhancement,24700.0,,13.32 x 10.34 x 7.48,Certified by Natural Sapphire Company,2025-09-08
Chrysoberyl,Greenish Yellow,1.26,Cabochon Oval,Greenish Yellow,Very Slightly Included,No Enhancement,245700.0,,6.7 x 5.07 x 3.67,Certified by Natural Sapphire Company,2025-09-08
Chrysoberyl,Greenish Yellow,1.24,Cabochon Round,Greenish Yellow,Very Slightly Included,No Enhancement,403000.0,,6.06 x 6.05 x 3.41,Certified by Natural Sapphire Company,2025-09-08
Spinel,Pink,2.05,Radiant Cut Radiant,Pink,Eye Clean,Heat Treated,1066000.0,,8.09 x 6.25 x 4.62,Certified by Natural Sapphire Company,2025-09-08
Chrysoberyl,Greenish Yellow,1.11,Cabochon Oval,Greenish Yellow,Very Very Slightly Included,No Enhancement,288600.0,,6.69 x 5.18 x 3.55,Certified by Natural Sapphire Company,2025-09-08
Spinel,Pink,2.13,Mixed Brilliant Oval,Pink,Eye Clean,Heat Treated,553800.0,,8.35 x 6.85 x 5.05,Certified by Natural Sapphire Company,2025-09-08
Chrysoberyl,Greenish Yellow,1.22,Cabochon Round,Greenish Yellow,Eye Clean,No Enhancement,555100.0,,5.69 x 5.46 x 3.97,Certified by Natural Sapphire Company,2025-09-08
Chrysoberyl,Brown,3.63,Cabochon Oval,Brown,Very Very Slightly Included,No Enhancement,707850.0,,9.38 x 8.08 x 5.02,Certified by Natural Sapphire Company,2025-09-08
Spinel,Color Change,1.76,Radiant Cut Radiant,Color Change,Very Slightly Included,Heat Treated,308750.0,,7.16 x 5.81 x 5.04,Certified by Natural Sapphire Company,2025-09-08
Chrysoberyl,Brown,4.44,Cabochon Oval,Brown,Eye Clean,No Enhancement,1601600.0,,9.54 x 8.64 x 5.52,Certified by Natural Sapphire Company,2025-09-08
Chrysoberyl,Green,1.08,Emerald Cut Emerald Cut,Green,Eye Clean,No Enhancement,210600.0,,6.15 x 5.27 x 3.6,Certified by Natural Sapphire Company,2025-09-08
Spinel,Pink,2.52,Radiant Cut Radiant,Pink,Very Slightly Included,Heat Treated,655200.0,,8.62 x 6.29 x 5.08,Certified by Natural Sapphire Company,2025-09-08
Chrysoberyl,Brown,3.11,Cabochon Round,Brown,Very Slightly Included,Heat Treated,1776450.0,,8.5 x 8.46 x 4.3,Certified by Natural Sapphire Company,2025-09-08
Alexandrite,Yellowish Green to Reddish Brown,2.04,Mixed Brilliant Cushion,Yellowish Green to Reddish Brown,Very Slightly Included,No Enhancement,520000.0,,7.91 x 6.8 x 4.09,Certified by Natural Sapphire Company,2025-09-08
Spinel,Pinkish Purple,2.01,Mixed Brilliant Pear,Pinkish Purple,Very Slightly Included,No Enhancement,65325.0,,9.3 x 5.78 x 5.34,Certified by Natural Sapphire Company,2025-09-08
Moonstone,Brown,7.84,Cabochon Oval,Brown,Very Slightly Included,No Enhancement,35750.0,,17.98 x 9.71 x 6.09,Certified by Natural Sapphire Company,2025-09-08
Moonstone,Peach,18.8,Cabochon Oval,Peach,Eye Clean,No Enhancement,85475.0,,21.17 x 16.36 x 7.81,Certified by Natural Sapphire Company,2025-09-08
Garnet,Purplish Pink,3.9,Mixed Brilliant Pear,Purplish Pink,Eye Clean,No Enhancement,633750.0,,11.62 x 9.19 x 5.31,Certified by Natural Sapphire Company,2025-09-08
Moonstone,Brown,84.03,Cabochon Oval,Brown,Very Very Slightly Included,No Enhancement,382200.0,,26.48 x 21.36 x 18.4,Certified by Natural Sapphire Company,2025-09-08
Moonstone,Peach,15.32,Cabochon Oval,Peach,Very Slightly Included,No Enhancement,49725.0,,15.95 x 11.71 x 10.09,Certified by Natural Sapphire Company,2025-09-08
Moonstone,White,7.79,Cabochon Round,White,Very Slightly Included,No Enhancement,25350.0,,11.23 x 10.98 x 8.37,Certified by Natural Sapphire Company,2025-09-08
Moonstone,White,4.12,Cabochon Oval,White,Very Slightly Included,No Enhancement,13325.0,,11.39 x 8.88 x 5.84,Certified by Natural Sapphire Company,2025-09-08
Moonstone,White,4.76,Cabochon Oval,White,Very Slightly Included,No Enhancement,15600.0,,12.62 x 8.66 x 6.01,Certified by Natural Sapphire Company,2025-09-08
Citrine,Yellow,2.52,Emerald Cut Emerald Cut,Yellow,Eye Clean,Heat Treated,18200.0,,9.95 x 7.93 x 4.03,Certified by Natural Sapphire Company,2025-09-08
Citrine,Yellow,3.32,Emerald Cut Emerald Cut,Yellow,Very Very Slightly Included,Heat Treated,21450.0,,9.9 x 8.11 x 5.08,Certified by Natural Sapphire Company,2025-09-08
Citrine,Yellow,2.94,Emerald Cut Emerald Cut,Yellow,Very Very Slightly Included,Heat Treated,18850.0,,10.03 x 7.98 x 4.97,Certified by Natural Sapphire Company,2025-09-08
Moonstone,White,6.61,Cabochon Oval,White,Very Very Slightly Included,No Enhancement,21450.0,,15.88 x 12.03 x 5.13,Certified by Natural Sapphire Company,2025-09-08
Spinel,Purple,2.7,Mixed Brilliant Cushion,Purple,Slightly Included,Heat Treated,1053000.0,,7.56 x 7.49 x 5.47,Certified by Natural Sapphire Company,2025-09-08
Moonstone,Green,6.71,Cabochon Oval,Green,Very Slightly Included,No Enhancement,21775.0,,13.25 x 11.94 x 5.75,Certified by Natural Sapphire Company,2025-09-08
Moonstone,Yellow,19.92,Cabochon Oval,Yellow,Very Very Slightly Included,No Enhancement,90675.0,,20.13 x 15.42 x 10.02,Certified by Natural Sapphire Company,2025-09-08
Rutilated Quartz,Smoky,98.92,Cabochon Oval,Smoky,Very Slightly Included,No Enhancement,195000.0,,33.92 x 26.32 x 15.49,Certified by Natural Sapphire Company,2025-09-08
Citrine,Yellow,2.19,Emerald Cut Emerald Cut,Yellow,Eye Clean,Heat Treated,14300.0,,9.96 x 7.89 x 3.83,Certified by Natural Sapphire Company,2025-09-08
Citrine,Orangish Yellow,2.93,Emerald Cut Emerald Cut,Orangish Yellow,Very Very Slightly Included,Heat Treated,18850.0,,9.88 x 7.85 x 5.16,Certified by Natural Sapphire Company,2025-09-08
Moonstone,Yellow,10.59,Cabochon Oval,Yellow,Very Very Slightly Included,No Enhancement,34450.0,,14.5 x 10.88 x 9.01,Certified by Natural Sapphire Company,2025-09-08
Moonstone,Brown,19.29,Cabochon Oval,Brown,Very Very Slightly Included,No Enhancement,87750.0,,15.12 x 13.44 x 12.14,Certified by Natural Sapphire Company,2025-09-08
Tourmaline,Pinkish Brown,0.7,Princess Cut Princess,Pinkish Brown,Eye Clean,No Enhancement,77350.0,,5.01 x 4.98 x 3.74,Certified by Natural Sapphire Company,2025-09-08
Moonstone,White,6.5,Cabochon Oval,White,Very Slightly Included,No Enhancement,21125.0,,12.51 x 10.96 x 6.47,Certified by Natural Sapphire Company,2025-09-08
Spinel,Pink,1.0,Mixed Brilliant Oval,Pink,Very Slightly Included,No Enhancement,325000.0,,7.11 x 5.89 x 3.46,Certified by Natural Sapphire Company,2025-09-08
Spessartite Garnet,Orangish Red,0.73,Mixed Brilliant Cushion,Orangish Red,Very Slightly Included,No Enhancement,18850.0,,5.73 x 4.36 x 3.15,Certified by Natural Sapphire Company,2025-09-08
Moonstone,Brown,5.34,Cabochon Oval,Brown,Eye Clean,No Enhancement,17225.0,,14.97 x 9.55 x 4.94,Certified by Natural Sapphire Company,2025-09-08
Moonstone,Peach,16.81,Cabochon Oval,Peach,Very Very Slightly Included,No Enhancement,54600.0,,20.09 x 14.79 x 7.53,Certified by Natural Sapphire Company,2025-09-08
Spinel,Bluish Purple,1.62,Mixed Brilliant Cushion,Bluish Purple,Eye Clean,No Enhancement,130000.0,,7.51 x 5.57 x 4.09,Certified by Natural Sapphire Company,2025-09-08
Moonstone,Peach,12.27,Cabochon Round,Peach,Very Very Slightly Included,No Enhancement,39975.0,,14.26 x 14.07 x 8.66,Certified by Natural Sapphire Company,2025-09-08
Tourmaline,Brownish Green,1.75,Mixed Brilliant Cushion,Brownish Green,Very Slightly Included,No Enhancement,65000.0,,7.66 x 6.83 x 5.3,Certified by Natural Sapphire Company,2025-09-08
Moonstone,White,11.44,Cabochon Oval,White,Very Slightly Included,No Enhancement,37050.0,,12.64 x 8.66 x 5.97,Certified by Natural Sapphire Company,2025-09-08
Moonstone,Brown,15.63,Cabochon Oval,Brown,Very Slightly Included,No Enhancement,50700.0,,18.62 x 13.52 x 8.09,Certified by Natural Sapphire Company,2025-09-08
Tourmaline,Green,3.2,Mixed Brilliant Oval,Green,Very Slightly Included,No Enhancement,97825.0,,9.64 x 7.73 x 5.12,Certified by Natural Sapphire Company,2025-09-08
Moonstone,White,13.45,Cabochon Oval,White,Very Slightly Included,No Enhancement,43550.0,,15.89 x 14.22 x 8.8,Certified by Natural Sapphire Company,2025-09-08
Rhodolite Garnet,Red,3.0,Mixed Brilliant Round,Red,Eye Clean,No Enhancement,172900.0,,8.54 x 8.5 x 5.49,Certified by Natural Sapphire Company,2025-09-08
Moonstone,Brown,13.45,Cabochon Oval,Brown,Very Slightly Included,No Enhancement,43550.0,,18.99 x 15.04 x 6.65,Certified by Natural Sapphire Company,2025-09-08
Moonstone,Brown,28.37,Cabochon Oval,Brown,Very Very Slightly Included,No Enhancement,129025.0,,25.64 x 19.2 x 7.91,Certified by Natural Sapphire Company,2025-09-08
Moonstone,White,10.51,Cabochon Oval,White,Very Slightly Included,No Enhancement,34125.0,,17.3 x 12.83 x 6.73,Certified by Natural Sapphire Company,2025-09-08
Moonstone,White,5.58,Cabochon Oval,White,Very Slightly Included,No Enhancement,18200.0,,12.13 x 10.05 x 6.66,Certified by Natural Sapphire Company,2025-09-08
Moonstone,Brown,34.36,Cabochon Oval,Brown,Very Very Slightly Included,No Enhancement,156325.0,,30.92 x 19.59 x 8.07,Certified by Natural Sapphire Company,2025-09-08
Moonstone,Brown,20.82,Cabochon Round,Brown,Very Slightly Included,No Enhancement,94575.0,,15.09 x 14.92 x 12.58,Certified by Natural Sapphire Company,2025-09-08
Moonstone,Peach,6.02,Cabochon Oval,Peach,Very Very Slightly Included,No Enhancement,19500.0,,16.38 x 10.41 x 4.64,Certified by Natural Sapphire Company,2025-09-08
Moonstone,Peach,27.07,Cabochon Oval,Peach,Eye Clean,No Enhancement,123175.0,,21.21 x 16.09 x 10.93,Certified by Natural Sapphire Company,2025-09-08
Moonstone,Brown,10.61,Cabochon Oval,Brown,Very Slightly Included,No Enhancement,34450.0,,15.41 x 11.34 x 8.49,Certified by Natural Sapphire Company,2025-09-08
Moonstone,White,20.86,Cabochon Oval,White,Very Slightly Included,No Enhancement,67925.0,,20.4 x 13.34 x 10.41,Certified by Natural Sapphire Company,2025-09-08
Spinel,Color Change,2.1,Mixed Brilliant Pear,Color Change,Very Slightly Included,Heat Treated,546000.0,,9.43 x 6.87 x 4.94,Certified by Natural Sapphire Company,2025-09-08
Garnet,Brown,0.99,Mixed Brilliant Oval,Brown,Very Slightly Included,No Enhancement,16250.0,,6.71 x 5.2 x 3.49,Certified by Natural Sapphire Company,2025-09-08
Moonstone,Brown,8.23,Cabochon Round,Brown,Very Very Slightly Included,No Enhancement,26650.0,,11.74 x 11.68 x 8.15,Certified by Natural Sapphire Company,2025-09-08
Rhodolite Garnet,Reddish Purple,2.19,Mixed Brilliant Oval,Reddish Purple,Very Slightly Included,No Enhancement,113750.0,,8.75 x 6.78 x 4.5,Certified by Natural Sapphire Company,2025-09-08
Topaz,Blue,0.76,Emerald Cut Emerald Cut,Blue,Very Slightly Included,Irradiation,9750.0,,5.97 x 4.05 x 3.08,Certified by Natural Sapphire Company,2025-09-08
Andesine,Red,0.9,Emerald Cut Emerald Cut,Red,Slightly Included,Heat Treated,146250.0,,6.98 x 4.83 x 3.9,Certified by Natural Sapphire Company,2025-09-08
Spinel,Purple,2.99,Mixed Brilliant Oval,Purple,Very Slightly Included,No Enhancement,172900.0,,10.29 x 8.53 x 4.71,Certified by Natural Sapphire Company,2025-09-08
Zircon,Pinkish Brown,1.59,Mixed Brilliant Oval,Pinkish Brown,Very Slightly Included,No Enhancement,13325.0,,6.86 x 5.87 x 4.34,Certified by Natural Sapphire Company,2025-09-08
Spinel,Pinkish Purple,1.41,Mixed Brilliant Cushion,Pinkish Purple,Very Slightly Included,No Enhancement,97175.0,,7.22 x 5.92 x 4.06,Certified by Natural Sapphire Company,2025-09-08
Andesine,Red,0.66,Emerald Cut Emerald Cut,Red,Very Slightly Included,Heat Treated,107250.0,,7.0 x 4.66 x 2.97,Certified by Natural Sapphire Company,2025-09-08
Zircon,Green,0.72,Mixed Brilliant Round,Green,Slightly Included,No Enhancement,5200.0,,5.03 x 5.09 x 3.75,Certified by Natural Sapphire Company,2025-09-08
Moonstone,Peach,11.01,Cabochon Oval,Peach,Eye Clean,No Enhancement,35750.0,,12.79 x 12.33 x 9.37,Certified by Natural Sapphire Company,2025-09-08
Spinel,Greenish Blue,1.01,Mixed Brilliant Oval,Greenish Blue,Very Slightly Included,No Enhancement,65000.0,,6.87 x 5.52 x 3.72,Certified by Natural Sapphire Company,2025-09-08
Moonstone,White,15.11,Cabochon Oval,White,Very Very Slightly Included,No Enhancement,49075.0,,18.0 x 13.41 x 9.01,Certified by Natural Sapphire Company,2025-09-08
Zircon,Brown,1.21,Mixed Brilliant Oval,Brown,Eye Clean,No Enhancement,9425.0,,6.94 x 4.75 x 3.6,Certified by Natural Sapphire Company,2025-09-08
Spinel,Purple,3.28,Mixed Brilliant Oval,Purple,Very Slightly Included,No Enhancement,152750.0,,10.41 x 7.65 x 5.64,Certified by Natural Sapphire Company,2025-09-08
Zircon,Red,0.68,Mixed Brilliant Oval,Red,Eye Clean,No Enhancement,5200.0,,6.29 x 3.95 x 2.58,Certified by Natural Sapphire Company,2025-09-08
Garnet,Purplish Red,5.8,Mixed Brilliant Oval,Purplish Red,Very Slightly Included,No Enhancement,867100.0,,11.51 x 8.69 x 6.83,Certified by Natural Sapphire Company,2025-09-08
Garnet,Purplish Red,1.9,Mixed Brilliant Oval,Purplish Red,Slightly Included,No Enhancement,247000.0,,7.72 x 6.25 x 5.44,Certified by Natural Sapphire Company,2025-09-08
Chrysoberyl,Yellowish Green,3.54,Radiant Cut Radiant,Yellowish Green,Eye Clean,No Enhancement,975650.0,,9.23 x 6.71 x 6.36,Certified by Natural Sapphire Company,2025-09-08
Spinel,Purple,0.49,Mixed Brilliant Oval,Purple,Very Very Slightly Included,No Enhancement,7800.0,,5.38 x 4.28 x 2.89,Certified by Natural Sapphire Company,2025-09-08
Zircon,Yellowish Green,1.21,Emerald Cut Emerald Cut,Yellowish Green,Very Slightly Included,No Enhancement,16575.0,,6.37 x 5.11 x 3.33,Certified by Natural Sapphire Company,2025-09-08
Zircon,Green,0.64,Mixed Brilliant Pear,Green,Very Slightly Included,No Enhancement,4875.0,,6.93 x 4.29 x 2.88,Certified by Natural Sapphire Company,2025-09-08
Alexandrite,Color Change,4.03,Mixed Brilliant Oval,Color Change,Eye Clean,No Enhancement,9076600.0,,8.53 x 7.46 x 7.37,Certified by Natural Sapphire Company,2025-09-08
Spinel,Pinkish Purple,3.08,Radiant Cut Radiant,Pinkish Purple,Eye Clean,No Enhancement,86450.0,,10.2 x 7.5 x 4.32,Certified by Natural Sapphire Company,2025-09-08
Moonstone,Green,4.31,Cabochon Oval,Green,Very Slightly Included,No Enhancement,13975.0,,11.52 x 9.72 x 5.4,Certified by Natural Sapphire Company,2025-09-08
Chrysoberyl,Brownish Yellow,1.8,Mixed Brilliant Oval,Brownish Yellow,Very Very Slightly Included,No Enhancement,110500.0,,8.38 x 6.19 x 4.36,Certified by Natural Sapphire Company,2025-09-08
Garnet,Red,5.84,Emerald Cut Emerald Cut,Red,Eye Clean,No Enhancement,189800.0,,12.78 x 7.75 x 5.96,Certified by Natural Sapphire Company,2025-09-08
Moonstone,Yellow,7.51,Cabochon Oval,Yellow,Very Slightly Included,No Enhancement,24375.0,,14.33 x 11.06 x 6.55,Certified by Natural Sapphire Company,2025-09-08
Spinel,Pinkish Purple,3.21,Radiant Cut Radiant,Pinkish Purple,Eye Clean,No Enhancement,86450.0,,9.73 x 7.71 x 4.89,Certified by Natural Sapphire Company,2025-09-08
Spinel,Violet,1.22,Radiant Cut Radiant,Violet,Very Very Slightly Included,No Enhancement,65000.0,,6.66 x 5.94 x 3.86,Certified by Natural Sapphire Company,2025-09-08
Spinel,Purple,2.5,Mixed Brilliant Cushion,Purple,Very Slightly Included,No Enhancement,86450.0,,9.29 x 7.12 x 4.77,Certified by Natural Sapphire Company,2025-09-08
Zircon,White,4.29,Mixed Brilliant Round,White,Eye Clean,No Enhancement,139425.0,,8.81 x 8.73 x 6.48,Certified by Natural Sapphire Company,2025-09-08
Spinel,Purple,1.28,Mixed Brilliant Oval,Purple,Eye Clean,No Enhancement,65000.0,,7.98 x 5.66 x 3.85,Certified by Natural Sapphire Company,2025-09-08
Cobalt Spinel,Purplish Blue,5.01,Mixed Brilliant Oval,Purplish Blue,Slightly Included,No Enhancement,40625000.0,,10.85 x 8.42 x 6.87,Certified by Natural Sapphire Company,2025-09-08
Garnet,Purple,2.6,Mixed Brilliant Oval,Purple,Very Very Slightly Included,No Enhancement,169000.0,,8.94 x 7.19 x 5.03,Certified by Natural Sapphire Company,2025-09-08
Tourmaline,Greenish Brown,4.91,Mixed Brilliant Cushion,Greenish Brown,Eye Clean,No Enhancement,456300.0,,11.13 x 8.96 x 7.06,Certified by Natural Sapphire Company,2025-09-08
Zircon,Yellow,1.41,Radiant Cut Radiant,Yellow,Eye Clean,No Enhancement,130000.0,,5.68 x 5.46 x 3.92,Certified by Natural Sapphire Company,2025-09-08
Tourmaline,Greenish Brown,3.01,Mixed Brilliant Cushion,Greenish Brown,Eye Clean,No Enhancement,389350.0,,9.69 x 8.83 x 5.16,Certified by Natural Sapphire Company,2025-09-08
Tourmaline,Orangish Brown,2.85,Mixed Brilliant Cushion,Orangish Brown,Eye Clean,No Enhancement,324350.0,,10.94 x 7.29 x 4.77,Certified by Natural Sapphire Company,2025-09-08
Zircon,Greenish Brown,7.25,Emerald Cut Emerald Cut,Greenish Brown,Very Slightly Included,Heat Treated,471250.0,,10.91 x 9.24 x 7.84,Certified by Natural Sapphire Company,2025-09-08
Tourmaline,Brown,5.74,Mixed Brilliant Cushion,Brown,Eye Clean,No Enhancement,518700.0,,11.56 x 8.17 x 8.96,Certified by Natural Sapphire Company,2025-09-08
Spinel,Blue,1.58,Trillion Cut Trillion,Blue,Very Very Slightly Included,No Enhancement,154050.0,,6.96 x 8.04 x 4.6,Certified by Natural Sapphire Company,2025-09-08
Spinel,Purplish Pink,1.25,Mixed Brilliant Oval,Purplish Pink,Eye Clean,No Enhancement,146250.0,,7.67 x 5.44 x 3.58,Certified by Natural Sapphire Company,2025-09-08
Garnet,Red,2.54,Mixed Brilliant Cushion,Red,Slightly Included,No Enhancement,66300.0,,7.79 x 7.27 x 5.34,Certified by Natural Sapphire Company,2025-09-08
Spinel,Purple,1.21,Mixed Brilliant Cushion,Purple,Very Slightly Included,No Enhancement,141700.0,,7.65 x 5.15 x 3.86,Certified by Natural Sapphire Company,2025-09-08
Garnet,Reddish Purple,7.27,Mixed Brilliant Cushion,Reddish Purple,Very Very Slightly Included,No Enhancement,377975.0,,12.57 x 8.72 x 7.3,Certified by Natural Sapphire Company,2025-09-08
Garnet,Purplish Red,3.99,Mixed Brilliant Cushion,Purplish Red,Very Very Slightly Included,No Enhancement,207350.0,,10.02 x 8.04 x 5.17,Certified by Natural Sapphire Company,2025-09-08
Spinel,Pinkish Purple,0.99,Mixed Brilliant Oval,Pinkish Purple,Very Very Slightly Included,No Enhancement,25675.0,,6.84 x 6.02 x 3.26,Certified by Natural Sapphire Company,2025-09-08
Scapolite,Yellow,4.0,Radiant Cut Radiant,Yellow,Eye Clean,No Enhancement,156000.0,,12.94 x 8.21 x 5.69,Certified by Natural Sapphire Company,2025-09-08
Garnet,Reddish Purple,3.73,Mixed Brilliant Oval,Reddish Purple,Very Very Slightly Included,No Enhancement,194025.0,,10.14 x 7.75 x 6.14,Certified by Natural Sapphire Company,2025-09-08
Garnet,Red,3.09,Mixed Brilliant Oval,Red,Eye Clean,No Enhancement,100750.0,,9.53 x 8.36 x 5.19,Certified by Natural Sapphire Company,2025-09-08
Zircon,Orangish Brown,0.92,Mixed Brilliant Oval,Orangish Brown,Very Slightly Included,No Enhancement,6500.0,,5.74 x 4.84 x 3.42,Certified by Natural Sapphire Company,2025-09-08
Garnet,Pinkish Purple,2.85,Mixed Brilliant Cushion,Pinkish Purple,Very Very Slightly Included,No Enhancement,148200.0,,9.68 x 7.26 x 4.81,Certified by Natural Sapphire Company,2025-09-08
Garnet,Red,2.72,Mixed Brilliant Round,Red,Very Very Slightly Included,No Enhancement,70850.0,,8.37 x 8.38 x 5.15,Certified by Natural Sapphire Company,2025-09-08
Spinel,Purplish Grey,0.41,Mixed Brilliant Round,Purplish Grey,Eye Clean,No Enhancement,6500.0,,4.32 x 4.33 x 3.1,Certified by Natural Sapphire Company,2025-09-08
Garnet,Red,3.15,Mixed Brilliant Oval,Red,Very Slightly Included,No Enhancement,102700.0,,9.16 x 7.34 x 5.83,Certified by Natural Sapphire Company,2025-09-08
Zircon,Green,1.03,Mixed Brilliant Oval,Green,Eye Clean,No Enhancement,19500.0,,7.27 x 5.29 x 3.09,Certified by Natural Sapphire Company,2025-09-08
Zircon,Green,0.44,Mixed Brilliant Pear,Green,Very Slightly Included,No Enhancement,4550.0,,5.87 x 3.71 x 2.67,Certified by Natural Sapphire Company,2025-09-08
Spinel,Greenish Blue,0.51,Mixed Brilliant Round,Greenish Blue,Eye Clean,No Enhancement,9750.0,,4.71 x 4.73 x 3.28,Certified by Natural Sapphire Company,2025-09-08
Zircon,Green,0.99,Mixed Brilliant Oval,Green,Very Slightly Included,No Enhancement,5200.0,,6.16 x 5.31 x 3.82,Certified by Natural Sapphire Company,2025-09-08
Spinel,Purplish Pink,1.15,Mixed Brilliant Round,Purplish Pink,Eye Clean,No Enhancement,149500.0,,6.63 x 6.62 x 4.17,Certified by Natural Sapphire Company,2025-09-08
Spinel,Purple,1.28,Mixed Brilliant Oval,Purple,Eye Clean,No Enhancement,58500.0,,7.55 x 6.16 x 4.11,Certified by Natural Sapphire Company,2025-09-08
Spinel,Purple,0.5,Mixed Brilliant Oval,Purple,Eye Clean,No Enhancement,6500.0,,5.58 x 4.24 x 2.87,Certified by Natural Sapphire Company,2025-09-08
Chrysoberyl,Yellowish Green,3.15,Mixed Brilliant Oval,Yellowish Green,Eye Clean,No Enhancement,368550.0,,10.03 x 7.73 x 5.61,Certified by Natural Sapphire Company,2025-09-08
Garnet,Purple,2.56,Asscher Asscher - Octagon,Purple,Very Very Slightly Included,No Enhancement,133250.0,,8.28 x 7.65 x 4.56,Certified by Natural Sapphire Company,2025-09-08
Garnet,Reddish Purple,7.46,Mixed Brilliant Cushion,Reddish Purple,Very Very Slightly Included,No Enhancement,388050.0,,11.94 x 9.52 x 7.25,Certified by Natural Sapphire Company,2025-09-08
Garnet,Purple,2.46,Mixed Brilliant Cushion,Purple,Eye Clean,No Enhancement,128050.0,,8.29 x 6.86 x 5.15,Certified by Natural Sapphire Company,2025-09-08
Spinel,Purple,1.2,Mixed Brilliant Oval,Purple,Very Slightly Included,No Enhancement,117000.0,,7.51 x 6.05 x 3.75,Certified by Natural Sapphire Company,2025-09-08
Tourmaline,Orangish Brown,2.38,Mixed Brilliant Oval,Orangish Brown,Very Very Slightly Included,No Enhancement,357500.0,,9.37 x 6.71 x 4.3,Certified by Natural Sapphire Company,2025-09-08
Garnet,Red,3.29,Radiant Cut Radiant,Red,Eye Clean,No Enhancement,170950.0,,9.13 x 7.81 x 4.91,Certified by Natural Sapphire Company,2025-09-08
Tourmaline,Orangish Brown,1.8,Mixed Brilliant Cushion,Orangish Brown,Very Very Slightly Included,No Enhancement,259675.0,,7.64 x 6.3 x 5.36,Certified by Natural Sapphire Company,2025-09-08
Garnet,Purplish Red,2.89,Mixed Brilliant Oval,Purplish Red,Eye Clean,No Enhancement,150150.0,,9.93 x 8.1 x 5.09,Certified by Natural Sapphire Company,2025-09-08
Garnet,Purple,3.45,Mixed Brilliant Oval,Purple,Very Very Slightly Included,No Enhancement,179400.0,,10.11 x 7.48 x 5.95,Certified by Natural Sapphire Company,2025-09-08
Alexandrite,Green to Pink,0.25,Mixed Brilliant Marquise,Green to Pink,Very Very Slightly Included,No Enhancement,97500.0,,5.66 x 2.77 x 2.41,Certified by Natural Sapphire Company,2025-09-08
Garnet,Purplish Red,3.38,Mixed Brilliant Oval,Purplish Red,Very Very Slightly Included,No Enhancement,175825.0,,9.67 x 7.71 x 5.88,Certified by Natural Sapphire Company,2025-09-08
Moonstone,White,7.2,Cabochon Oval,White,Very Slightly Included,No Enhancement,23400.0,,14.21 x 10.53 x 6.48,Certified by Natural Sapphire Company,2025-09-08
Chrysoberyl,Yellowish Green,1.26,Mixed Brilliant Oval,Yellowish Green,Very Slightly Included,No Enhancement,65000.0,,7.28 x 5.28 x 3.74,Certified by Natural Sapphire Company,2025-09-08
Spinel,Purplish Pink,2.13,Mixed Brilliant Cushion,Purplish Pink,Very Slightly Included,No Enhancement,276900.0,,8.62 x 5.97 x 4.65,Certified by Natural Sapphire Company,2025-09-08
Almandine Garnet,Purplish Red,2.03,Mixed Brilliant Round,Purplish Red,Very Slightly Included,No Enhancement,65975.0,,7.76 x 7.78 x 5.06,Certified by Natural Sapphire Company,2025-09-08
Garnet,Red,3.18,Mixed Brilliant Oval,Red,Eye Clean,No Enhancement,165425.0,,9.96 x 7.63 x 5.14,Certified by Natural Sapphire Company,2025-09-08
Garnet,Red,2.34,Mixed Brilliant Cushion,Red,Eye Clean,No Enhancement,61100.0,,8.17 x 7.03 x 4.86,Certified by Natural Sapphire Company,2025-09-08
Tourmaline,Brown,0.96,Mixed Brilliant Round,Brown,Eye Clean,No Enhancement,74750.0,,6.02 x 6.01 x 4.36,Certified by Natural Sapphire Company,2025-09-08
Citrine,Yellow,4.96,Fancy Cut Fancy,Yellow,Eye Clean,No Enhancement,32175.0,,14.92 x 8.71 x 6.83,Certified by Natural Sapphire Company,2025-09-08
Aquamarine,Blue,53.09,Emerald Cut Emerald Cut,Blue,Eye Clean,Heat Treated,4399850.0,,28.04 x 20.13 x 12.96,Certified by Natural Sapphire Company,2025-09-08
Moonstone,Peach,16.15,Cabochon Oval,Peach,Very Very Slightly Included,No Enhancement,73450.0,,18.82 x 14.69 x 8.14,Certified by Natural Sapphire Company,2025-09-08
Moonstone,Brown,15.14,Cabochon Oval,Brown,Very Very Slightly Included,No Enhancement,68900.0,,19.91 x 14.48 x 7.22,Certified by Natural Sapphire Company,2025-09-08
Moonstone,Grey,23.4,Cabochon Oval,Grey,Very Very Slightly Included,No Enhancement,106600.0,,19.24 x 13.08 x 13.08,Certified by Natural Sapphire Company,2025-09-08
Spinel,Pink,3.04,Mixed Brilliant Oval,Pink,Slightly Included,Heat Treated,4199000.0,,10.34 x 7.19 x 5.28,Certified by Natural Sapphire Company,2025-09-08
Garnet,Purplish Red,3.36,Radiant Cut Radiant,Purplish Red,Eye Clean,No Enhancement,87425.0,,9.22 x 7.92 x 5.38,Certified by Natural Sapphire Company,2025-09-08
Garnet,Red,0.84,Mixed Brilliant Oval,Red,Very Very Slightly Included,No Enhancement,22100.0,,6.97 x 5.09 x 3.15,Certified by Natural Sapphire Company,2025-09-08
Moonstone,Grey,14.5,Cabochon Oval,Grey,Very Very Slightly Included,No Enhancement,65975.0,,15.06 x 13.74 x 9.34,Certified by Natural Sapphire Company,2025-09-08
Moonstone,Peach,11.11,Cabochon Oval,Peach,Very Very Slightly Included,No Enhancement,50700.0,,18.8 x 14.14 x 6.36,Certified by Natural Sapphire Company,2025-09-08
Moonstone,Brown,24.41,Cabochon Oval,Brown,Very Slightly Included,No Enhancement,111150.0,,20.46 x 12.77 x 11.83,Certified by Natural Sapphire Company,2025-09-08
Citrine,Yellow,3.74,Emerald Cut Emerald Cut,Yellow,Eye Clean,Heat Treated,24050.0,,9.96 x 8.13 x 6.23,Certified by Natural Sapphire Company,2025-09-08
Spinel,Pink,2.41,Mixed Brilliant Oval,Pink,Very Slightly Included,No Enhancement,313300.0,,9.27 x 7.37 x 5.22,Certified by Natural Sapphire Company,2025-09-08
Moonstone,Peach,11.24,Cabochon Oval,Peach,Eye Clean,No Enhancement,36400.0,,18.11 x 13.01 x 6.88,Certified by Natural Sapphire Company,2025-09-08
Moonstone,Peach,17.06,Cabochon Oval,Peach,Eye Clean,No Enhancement,55575.0,,22.08 x 16.05 x 6.64,Certified by Natural Sapphire Company,2025-09-08
Citrine,Orangish Yellow,3.82,Emerald Cut Emerald Cut,Orangish Yellow,Eye Clean,Heat Treated,24700.0,,9.96 x 8.13 x 6.16,Certified by Natural Sapphire Company,2025-09-08
Moonstone,White,6.37,Cabochon Round,White,Very Slightly Included,No Enhancement,20800.0,,11.95 x 11.8 x 6.2,Certified by Natural Sapphire Company,2025-09-08
Citrine,Orangish Yellow,3.64,Emerald Cut Emerald Cut,Orangish Yellow,Eye Clean,Heat Treated,23400.0,,9.75 x 8.14 x 6.18,Certified by Natural Sapphire Company,2025-09-08
Moonstone,Orange,13.12,Cabochon Oval,Orange,Eye Clean,No Enhancement,59800.0,,18.1 x 13.09 x 7.67,Certified by Natural Sapphire Company,2025-09-08
Zircon,Brownish Green,5.56,Mixed Brilliant Cushion,Brownish Green,Slightly Included,No Enhancement,252850.0,,10.37 x 8.87 x 5.91,Certified by Natural Sapphire Company,2025-09-08
Citrine,Yellow,3.09,Emerald Cut Emerald Cut,Yellow,Eye Clean,Heat Treated,20150.0,,9.88 x 8.06 x 5.08,Certified by Natural Sapphire Company,2025-09-08
Citrine,Yellow,3.5,Mixed Brilliant Pear,Yellow,Very Very Slightly Included,Heat Treated,25350.0,,13.16 x 8.75 x 6.1,Certified by Natural Sapphire Company,2025-09-08
Citrine,Yellow,3.33,Mixed Brilliant Pear,Yellow,Very Very Slightly Included,Heat Treated,24050.0,,13.03 x 8.54 x 5.85,Certified by Natural Sapphire Company,2025-09-08
Peridot,Green,1.0,Emerald Cut Emerald Cut,Green,Very Slightly Included,No Enhancement,3250.0,,5.96 x 3.98 x 2.54,Certified by Natural Sapphire Company,2025-09-08
Topaz,Blue,0.64,Emerald Cut Emerald Cut,Blue,Very Very Slightly Included,Irradiation,6175.0,,5.98 x 4.05 x 2.85,Certified by Natural Sapphire Company,2025-09-08
Citrine,Yellowish Orange,2.07,Emerald Cut Emerald Cut,Yellowish Orange,Very Slightly Included,No Enhancement,6825.0,,9.0 x 7.03 x 4.74,Certified by Natural Sapphire Company,2025-09-08
Moonstone,Brown,16.96,Cabochon Oval,Brown,Very Very Slightly Included,No Enhancement,55250.0,,19.75 x 17.33 x 6.66,Certified by Natural Sapphire Company,2025-09-08
Citrine,Yellow,3.05,Mixed Brilliant Pear,Yellow,Eye Clean,Heat Treated,22100.0,,13.11 x 8.88 x 4.8,Certified by Natural Sapphire Company,2025-09-08
Citrine,Yellow,3.45,Mixed Brilliant Pear,Yellow,Eye Clean,Heat Treated,24700.0,,13.13 x 8.82 x 5.81,Certified by Natural Sapphire Company,2025-09-08
Citrine,Yellowish Orange,3.59,Mixed Brilliant Oval,Yellowish Orange,Very Slightly Included,No Enhancement,11700.0,,12.92 x 8.98 x 5.71,Certified by Natural Sapphire Company,2025-09-08
Tourmaline,Bluish Green,2.26,Emerald Cut Emerald Cut,Bluish Green,Very Very Slightly Included,No Enhancement,299000.0,,11.55 x 5.7 x 4.0,Certified by Natural Sapphire Company,2025-09-08
Cobalt Spinel,Blue,10.01,Mixed Brilliant Cushion,Blue,Eye Clean,No Enhancement,40625000.0,,12.9 x 10.7 x 7.43,Certified by Natural Sapphire Company,2025-09-08
Garnet,Pink,1.47,Mixed Brilliant Round,Pink,Very Slightly Included,No Enhancement,19175.0,,6.4 x 6.38 x 4.71,Certified by Natural Sapphire Company,2025-09-08
Zircon,Orange,3.27,Mixed Brilliant Round,Orange,Very Slightly Included,No Enhancement,42575.0,,9.0 x 8.97 x 4.72,Certified by Natural Sapphire Company,2025-09-08
Zircon,Yellowish Brown,10.25,Emerald Cut Emerald Cut,Yellowish Brown,Very Slightly Included,No Enhancement,133250.0,,11.83 x 10.08 x 8.06,Certified by Natural Sapphire Company,2025-09-08
Spinel,Greenish Blue,1.16,Asscher Asscher - Octagon,Greenish Blue,Eye Clean,Heat Treated,150800.0,,6.95 x 6.92 x 3.21,Certified by Natural Sapphire Company,2025-09-08
Spinel,Red,3.63,Mixed Brilliant Cushion,Red,Very Slightly Included,No Enhancement,2182700.0,,9.59 x 8.53 x 5.15,Certified by Natural Sapphire Company,2025-09-08
Zircon,Brown,2.42,Mixed Brilliant Oval,Brown,Very Slightly Included,No Enhancement,31525.0,,8.26 x 6.68 x 4.49,Certified by Natural Sapphire Company,2025-09-08
Spinel,Purple,5.46,Mixed Brilliant Cushion,Purple,Eye Clean,No Enhancement,2462200.0,,11.4 x 9.4 x 6.32,Certified by Natural Sapphire Company,2025-09-08
Garnet,Purple,1.21,Radiant Cut Radiant,Purple,Very Slightly Included,No Enhancement,19500.0,,7.09 x 4.93 x 3.64,Certified by Natural Sapphire Company,2025-09-08
Rhodolite Garnet,Red,4.83,Mixed Brilliant Oval,Red,Very Slightly Included,No Enhancement,235625.0,,11.09 x 9.02 x 5.82,Certified by Natural Sapphire Company,2025-09-08
Garnet,Brown,0.92,Mixed Brilliant Round,Brown,Very Slightly Included,No Enhancement,14950.0,,5.13 x 5.11 x 4.13,Certified by Natural Sapphire Company,2025-09-08
Chrysoberyl,Greenish Yellow,1.77,Radiant Cut Radiant,Greenish Yellow,Very Slightly Included,No Enhancement,46150.0,,7.37 x 5.8 x 4.9,Certified by Natural Sapphire Company,2025-09-08
Chrysoberyl,Yellowish Brown,3.7,Cabochon Round,Yellowish Brown,Eye Clean,No Enhancement,5555550.0,,7.9 x 7.89 x 6.15,Certified by Natural Sapphire Company,2025-09-08
Garnet,Reddish Orange,0.7,Mixed Brilliant Pear,Reddish Orange,Slightly Included,No Enhancement,9100.0,,6.1 x 4.6 x 3.44,Certified by Natural Sapphire Company,2025-09-08
Spinel,Purple,1.09,Mixed Brilliant Oval,Purple,Very Slightly Included,No Enhancement,70850.0,,7.23 x 5.52 x 3.82,Certified by Natural Sapphire Company,2025-09-08
Garnet,Red,2.43,Mixed Brilliant Oval,Red,Very Slightly Included,No Enhancement,63050.0,,8.93 x 7.0 x 4.92,Certified by Natural Sapphire Company,2025-09-08
Garnet,Red,1.19,Mixed Brilliant Oval,Red,Very Very Slightly Included,No Enhancement,23075.0,,7.89 x 6.04 x 3.12,Certified by Natural Sapphire Company,2025-09-08
Garnet,Reddish Orange,0.97,Mixed Brilliant Oval,Reddish Orange,Slightly Included,No Enhancement,12675.0,,6.85 x 5.25 x 3.44,Certified by Natural Sapphire Company,2025-09-08
Rhodolite Garnet,Brown,5.12,Mixed Brilliant Oval,Brown,Very Slightly Included,No Enhancement,166400.0,,11.37 x 8.23 x 5.1,Certified by Natural Sapphire Company,2025-09-08
Garnet,Brown,0.68,Mixed Brilliant Oval,Brown,Very Slightly Included,No Enhancement,11050.0,,5.9 x 4.38 x 3.12,Certified by Natural Sapphire Company,2025-09-08
Rhodolite Garnet,Purple,2.39,Mixed Brilliant Oval,Purple,Very Very Slightly Included,No Enhancement,124150.0,,8.77 x 6.96 x 5.38,Certified by Natural Sapphire Company,2025-09-08
Garnet,Red,2.13,Mixed Brilliant Oval,Red,Eye Clean,No Enhancement,55250.0,,8.7 x 6.87 x 3.93,Certified by Natural Sapphire Company,2025-09-08
Rhodolite Garnet,Purple,2.01,Mixed Brilliant Oval,Purple,Eye Clean,No Enhancement,104650.0,,8.99 x 6.99 x 3.91,Certified by Natural Sapphire Company,2025-09-08
Rhodolite Garnet,Pinkish Purple,1.33,Mixed Brilliant Oval,Pinkish Purple,Eye Clean,No Enhancement,60450.0,,7.89 x 5.86 x 3.82,Certified by Natural Sapphire Company,2025-09-08
Rhodolite Garnet,Purplish Red,1.47,Mixed Brilliant Oval,Purplish Red,Eye Clean,No Enhancement,66950.0,,7.95 x 6.05 x 3.79,Certified by Natural Sapphire Company,2025-09-08
Rhodolite Garnet,Purplish Red,1.29,Mixed Brilliant Oval,Purplish Red,Very Slightly Included,No Enhancement,58825.0,,7.51 x 5.8 x 3.32,Certified by Natural Sapphire Company,2025-09-08
Rhodolite Garnet,Purplish Red,1.6,Mixed Brilliant Oval,Purplish Red,Eye Clean,No Enhancement,72800.0,,8.15 x 6.04 x 3.71,Certified by Natural Sapphire Company,2025-09-08
Garnet,Red,5.34,Mixed Brilliant Round,Red,Eye Clean,No Enhancement,69550.0,,11.23 x 11.18 x 5.52,Certified by Natural Sapphire Company,2025-09-08
Rhodolite Garnet,Reddish Purple,1.52,Mixed Brilliant Oval,Reddish Purple,Very Slightly Included,No Enhancement,69225.0,,8.14 x 6.19 x 4.22,Certified by Natural Sapphire Company,2025-09-08
Rhodolite Garnet,Pinkish Purple,1.01,Mixed Brilliant Oval,Pinkish Purple,Very Slightly Included,No Enhancement,45825.0,,7.21 x 5.21 x 3.42,Certified by Natural Sapphire Company,2025-09-08
Rhodolite Garnet,Purple,2.03,Mixed Brilliant Oval,Purple,Very Slightly Included,No Enhancement,105625.0,,9.23 x 7.15 x 4.11,Certified by Natural Sapphire Company,2025-09-08
Rhodolite Garnet,Purplish Red,1.86,Mixed Brilliant Oval,Purplish Red,Slightly Included,No Enhancement,84500.0,,9.0 x 6.84 x 3.95,Certified by Natural Sapphire Company,2025-09-08
Garnet,Brownish Red,6.4,Emerald Cut Emerald Cut,Brownish Red,Included,No Enhancement,208000.0,,13.19 x 8.85 x 6.01,Certified by Natural Sapphire Company,2025-09-08
Rhodolite Garnet,Purplish Red,2.03,Mixed Brilliant Oval,Purplish Red,Eye Clean,No Enhancement,105625.0,,8.99 x 7.06 x 4.14,Certified by Natural Sapphire Company,2025-09-08
Alexandrite,Green to Brownish Yellow,8.18,Mixed Brilliant Cushion,Green to Brownish Yellow,Very Slightly Included,No Enhancement,18832775.0,,12.99 x 10.33 x 6.94,Certified by Natural Sapphire Company,2025-09-08
Rhodolite Garnet,Reddish Purple,2.12,Mixed Brilliant Oval,Reddish Purple,Eye Clean,No Enhancement,110175.0,,9.06 x 7.06 x 4.69,Certified by Natural Sapphire Company,2025-09-08
Moonstone,White,6.71,Cabochon Oval,White,Very Very Slightly Included,No Enhancement,21775.0,,13.08 x 9.45 x 6.99,Certified by Natural Sapphire Company,2025-09-08
Zircon,Red,6.91,Mixed Brilliant Oval,Red,Very Slightly Included,No Enhancement,134875.0,,14.13 x 10.19 x 4.83,Certified by Natural Sapphire Company,2025-09-08
Rhodolite Garnet,Reddish Purple,1.85,Mixed Brilliant Oval,Reddish Purple,Very Slightly Included,No Enhancement,84175.0,,9.0 x 6.98 x 3.73,Certified by Natural Sapphire Company,2025-09-08
Moonstone,Green,14.57,Cabochon Oval,Green,Eye Clean,No Enhancement,47450.0,,20.83 x 15.92 x 6.47,Certified by Natural Sapphire Company,2025-09-08
Moonstone,Grey,19.84,Cabochon Oval,Grey,Very Very Slightly Included,No Enhancement,64350.0,,17.49 x 12.62 x 11.98,Certified by Natural Sapphire Company,2025-09-08
Rutilated Quartz,Bluish Grey,10.12,Cabochon Pear,Bluish Grey,Eye Clean,No Enhancement,42900.0,,17.82 x 12.29 x 7.03,Certified by Natural Sapphire Company,2025-09-08
Moonstone,Orange,11.93,Cabochon Oval,Orange,Very Very Slightly Included,No Enhancement,38675.0,,18.19 x 14.53 x 6.66,Certified by Natural Sapphire Company,2025-09-08
Moonstone,Grey,12.91,Cabochon Oval,Grey,Very Very Slightly Included,No Enhancement,41925.0,,16.37 x 11.73 x 9.8,Certified by Natural Sapphire Company,2025-09-08
Moonstone,Grey,14.46,Cabochon Oval,Grey,Very Slightly Included,No Enhancement,47125.0,,17.45 x 13.5 x 8.52,Certified by Natural Sapphire Company,2025-09-08
Moonstone,White,5.98,Cabochon Round,White,Very Slightly Included,No Enhancement,19500.0,,11.24 x 10.94 x 6.95,Certified by Natural Sapphire Company,2025-09-08
Moonstone,Peach,6.89,Cabochon Oval,Peach,Very Slightly Included,No Enhancement,22425.0,,13.95 x 10.03 x 6.9,Certified by Natural Sapphire Company,2025-09-08
Moonstone,White,6.51,Cabochon Oval,White,Very Slightly Included,No Enhancement,21125.0,,13.62 x 9.88 x 6.31,Certified by Natural Sapphire Company,2025-09-08
Moonstone,Peach,7.41,Cabochon Oval,Peach,Very Very Slightly Included,No Enhancement,24050.0,,13.95 x 10.46 x 6.9,Certified by Natural Sapphire Company,2025-09-08
Moonstone,White,16.05,Cabochon Oval,White,Very Very Slightly Included,No Enhancement,52000.0,,18.3 x 15.05 x 8.13,Certified by Natural Sapphire Company,2025-09-08
Moonstone,Brown,143.33,Cabochon Oval,Brown,Very Slightly Included,No Enhancement,652275.0,,42.52 x 26.89 x 16.5,Certified by Natural Sapphire Company,2025-09-08
Garnet,Red,0.94,Mixed Brilliant Pear,Red,Very Very Slightly Included,No Enhancement,30550.0,,8.03 x 5.01 x 3.33,Certified by Natural Sapphire Company,2025-09-08
Moonstone,Grey,132.19,Cabochon Oval,Grey,Very Very Slightly Included,No Enhancement,601575.0,,46.67 x 27.64 x 14.27,Certified by Natural Sapphire Company,2025-09-08
Moonstone,Brown,51.13,Cabochon Oval,Brown,Very Very Slightly Included,No Enhancement,232700.0,,26.23 x 19.57 x 12.71,Certified by Natural Sapphire Company,2025-09-08
Garnet,Red,3.5,Emerald Cut Emerald Cut,Red,Eye Clean,No Enhancement,113750.0,,9.8 x 7.14 x 5.51,Certified by Natural Sapphire Company,2025-09-08
Moonstone,Brown,54.0,Cabochon Oval,Brown,Very Slightly Included,No Enhancement,245700.0,,35.28 x 22.07 x 9.26,Certified by Natural Sapphire Company,2025-09-08
Moonstone,Peach,11.37,Cabochon Oval,Peach,Very Very Slightly Included,No Enhancement,51675.0,,19.83 x 14.97 x 5.91,Certified by Natural Sapphire Company,2025-09-08
Moonstone,Grey,47.42,Cabochon Oval,Grey,Eye Clean,No Enhancement,215800.0,,28.64 x 18.91 x 12.12,Certified by Natural Sapphire Company,2025-09-08
Moonstone,Brown,56.52,Cabochon Oval,Brown,Very Very Slightly Included,No Enhancement,257075.0,,29.06 x 16.93 x 15.92,Certified by Natural Sapphire Company,2025-09-08
Moonstone,Grey,84.77,Cabochon Oval,Grey,Very Slightly Included,No Enhancement,385775.0,,29.39 x 26.36 x 15.51,Certified by Natural Sapphire Company,2025-09-08
Moonstone,Grey,34.04,Cabochon Oval,Grey,Very Very Slightly Included,No Enhancement,155025.0,,20.57 x 15.68 x 15.54,Certified by Natural Sapphire Company,2025-09-08
Moonstone,Grey,19.9,Cabochon Oval,Grey,Very Very Slightly Included,No Enhancement,90675.0,,20.07 x 16.88 x 9.06,Certified by Natural Sapphire Company,2025-09-08
Moonstone,Brown,100.73,Cabochon Oval,Brown,Very Slightly Included,No Enhancement,458250.0,,38.55 x 24.66 x 14.5,Certified by Natural Sapphire Company,2025-09-08
Moonstone,Grey,27.8,Cabochon Oval,Grey,Very Very Slightly Included,No Enhancement,126425.0,,22.57 x 16.7 x 10.04,Certified by Natural Sapphire Company,2025-09-08
Moonstone,White,73.88,Cabochon Oval,White,Very Slightly Included,No Enhancement,336050.0,,24.41 x 22.29 x 19.96,Certified by Natural Sapphire Company,2025-09-08
Moonstone,Grey,27.65,Cabochon Oval,Grey,Eye Clean,No Enhancement,125775.0,,23.0 x 18.15 x 10.25,Certified by Natural Sapphire Company,2025-09-08
Moonstone,Brown,21.29,Cabochon Oval,Brown,Very Slightly Included,No Enhancement,96850.0,,19.02 x 14.12 x 10.98,Certified by Natural Sapphire Company,2025-09-08
Moonstone,Grey,75.9,Cabochon Oval,Grey,Very Very Slightly Included,No Enhancement,345475.0,,26.56 x 21.32 x 18.41,Certified by Natural Sapphire Company,2025-09-08
Moonstone,Brown,32.17,Cabochon Round,Brown,Very Slightly Included,No Enhancement,146250.0,,19.79 x 19.57 x 10.9,Certified by Natural Sapphire Company,2025-09-08
Moonstone,Brown,57.2,Cabochon Oval,Brown,Very Very Slightly Included,No Enhancement,260325.0,,26.14 x 19.79 x 14.51,Certified by Natural Sapphire Company,2025-09-08
Spinel,Greyish Blue,0.81,Mixed Brilliant Oval,Greyish Blue,Eye Clean,No Enhancement,78975.0,,6.22 x 5.24 x 3.58,Certified by Natural Sapphire Company,2025-09-08
Moonstone,Peach,33.71,Cabochon Oval,Peach,Eye Clean,No Enhancement,153400.0,,25.01 x 18.14 x 10.75,Certified by Natural Sapphire Company,2025-09-08
Moonstone,Grey,18.19,Cabochon Oval,Grey,Eye Clean,No Enhancement,59150.0,,16.03 x 11.42 x 13.43,Certified by Natural Sapphire Company,2025-09-08
Spinel,Purple,1.11,Mixed Brilliant Oval,Purple,Very Very Slightly Included,No Enhancement,72150.0,,7.48 x 4.99 x 4.16,Certified by Natural Sapphire Company,2025-09-08
Spinel,Purple,1.63,Mixed Brilliant Oval,Purple,Very Very Slightly Included,No Enhancement,158925.0,,7.28 x 6.77 x 4.8,Certified by Natural Sapphire Company,2025-09-08
Chrysoberyl,Greenish Yellow,3.06,Cabochon Oval,Greenish Yellow,Very Very Slightly Included,No Enhancement,1623375.0,,8.27 x 7.07 x 5.52,Certified by Natural Sapphire Company,2025-09-08
Spinel,Purple,1.56,Mixed Brilliant Cushion,Purple,Eye Clean,No Enhancement,101400.0,,7.2 x 6.16 x 4.23,Certified by Natural Sapphire Company,2025-09-08
Moonstone,Peach,8.2,Cabochon Oval,Peach,Very Very Slightly Included,No Enhancement,26650.0,,15.2 x 11.66 x 5.9,Certified by Natural Sapphire Company,2025-09-08
Moonstone,Orange,11.19,Cabochon Oval,Orange,Very Very Slightly Included,No Enhancement,51025.0,,15.07 x 12.03 x 8.86,Certified by Natural Sapphire Company,2025-09-08
Moonstone,Green,6.25,Cabochon Oval,Green,Eye Clean,No Enhancement,20150.0,,12.51 x 9.11 x 7.03,Certified by Natural Sapphire Company,2025-09-08
Garnet,Red,1.83,Mixed Brilliant Pear,Red,Eye Clean,No Enhancement,59475.0,,8.94 x 7.0 x 4.4,Certified by Natural Sapphire Company,2025-09-08
Spinel,Purple,0.7,Mixed Brilliant Oval,Purple,Very Very Slightly Included,No Enhancement,68250.0,,5.84 x 4.81 x 3.58,Certified by Natural Sapphire Company,2025-09-08
Spinel,Pinkish Purple,1.07,Emerald Cut Emerald Cut,Pinkish Purple,Eye Clean,No Enhancement,83525.0,,7.07 x 4.94 x 3.25,Certified by Natural Sapphire Company,2025-09-08
Spinel,Purple,0.87,Mixed Brilliant Round,Purple,Eye Clean,No Enhancement,67925.0,,5.73 x 5.72 x 3.88,Certified by Natural Sapphire Company,2025-09-08
Spinel,Blue,1.04,Mixed Brilliant Oval,Blue,Very Slightly Included,No Enhancement,67600.0,,6.97 x 5.5 x 4.17,Certified by Natural Sapphire Company,2025-09-08
Spinel,Purple,0.74,Mixed Brilliant Oval,Purple,Eye Clean,No Enhancement,72150.0,,6.25 x 5.49 x 3.06,Certified by Natural Sapphire Company,2025-09-08
Garnet,Red,2.1,Mixed Brilliant Cushion,Red,Eye Clean,No Enhancement,68250.0,,8.47 x 5.87 x 4.32,Certified by Natural Sapphire Company,2025-09-08
Spinel,Blue,0.75,Mixed Brilliant Oval,Blue,Very Slightly Included,No Enhancement,73125.0,,6.3 x 4.88 x 3.33,Certified by Natural Sapphire Company,2025-09-08
Spinel,Purple,1.18,Emerald Cut Emerald Cut,Purple,Very Slightly Included,No Enhancement,91975.0,,8.28 x 3.87 x 3.47,Certified by Natural Sapphire Company,2025-09-08
Spinel,Purple,0.74,Trillion Cut Trillion,Purple,Eye Clean,No Enhancement,72150.0,,6.11 x 6.14 x 2.9,Certified by Natural Sapphire Company,2025-09-08
Spinel,Purple,0.4,Mixed Brilliant Oval,Purple,Eye Clean,No Enhancement,26000.0,,5.2 x 3.94 x 2.82,Certified by Natural Sapphire Company,2025-09-08
Spinel,Purple,0.9,Mixed Brilliant Oval,Purple,Very Slightly Included,No Enhancement,70200.0,,7.02 x 5.45 x 3.25,Certified by Natural Sapphire Company,2025-09-08
Garnet,Red,2.51,Mixed Brilliant Cushion,Red,Very Very Slightly Included,No Enhancement,81575.0,,7.65 x 6.61 x 5.19,Certified by Natural Sapphire Company,2025-09-08
Moonstone,Peach,7.15,Cabochon Round,Peach,Very Slightly Included,No Enhancement,23400.0,,12.65 x 12.45 x 6.23,Certified by Natural Sapphire Company,2025-09-08
Moonstone,Grey,12.51,Cabochon Oval,Grey,Very Very Slightly Included,No Enhancement,40625.0,,17.29 x 13.46 x 7.54,Certified by Natural Sapphire Company,2025-09-08
Spinel,Pink,0.97,Mixed Brilliant Cushion,Pink,Very Slightly Included,No Enhancement,162500.0,,5.63 x 5.19 x 4.33,Certified by Natural Sapphire Company,2025-09-08
Garnet,Red,1.61,Mixed Brilliant Cushion,Red,Eye Clean,No Enhancement,52325.0,,7.28 x 6.41 x 4.27,Certified by Natural Sapphire Company,2025-09-08
Aquamarine,Blue,6.66,Mixed Brilliant Cushion,Blue,Very Slightly Included,No Enhancement,130000.0,,13.07 x 10.61 x 7.89,Certified by Natural Sapphire Company,2025-09-08
Chrysoberyl,Greenish Yellow,2.94,Cabochon Oval,Greenish Yellow,Slightly Included,No Enhancement,286650.0,,8.46 x 6.14 x 5.71,Certified by Natural Sapphire Company,2025-09-08
Tourmaline,Green,0.54,Mixed Brilliant Round,Green,Very Very Slightly Included,No Enhancement,42250.0,,4.95 x 4.93 x 3.59,Certified by Natural Sapphire Company,2025-09-08
Spinel,Blue,2.0,Mixed Brilliant Cushion,Blue,Eye Clean,No Enhancement,195000.0,,7.29 x 6.88 x 5.03,Certified by Natural Sapphire Company,2025-09-08
Moonstone,Brown,29.01,Cabochon Round,Brown,Very Very Slightly Included,No Enhancement,131950.0,,18.0 x 17.99 x 11.81,Certified by Natural Sapphire Company,2025-09-08
Garnet,Reddish Orange,1.66,Mixed Brilliant Pear,Reddish Orange,Eye Clean,No Enhancement,75400.0,,8.39 x 6.78 x 4.31,Certified by Natural Sapphire Company,2025-09-08
Aquamarine,Greenish Blue,18.94,Mixed Brilliant Oval,Greenish Blue,Very Slightly Included,No Enhancement,369200.0,,18.24 x 16.44 x 11.82,Certified by Natural Sapphire Company,2025-09-08
Citrine,Yellow,2.94,Mixed Brilliant Pear,Yellow,Eye Clean,Heat Treated,20800.0,,13.08 x 8.88 x 4.98,Certified by Natural Sapphire Company,2025-09-08
Spinel,Violet,4.14,Radiant Cut Radiant,Violet,Very Slightly Included,No Enhancement,2165475.0,,8.98 x 8.34 x 6.49,Certified by Natural Sapphire Company,2025-09-08
Chrysoberyl,Greenish Yellow,1.67,Cabochon Round,Greenish Yellow,Very Slightly Included,No Enhancement,542750.0,,5.99 x 5.83 x 4.68,Certified by Natural Sapphire Company,2025-09-08
Spessartite Garnet,Orange,5.38,Fancy Cut Fancy,Orange,Very Slightly Included,Heat Treated,1617200.0,,10.16 x 9.96 x 6.71,Certified by Natural Sapphire Company,2025-09-08
Moonstone,White,15.36,Cabochon Oval,White,Eye Clean,No Enhancement,50050.0,,17.75 x 14.0 x 8.24,Certified by Natural Sapphire Company,2025-09-08
Chrysoberyl,Greenish Yellow,1.67,Cabochon Round,Greenish Yellow,Very Slightly Included,No Enhancement,542750.0,,7.12 x 7.1 x 3.25,Certified by Natural Sapphire Company,2025-09-08
Moonstone,Grey,13.16,Cabochon Oval,Grey,Eye Clean,No Enhancement,42900.0,,13.9 x 11.24 x 11.21,Certified by Natural Sapphire Company,2025-09-08
Moonstone,Rainbow,5.9,Radiant Cut Radiant,Rainbow,Slightly Included,No Enhancement,421850.0,,11.33 x 8.52 x 9.1,Certified by Natural Sapphire Company,2025-09-08
Alexandrite,Green to Brownish Yellow,0.5,Mixed Brilliant Oval,Green to Brownish Yellow,Slightly Included,No Enhancement,325000.0,,5.14 x 4.0 x 2.88,Certified by Natural Sapphire Company,2025-09-08
Spinel,Pinkish Red,1.0,Mixed Brilliant Pear,Pinkish Red,Very Slightly Included,No Enhancement,65000.0,,6.25 x 6.18 x 3.44,Certified by Natural Sapphire Company,2025-09-08
Spinel,Purple,2.34,Radiant Cut Radiant,Purple,Very Slightly Included,No Enhancement,650000.0,,7.75 x 6.69 x 5.2,Certified by Natural Sapphire Company,2025-09-08
Zircon,Yellow,2.01,Mixed Brilliant Oval,Yellow,Very Slightly Included,Heat Treated,78325.0,,7.92 x 6.93 x 4.11,Certified by Natural Sapphire Company,2025-09-08
Moonstone,Brown,36.67,Cabochon Oval,Brown,Eye Clean,No Enhancement,166725.0,,20.31 x 17.39 x 13.59,Certified by Natural Sapphire Company,2025-09-08
Moonstone,Peach,7.4,Cabochon Oval,Peach,Very Very Slightly Included,No Enhancement,24050.0,,15.03 x 11.88 x 6.14,Certified by Natural Sapphire Company,2025-09-08
Moonstone,Peach,7.58,Cabochon Oval,Peach,Very Very Slightly Included,No Enhancement,24700.0,,14.92 x 10.78 x 6.15,Certified by Natural Sapphire Company,2025-09-08
Chrysoberyl,Yellowish Green,4.15,Mixed Brilliant Oval,Yellowish Green,Very Slightly Included,No Enhancement,774150.0,,10.31 x 8.61 x 6.55,Certified by Natural Sapphire Company,2025-09-08
Moonstone,Brown,10.33,Cabochon Oval,Brown,Very Slightly Included,No Enhancement,33475.0,,13.95 x 11.58 x 8.04,Certified by Natural Sapphire Company,2025-09-08
Garnet,Purplish Pink,2.2,Mixed Brilliant Oval,Purplish Pink,Very Slightly Included,No Enhancement,286000.0,,8.85 x 6.19 x 5.28,Certified by Natural Sapphire Company,2025-09-08
Chrysoberyl,Yellowish Green,2.05,Mixed Brilliant Cushion,Yellowish Green,Eye Clean,No Enhancement,455000.0,,7.5 x 6.44 x 5.57,Certified by Natural Sapphire Company,2025-09-08
Garnet,Red,2.2,Mixed Brilliant Round,Red,Eye Clean,No Enhancement,28600.0,,7.52 x 7.53 x 4.77,Certified by Natural Sapphire Company,2025-09-08
Moonstone,White,7.4,Cabochon Oval,White,Very Slightly Included,No Enhancement,24050.0,,13.03 x 11.22 x 6.8,Certified by Natural Sapphire Company,2025-09-08
Spinel,Purple,4.65,Mixed Brilliant Cushion,Purple,Eye Clean,No Enhancement,2405000.0,,10.29 x 9.34 x 6.56,Certified by Natural Sapphire Company,2025-09-08
Garnet,Red,2.38,Checkerboard Cushion,Red,Very Slightly Included,Heat Treated,69550.0,,9.09 x 7.11 x 4.15,Certified by Natural Sapphire Company,2025-09-08
Moonstone,White,20.71,Cabochon Oval,White,Very Slightly Included,No Enhancement,94250.0,,20.07 x 15.15 x 9.38,Certified by Natural Sapphire Company,2025-09-08
Garnet,Red,2.7,Emerald Cut Emerald Cut,Red,Eye Clean,No Enhancement,87750.0,,10.35 x 6.85 x 4.5,Certified by Natural Sapphire Company,2025-09-08
Garnet,Purplish Pink,3.0,Mixed Brilliant Oval,Purplish Pink,Very Very Slightly Included,No Enhancement,487500.0,,9.63 x 7.57 x 5.57,Certified by Natural Sapphire Company,2025-09-08
Spinel,Purplish Red,3.51,Mixed Brilliant Oval,Purplish Red,Eye Clean,No Enhancement,86775.0,,10.57 x 7.55 x 5.52,Certified by Natural Sapphire Company,2025-09-08
Moonstone,Peach,12.53,Cabochon Oval,Peach,Very Slightly Included,No Enhancement,40625.0,,13.74 x 11.39 x 10.18,Certified by Natural Sapphire Company,2025-09-08
Garnet,Red,4.09,Mixed Brilliant Cushion,Red,Very Very Slightly Included,No Enhancement,186225.0,,8.73 x 8.6 x 5.7,Certified by Natural Sapphire Company,2025-09-08
Rhodolite Garnet,Red,4.45,Emerald Cut Emerald Cut,Red,Very Slightly Included,No Enhancement,172900.0,,10.63 x 8.4 x 5.43,Certified by Natural Sapphire Company,2025-09-08
Spinel,Violet,1.1,Mixed Brilliant Oval,Violet,Eye Clean,No Enhancement,50050.0,,7.22 x 5.93 x 3.95,Certified by Natural Sapphire Company,2025-09-08
Moonstone,Brown,70.77,Cabochon Oval,Brown,Very Slightly Included,No Enhancement,322075.0,,31.62 x 23.4 x 12.5,Certified by Natural Sapphire Company,2025-09-08
Spinel,Purple,1.46,Mixed Brilliant Oval,Purple,Eye Clean,No Enhancement,166075.0,,7.5 x 5.68 x 4.35,Certified by Natural Sapphire Company,2025-09-08
Moonstone,White,6.65,Cabochon Oval,White,Very Slightly Included,No Enhancement,21450.0,,13.08 x 9.45 x 6.83,Certified by Natural Sapphire Company,2025-09-08
Amethyst,Purple,24.64,Mixed Brilliant Oval,Purple,Eye Clean,No Enhancement,176150.0,,21.01 x 18.52 x 11.57,Certified by Natural Sapphire Company,2025-09-08
Rhodolite Garnet,Red,2.23,Mixed Brilliant Oval,Red,Very Slightly Included,No Enhancement,123175.0,,9.35 x 6.87 x 4.36,Certified by Natural Sapphire Company,2025-09-08
Moonstone,Orange,12.26,Cabochon Oval,Orange,Very Slightly Included,No Enhancement,55900.0,,18.02 x 12.86 x 7.57,Certified by Natural Sapphire Company,2025-09-08
Moonstone,Brown,13.46,Cabochon Round,Brown,Very Very Slightly Included,No Enhancement,61100.0,,14.09 x 13.91 x 9.21,Certified by Natural Sapphire Company,2025-09-08
Almandine Garnet,Red,5.74,Mixed Brilliant Pear,Red,Very Very Slightly Included,No Enhancement,186550.0,,12.14 x 9.38 x 7.24,Certified by Natural Sapphire Company,2025-09-08
Garnet,Red,2.91,Checkerboard Round,Red,Very Slightly Included,Heat Treated,47450.0,,8.23 x 8.34 x 5.9,Certified by Natural Sapphire Company,2025-09-08
Garnet,Red,2.74,Checkerboard Round,Red,Very Slightly Included,Heat Treated,44525.0,,8.17 x 8.09 x 5.47,Certified by Natural Sapphire Company,2025-09-08
Garnet,Reddish Purple,1.05,Mixed Brilliant Oval,Reddish Purple,Slightly Included,No Enhancement,122850.0,,7.48 x 5.14 x 3.3,Certified by Natural Sapphire Company,2025-09-08
Zircon,Green,0.66,Mixed Brilliant Oval,Green,Very Slightly Included,No Enhancement,5200.0,,5.91 x 4.5 x 2.94,Certified by Natural Sapphire Company,2025-09-08
Spinel,Bluish Purple,0.5,Emerald Cut Emerald Cut,Bluish Purple,Very Very Slightly Included,No Enhancement,35750.0,,4.68 x 3.74 x 3.11,Certified by Natural Sapphire Company,2025-09-08
Spinel,Pink,2.45,Mixed Brilliant Marquise,Pink,Very Slightly Included,No Enhancement,79625.0,,14.2 x 6.03 x 4.25,Certified by Natural Sapphire Company,2025-09-08
Spinel,Bluish Grey,0.35,Mixed Brilliant Round,Bluish Grey,Very Very Slightly Included,No Enhancement,6500.0,,4.15 x 4.18 x 2.87,Certified by Natural Sapphire Company,2025-09-08
Spinel,Greyish Violet,0.72,Mixed Brilliant Oval,Greyish Violet,Very Very Slightly Included,No Enhancement,13000.0,,5.56 x 4.49 x 3.66,Certified by Natural Sapphire Company,2025-09-08
Spinel,Reddish Pink,0.51,Mixed Brilliant Oval,Reddish Pink,Eye Clean,No Enhancement,9750.0,,5.1 x 3.96 x 3.23,Certified by Natural Sapphire Company,2025-09-08
Spinel,Purple,1.25,Mixed Brilliant Cushion,Purple,Very Slightly Included,No Enhancement,24375.0,,6.76 x 5.73 x 3.77,Certified by Natural Sapphire Company,2025-09-08
Spinel,Bluish Green,0.7,Mixed Brilliant Oval,Bluish Green,Very Slightly Included,No Enhancement,7800.0,,5.87 x 4.78 x 3.27,Certified by Natural Sapphire Company,2025-09-08
Spinel,Purple,0.49,Mixed Brilliant Round,Purple,Very Slightly Included,No Enhancement,13000.0,,4.64 x 4.65 x 3.29,Certified by Natural Sapphire Company,2025-09-08
Spinel,Purple,0.88,Mixed Brilliant Oval,Purple,Eye Clean,No Enhancement,13000.0,,6.69 x 4.97 x 3.5,Certified by Natural Sapphire Company,2025-09-08
Spinel,Purplish Grey,0.39,Mixed Brilliant Round,Purplish Grey,Very Slightly Included,No Enhancement,4550.0,,4.18 x 4.21 x 3.1,Certified by Natural Sapphire Company,2025-09-08
Spinel,Blue,0.58,Mixed Brilliant Oval,Blue,Eye Clean,No Enhancement,9750.0,,5.59 x 4.49 x 2.99,Certified by Natural Sapphire Company,2025-09-08
Zircon,Green,1.2,Mixed Brilliant Oval,Green,Slightly Included,No Enhancement,13325.0,,7.35 x 5.1 x 3.57,Certified by Natural Sapphire Company,2025-09-08
Garnet,Red,6.2,Mixed Brilliant Oval,Red,Eye Clean,No Enhancement,1007500.0,,11.5 x 9.12 x 7.5,Certified by Natural Sapphire Company,2025-09-08
Zircon,Green,1.37,Mixed Brilliant Cushion,Green,Very Slightly Included,No Enhancement,9750.0,,7.45 x 5.35 x 3.74,Certified by Natural Sapphire Company,2025-09-08
Zircon,Green,0.77,Mixed Brilliant Pear,Green,Very Slightly Included,No Enhancement,4550.0,,6.79 x 4.85 x 3.12,Certified by Natural Sapphire Company,2025-09-08
Zircon,Green,0.75,Mixed Brilliant Cushion,Green,Slightly Included,No Enhancement,9750.0,,5.34 x 4.25 x 3.32,Certified by Natural Sapphire Company,2025-09-08
Spinel,Purple,1.0,Mixed Brilliant Round,Purple,Very Very Slightly Included,No Enhancement,48750.0,,5.97 x 5.98 x 4.17,Certified by Natural Sapphire Company,2025-09-08
Spinel,Purple,1.43,Mixed Brilliant Pear,Purple,Very Slightly Included,No Enhancement,37050.0,,9.14 x 6.53 x 3.91,Certified by Natural Sapphire Company,2025-09-08
Spinel,Purple,0.51,Mixed Brilliant Oval,Purple,Eye Clean,No Enhancement,9750.0,,5.56 x 4.01 x 2.94,Certified by Natural Sapphire Company,2025-09-08
Spinel,Purple,1.02,Mixed Brilliant Oval,Purple,Very Very Slightly Included,No Enhancement,19825.0,,6.22 x 5.42 x 3.97,Certified by Natural Sapphire Company,2025-09-08
Spinel,Pinkish Purple,1.13,Mixed Brilliant Oval,Pinkish Purple,Very Very Slightly Included,No Enhancement,36725.0,,7.42 x 5.89 x 3.61,Certified by Natural Sapphire Company,2025-09-08
Spinel,Purple,1.41,Emerald Cut Emerald Cut,Purple,Very Slightly Included,No Enhancement,36725.0,,8.05 x 5.02 x 3.73,Certified by Natural Sapphire Company,2025-09-08
Spinel,Purplish Grey,0.53,Mixed Brilliant Round,Purplish Grey,Very Very Slightly Included,No Enhancement,6500.0,,4.84 x 4.84 x 3.22,Certified by Natural Sapphire Company,2025-09-08
Spinel,Purple,0.59,Mixed Brilliant Round,Purple,Very Very Slightly Included,No Enhancement,9750.0,,5.0 x 5.01 x 3.45,Certified by Natural Sapphire Company,2025-09-08
Garnet,Red,5.31,Mixed Brilliant Pear,Red,Eye Clean,No Enhancement,690300.0,,11.8 x 10.67 x 6.55,Certified by Natural Sapphire Company,2025-09-08
Spinel,Greyish Violet,0.63,Mixed Brilliant Oval,Greyish Violet,Eye Clean,No Enhancement,13000.0,,6.04 x 4.51 x 3.1,Certified by Natural Sapphire Company,2025-09-08
Spinel,Purplish Grey,0.47,Mixed Brilliant Round,Purplish Grey,Eye Clean,No Enhancement,7800.0,,4.52 x 4.48 x 3.33,Certified by Natural Sapphire Company,2025-09-08
Spinel,Reddish Pink,0.39,Mixed Brilliant Oval,Reddish Pink,Very Very Slightly Included,No Enhancement,9750.0,,4.95 x 3.93 x 2.71,Certified by Natural Sapphire Company,2025-09-08
Spinel,Blue,0.47,Mixed Brilliant Round,Blue,Very Very Slightly Included,No Enhancement,9750.0,,4.53 x 4.53 x 3.19,Certified by Natural Sapphire Company,2025-09-08
Spinel,Blue,0.58,Mixed Brilliant Round,Blue,Very Slightly Included,No Enhancement,6500.0,,4.84 x 4.83 x 3.48,Certified by Natural Sapphire Company,2025-09-08
Spinel,Greyish Blue,0.33,Mixed Brilliant Round,Greyish Blue,Very Slightly Included,No Enhancement,6500.0,,4.02 x 4.01 x 2.96,Certified by Natural Sapphire Company,2025-09-08
Spinel,Purple,0.52,Mixed Brilliant Oval,Purple,Eye Clean,No Enhancement,9100.0,,5.51 x 4.12 x 3.05,Certified by Natural Sapphire Company,2025-09-08
Spinel,Bluish Purple,0.87,Mixed Brilliant Oval,Bluish Purple,Very Very Slightly Included,No Enhancement,12025.0,,6.22 x 5.0 x 3.48,Certified by Natural Sapphire Company,2025-09-08
Spinel,Purplish Pink,0.44,Mixed Brilliant Round,Purplish Pink,Very Very Slightly Included,No Enhancement,9750.0,,4.31 x 4.32 x 3.28,Certified by Natural Sapphire Company,2025-09-08
Spinel,Blue,0.74,Mixed Brilliant Oval,Blue,Very Slightly Included,No Enhancement,13000.0,,6.11 x 4.87 x 3.34,Certified by Natural Sapphire Company,2025-09-08
Spinel,Pinkish Purple,0.42,Emerald Cut Emerald Cut,Pinkish Purple,Very Very Slightly Included,No Enhancement,9750.0,,4.59 x 3.28 x 2.86,Certified by Natural Sapphire Company,2025-09-08
Spinel,Purplish Pink,0.38,Mixed Brilliant Oval,Purplish Pink,Eye Clean,No Enhancement,7800.0,,4.66 x 3.7 x 2.83,Certified by Natural Sapphire Company,2025-09-08
Spinel,Purplish Grey,0.57,Mixed Brilliant Oval,Purplish Grey,Very Very Slightly Included,No Enhancement,9100.0,,5.47 x 4.17 x 3.22,Certified by Natural Sapphire Company,2025-09-08
Zircon,Brownish Green,0.92,Mixed Brilliant Cushion,Brownish Green,Slightly Included,No Enhancement,25675.0,,6.05 x 4.76 x 3.41,Certified by Natural Sapphire Company,2025-09-08
Spinel,Blue,0.86,Mixed Brilliant Oval,Blue,Very Very Slightly Included,No Enhancement,6825.0,,6.78 x 4.6 x 3.45,Certified by Natural Sapphire Company,2025-09-08
Spinel,Purple,0.44,Mixed Brilliant Oval,Purple,Very Very Slightly Included,No Enhancement,9750.0,,5.04 x 4.03 x 2.87,Certified by Natural Sapphire Company,2025-09-08
Spinel,Greyish Violet,0.44,Mixed Brilliant Round,Greyish Violet,Very Very Slightly Included,No Enhancement,9750.0,,4.68 x 4.71 x 3.01,Certified by Natural Sapphire Company,2025-09-08
Spinel,Pink,0.46,Emerald Cut Emerald Cut,Pink,Eye Clean,No Enhancement,13000.0,,4.73 x 3.66 x 2.96,Certified by Natural Sapphire Company,2025-09-08
Spinel,Pinkish Purple,0.46,Mixed Brilliant Round,Pinkish Purple,Eye Clean,No Enhancement,13000.0,,4.5 x 4.48 x 3.24,Certified by Natural Sapphire Company,2025-09-08
Spinel,Purplish Pink,0.53,Mixed Brilliant Oval,Purplish Pink,Eye Clean,No Enhancement,9750.0,,5.51 x 4.01 x 3.08,Certified by Natural Sapphire Company,2025-09-08
Spinel,Purple,0.4,Mixed Brilliant Round,Purple,Very Slightly Included,No Enhancement,6500.0,,4.24 x 4.23 x 3.1,Certified by Natural Sapphire Company,2025-09-08
Spinel,Purple,0.42,Mixed Brilliant Round,Purple,Very Slightly Included,No Enhancement,7800.0,,4.34 x 4.34 x 3.11,Certified by Natural Sapphire Company,2025-09-08
Spinel,Purple,0.58,Mixed Brilliant Round,Purple,Very Slightly Included,No Enhancement,6500.0,,4.85 x 4.84 x 3.5,Certified by Natural Sapphire Company,2025-09-08
Spinel,Purple,0.45,Mixed Brilliant Cushion,Purple,Eye Clean,No Enhancement,7800.0,,4.85 x 4.04 x 3.0,Certified by Natural Sapphire Company,2025-09-08
Spinel,Purple,0.36,Mixed Brilliant Round,Purple,Very Very Slightly Included,No Enhancement,6500.0,,4.12 x 4.1 x 2.96,Certified by Natural Sapphire Company,2025-09-08
Spinel,Pinkish Purple,0.61,Mixed Brilliant Round,Pinkish Purple,Very Very Slightly Included,No Enhancement,14300.0,,5.12 x 5.16 x 3.42,Certified by Natural Sapphire Company,2025-09-08
Spinel,Purple,0.85,Mixed Brilliant Round,Purple,Very Very Slightly Included,No Enhancement,10075.0,,7.03 x 4.84 x 3.3,Certified by Natural Sapphire Company,2025-09-08
Spinel,Purple,0.46,Mixed Brilliant Oval,Purple,Eye Clean,No Enhancement,9750.0,,5.01 x 3.81 x 3.02,Certified by Natural Sapphire Company,2025-09-08
Spinel,Blue,0.35,Mixed Brilliant Oval,Blue,Eye Clean,No Enhancement,6500.0,,4.61 x 3.78 x 2.71,Certified by Natural Sapphire Company,2025-09-08
Spinel,Purple,0.47,Mixed Brilliant Round,Purple,Eye Clean,No Enhancement,9750.0,,4.61 x 4.6 x 3.31,Certified by Natural Sapphire Company,2025-09-08
Spinel,Greyish Violet,0.39,Mixed Brilliant Oval,Greyish Violet,Very Slightly Included,No Enhancement,7800.0,,4.73 x 3.78 x 2.82,Certified by Natural Sapphire Company,2025-09-08
Spinel,Pinkish Purple,0.47,Mixed Brilliant Oval,Pinkish Purple,Very Very Slightly Included,No Enhancement,7800.0,,4.78 x 4.05 x 3.17,Certified by Natural Sapphire Company,2025-09-08
Spinel,Purple,0.5,Mixed Brilliant Oval,Purple,Eye Clean,No Enhancement,13000.0,,5.15 x 4.3 x 3.05,Certified by Natural Sapphire Company,2025-09-08
Spinel,Pinkish Purple,0.94,Mixed Brilliant Oval,Pinkish Purple,Very Very Slightly Included,No Enhancement,48750.0,,6.27 x 5.31 x 3.83,Certified by Natural Sapphire Company,2025-09-08
Spinel,Blue,0.62,Mixed Brilliant Round,Blue,Very Very Slightly Included,No Enhancement,9750.0,,5.02 x 5.02 x 3.48,Certified by Natural Sapphire Company,2025-09-08
Spinel,Purple,0.42,Mixed Brilliant Round,Purple,Very Very Slightly Included,No Enhancement,9750.0,,4.42 x 4.43 x 3.1,Certified by Natural Sapphire Company,2025-09-08
Spinel,Pinkish Purple,0.41,Mixed Brilliant Oval,Pinkish Purple,Eye Clean,No Enhancement,13000.0,,5.01 x 3.79 x 2.79,Certified by Natural Sapphire Company,2025-09-08
Spinel,Purple,0.51,Mixed Brilliant Round,Purple,Eye Clean,No Enhancement,13000.0,,4.62 x 4.62 x 3.36,Certified by Natural Sapphire Company,2025-09-08
Spinel,Brownish Orange,0.66,Mixed Brilliant Round,Brownish Orange,Eye Clean,No Enhancement,16250.0,,4.49 x 4.51 x 3.53,Certified by Natural Sapphire Company,2025-09-08
Spinel,Purplish Pink,0.29,Mixed Brilliant Oval,Purplish Pink,Very Very Slightly Included,No Enhancement,6500.0,,4.31 x 3.46 x 2.61,Certified by Natural Sapphire Company,2025-09-08
Spinel,Purple,1.12,Mixed Brilliant Round,Purple,Very Very Slightly Included,No Enhancement,65650.0,,6.0 x 6.01 x 4.38,Certified by Natural Sapphire Company,2025-09-08
Spinel,Purple,0.34,Emerald Cut Emerald Cut,Purple,Very Slightly Included,No Enhancement,7800.0,,4.45 x 3.4 x 2.49,Certified by Natural Sapphire Company,2025-09-08
Spinel,Purple,0.66,Mixed Brilliant Oval,Purple,Very Very Slightly Included,No Enhancement,9750.0,,5.75 x 4.42 x 3.31,Certified by Natural Sapphire Company,2025-09-08
Spinel,Purple,0.5,Mixed Brilliant Oval,Purple,Very Slightly Included,No Enhancement,9750.0,,5.15 x 4.3 x 2.99,Certified by Natural Sapphire Company,2025-09-08
Zircon,Purplish Red,0.76,Mixed Brilliant Oval,Purplish Red,Very Slightly Included,No Enhancement,5525.0,,5.92 x 4.39 x 3.08,Certified by Natural Sapphire Company,2025-09-08
Spinel,Blue,0.61,Mixed Brilliant Oval,Blue,Very Very Slightly Included,No Enhancement,13000.0,,5.66 x 4.45 x 3.21,Certified by Natural Sapphire Company,2025-09-08
Spinel,Purple,0.72,Mixed Brilliant Oval,Purple,Very Slightly Included,No Enhancement,9750.0,,5.77 x 4.85 x 3.5,Certified by Natural Sapphire Company,2025-09-08
Spinel,Purple,0.46,Mixed Brilliant Oval,Purple,Very Slightly Included,No Enhancement,9750.0,,5.11 x 4.05 x 2.94,Certified by Natural Sapphire Company,2025-09-08
Spinel,Purple,0.42,Mixed Brilliant Oval,Purple,Very Slightly Included,No Enhancement,13000.0,,4.94 x 3.95 x 2.86,Certified by Natural Sapphire Company,2025-09-08
Spinel,Greyish Violet,0.76,Mixed Brilliant Oval,Greyish Violet,Very Slightly Included,No Enhancement,13000.0,,5.87 x 4.72 x 3.52,Certified by Natural Sapphire Company,2025-09-08
Spinel,Purple,0.47,Mixed Brilliant Oval,Purple,Very Slightly Included,No Enhancement,9750.0,,5.4 x 3.87 x 2.92,Certified by Natural Sapphire Company,2025-09-08
Spinel,Pinkish Purple,0.54,Mixed Brilliant Oval,Pinkish Purple,Eye Clean,No Enhancement,13000.0,,5.39 x 4.44 x 3.04,Certified by Natural Sapphire Company,2025-09-08
Spinel,Bluish Purple,1.6,Mixed Brilliant Oval,Bluish Purple,Very Very Slightly Included,No Enhancement,65650.0,,7.11 x 6.02 x 4.89,Certified by Natural Sapphire Company,2025-09-08
Spinel,Purplish Pink,0.34,Mixed Brilliant Round,Purplish Pink,Very Very Slightly Included,No Enhancement,16250.0,,4.02 x 4.04 x 2.91,Certified by Natural Sapphire Company,2025-09-08
Garnet,Red,9.02,Mixed Brilliant Cushion,Red,Eye Clean,No Enhancement,293150.0,,12.81 x 10.87 x 6.81,Certified by Natural Sapphire Company,2025-09-08
Garnet,Red,6.64,Emerald Cut Emerald Cut,Red,Slightly Included,No Enhancement,215800.0,,10.68 x 8.23 x 7.87,Certified by Natural Sapphire Company,2025-09-08
Garnet,Red,2.5,Mixed Brilliant Oval,Red,Eye Clean,No Enhancement,81250.0,,8.9 x 7.53 x 5.18,Certified by Natural Sapphire Company,2025-09-08
Garnet,Red,2.35,Mixed Brilliant Fancy,Red,Eye Clean,No Enhancement,76375.0,,12.9 x 8.14 x 4.06,Certified by Natural Sapphire Company,2025-09-08
Garnet,Red,1.9,Mixed Brilliant Oval,Red,Eye Clean,No Enhancement,61750.0,,8.67 x 5.94 x 4.53,Certified by Natural Sapphire Company,2025-09-08
Garnet,Pinkish Purple,2.14,Mixed Brilliant Oval,Pinkish Purple,Very Very Slightly Included,No Enhancement,278200.0,,8.0 x 6.76 x 4.74,Certified by Natural Sapphire Company,2025-09-08
Garnet,Purplish Red,4.4,Mixed Brilliant Pear,Purplish Red,Eye Clean,No Enhancement,143000.0,,12.59 x 8.54 x 6.37,Certified by Natural Sapphire Company,2025-09-08
Garnet,Red,2.46,Mixed Brilliant Marquise,Red,Very Slightly Included,No Enhancement,31850.0,,12.18 x 6.46 x 4.18,Certified by Natural Sapphire Company,2025-09-08
Almandine Garnet,Red,6.74,Emerald Cut Emerald Cut,Red,Eye Clean,No Enhancement,328575.0,,12.53 x 8.77 x 6.48,Certified by Natural Sapphire Company,2025-09-08
Garnet,Red,3.52,Mixed Brilliant Oval,Red,Eye Clean,No Enhancement,114400.0,,9.69 x 8.59 x 5.77,Certified by Natural Sapphire Company,2025-09-08
Garnet,Red,6.02,Radiant Cut Radiant,Red,Very Slightly Included,No Enhancement,899925.0,,10.03 x 10.01 x 6.64,Certified by Natural Sapphire Company,2025-09-08
Garnet,Red,3.0,Mixed Brilliant Oval,Red,Very Very Slightly Included,No Enhancement,97500.0,,10.45 x 7.95 x 4.74,Certified by Natural Sapphire Company,2025-09-08
Spinel,Red,10.3,Asscher Asscher - Octagon,Red,Eye Clean,Heat Treated,1857700.0,,12.81 x 12.45 x 8.53,Certified by Natural Sapphire Company,2025-09-08
Garnet,Red,5.92,Mixed Brilliant Oval,Red,Very Very Slightly Included,No Enhancement,288600.0,,12.97 x 9.08 x 5.29,Certified by Natural Sapphire Company,2025-09-08
Moonstone,Brown,106.77,Cabochon Oval,Brown,Very Slightly Included,No Enhancement,485875.0,,30.82 x 24.42 x 17.13,Certified by Natural Sapphire Company,2025-09-08
Alexandrite,Color Change,5.62,Mixed Brilliant Cushion,Color Change,Eye Clean,Heat Treated,24164725.0,,11.05 x 9.3 x 6.25,Certified by Natural Sapphire Company,2025-09-08
Chrysoberyl,Greenish Yellow,1.71,Cabochon Oval,Greenish Yellow,Very Very Slightly Included,No Enhancement,444600.0,,7.04 x 5.09 x 4.8,Certified by Natural Sapphire Company,2025-09-08
Chrysoberyl,Greenish Yellow,1.86,Cabochon Oval,Greenish Yellow,Very Slightly Included,No Enhancement,604500.0,,7.54 x 5.8 x 4.46,Certified by Natural Sapphire Company,2025-09-08
Spinel,Purple,1.17,Mixed Brilliant Oval,Purple,Eye Clean,No Enhancement,91325.0,,7.23 x 5.89 x 3.79,Certified by Natural Sapphire Company,2025-09-08
Spinel,Blue,0.88,Mixed Brilliant Cushion,Blue,Very Very Slightly Included,No Enhancement,85800.0,,5.85 x 5.76 x 3.4,Certified by Natural Sapphire Company,2025-09-08
Moonstone,Grey,14.07,Cabochon Oval,Grey,Very Very Slightly Included,No Enhancement,45825.0,,21.0 x 12.14 x 7.74,Certified by Natural Sapphire Company,2025-09-08
Chrysoberyl,Greenish Yellow,1.79,Cabochon Oval,Greenish Yellow,Very Slightly Included,No Enhancement,698100.0,,7.06 x 5.21 x 4.97,Certified by Natural Sapphire Company,2025-09-08
Spinel,Violet,1.04,Mixed Brilliant Cushion,Violet,Very Slightly Included,No Enhancement,98800.0,,6.88 x 5.25 x 3.36,Certified by Natural Sapphire Company,2025-09-08
Spinel,Purple,0.53,Mixed Brilliant Oval,Purple,Very Slightly Included,No Enhancement,9750.0,,5.72 x 3.91 x 3.02,Certified by Natural Sapphire Company,2025-09-08
Moonstone,Peach,12.5,Cabochon Oval,Peach,Very Slightly Included,No Enhancement,40625.0,,17.81 x 12.08 x 8.13,Certified by Natural Sapphire Company,2025-09-08
Spinel,Purple,8.4,Emerald Cut Emerald Cut,Purple,Very Slightly Included,No Enhancement,5405400.0,,11.9 x 10.37 x 7.62,Certified by Natural Sapphire Company,2025-09-08
Moonstone,Grey,25.38,Cabochon Oval,Grey,Very Very Slightly Included,No Enhancement,115375.0,,18.48 x 16.33 x 12.12,Certified by Natural Sapphire Company,2025-09-08
Garnet,Red,2.55,Checkerboard Round,Red,Slightly Included,Heat Treated,41600.0,,8.17 x 8.16 x 5.27,Certified by Natural Sapphire Company,2025-09-08
Tourmaline,Brown,0.76,Princess Cut Princess,Brown,Very Very Slightly Included,No Enhancement,34450.0,,5.14 x 5.12 x 3.55,Certified by Natural Sapphire Company,2025-09-08
Moonstone,Grey,37.32,Cabochon Oval,Grey,Very Very Slightly Included,No Enhancement,169650.0,,20.84 x 17.8 x 14.09,Certified by Natural Sapphire Company,2025-09-08
Garnet,Red,5.22,Mixed Brilliant Cushion,Red,Very Slightly Included,Heat Treated,542750.0,,11.16 x 8.49 x 5.84,Certified by Natural Sapphire Company,2025-09-08
Garnet,Pink,1.94,Mixed Brilliant Oval,Pink,Very Slightly Included,No Enhancement,252200.0,,8.46 x 6.37 x 4.01,Certified by Natural Sapphire Company,2025-09-08
Alexandrite,Yellowish Green to Reddish Brown,0.41,Mixed Brilliant Pear,Yellowish Green to Reddish Brown,Very Very Slightly Included,No Enhancement,214500.0,,4.5 x 3.59 x 3.36,Certified by Natural Sapphire Company,2025-09-08
Citrine,Yellow,3.1,Mixed Brilliant Pear,Yellow,Eye Clean,Heat Treated,22100.0,,13.07 x 8.91 x 5.22,Certified by Natural Sapphire Company,2025-09-08
Alexandrite,Green to Brownish Yellow,0.35,Mixed Brilliant Round,Green to Brownish Yellow,Very Slightly Included,No Enhancement,390000.0,,3.89 x 3.85 x 2.57,Certified by Natural Sapphire Company,2025-09-08
Garnet,Purplish Pink,2.0,Mixed Brilliant Oval,Purplish Pink,Very Slightly Included,No Enhancement,260000.0,,8.13 x 6.25 x 4.53,Certified by Natural Sapphire Company,2025-09-08
Garnet,Purplish Pink,1.77,Mixed Brilliant Cushion,Purplish Pink,Very Slightly Included,No Enhancement,86450.0,,6.94 x 5.96 x 4.88,Certified by Natural Sapphire Company,2025-09-08
Moonstone,Grey,51.74,Cabochon Round,Grey,Very Slightly Included,No Enhancement,235300.0,,22.01 x 22.06 x 14.3,Certified by Natural Sapphire Company,2025-09-08
Garnet,Purplish Pink,0.91,Mixed Brilliant Round,Purplish Pink,Very Slightly Included,No Enhancement,97500.0,,5.68 x 5.71 x 3.99,Certified by Natural Sapphire Company,2025-09-08
Moonstone,Brown,31.74,Cabochon Oval,Brown,Very Very Slightly Included,No Enhancement,144300.0,,25.18 x 18.15 x 9.63,Certified by Natural Sapphire Company,2025-09-08
Chrysoberyl,Yellowish Green,8.53,Emerald Cut Emerald Cut,Yellowish Green,Very Slightly Included,No Enhancement,1743625.0,,12.21 x 9.83 x 8.3,Certified by Natural Sapphire Company,2025-09-08
Garnet,Reddish Purple,2.33,Mixed Brilliant Oval,Reddish Purple,Very Very Slightly Included,No Enhancement,302900.0,,9.88 x 6.94 x 4.11,Certified by Natural Sapphire Company,2025-09-08
Garnet,Purplish Pink,1.94,Mixed Brilliant Oval,Purplish Pink,Eye Clean,No Enhancement,252200.0,,8.47 x 6.76 x 4.08,Certified by Natural Sapphire Company,2025-09-08
Spinel,Purple,4.24,Emerald Cut Emerald Cut,Purple,Eye Clean,Heat Treated,2039375.0,,9.98 x 8.01 x 5.84,Certified by Natural Sapphire Company,2025-09-08
Chrysoberyl,Greenish Yellow,1.63,Cabochon Oval,Greenish Yellow,Very Slightly Included,No Enhancement,423800.0,,6.1 x 5.66 x 4.81,Certified by Natural Sapphire Company,2025-09-08
Spinel,Purple,0.76,Mixed Brilliant Oval,Purple,Very Slightly Included,No Enhancement,74100.0,,6.37 x 5.17 x 3.39,Certified by Natural Sapphire Company,2025-09-08
Aquamarine,Blue,3.56,Mixed Brilliant Cushion,Blue,Slightly Included,No Enhancement,92625.0,,10.37 x 10.21 x 6.46,Certified by Natural Sapphire Company,2025-09-08
Moonstone,Grey,27.41,Cabochon Oval,Grey,Very Very Slightly Included,No Enhancement,124800.0,,23.8 x 19.07 x 8.58,Certified by Natural Sapphire Company,2025-09-08
Garnet,Purplish Pink,1.68,Mixed Brilliant Cushion,Purplish Pink,Very Slightly Included,No Enhancement,218400.0,,6.85 x 6.1 x 4.49,Certified by Natural Sapphire Company,2025-09-08
Spinel,Purple,3.93,Emerald Cut Emerald Cut,Purple,Very Slightly Included,No Enhancement,1299675.0,,10.0 x 7.89 x 5.61,Certified by Natural Sapphire Company,2025-09-08
Garnet,Pink,1.3,Asscher Asscher - Octagon,Pink,Very Slightly Included,No Enhancement,152100.0,,6.12 x 5.97 x 4.16,Certified by Natural Sapphire Company,2025-09-08
Tourmaline,Pinkish Brown,11.06,Emerald Cut Emerald Cut,Pinkish Brown,Very Very Slightly Included,Heat Treated,1329900.0,,13.02 x 11.34 x 8.42,Certified by Natural Sapphire Company,2025-09-08
Garnet,Reddish Purple,1.76,Mixed Brilliant Oval,Reddish Purple,Very Slightly Included,No Enhancement,228800.0,,7.63 x 6.02 x 4.63,Certified by Natural Sapphire Company,2025-09-08
Spinel,Pink,0.72,Mixed Brilliant Oval,Pink,Eye Clean,No Enhancement,70200.0,,5.8 x 4.91 x 3.59,Certified by Natural Sapphire Company,2025-09-08
Chrysoberyl,Greenish Yellow,2.01,Cabochon Round,Greenish Yellow,Slightly Included,No Enhancement,653250.0,,7.78 x 7.46 x 3.55,Certified by Natural Sapphire Company,2025-09-08
Zircon,Brownish Yellow,10.01,Mixed Brilliant Oval,Brownish Yellow,Eye Clean,Heat Treated,650650.0,,13.72 x 10.59 x 5.97,Certified by Natural Sapphire Company,2025-09-08
Chrysoberyl,Brown,2.18,Cabochon Round,Brown,Very Very Slightly Included,No Enhancement,991900.0,,6.64 x 6.76 x 4.74,Certified by Natural Sapphire Company,2025-09-08
Alexandrite,Bluish Green to Reddish Purple,2.06,Cabochon Oval,Bluish Green to Reddish Purple,Very Slightly Included,No Enhancement,1610050.0,,8.16 x 7.2 x 3.74,Certified by Natural Sapphire Company,2025-09-08
Kornerupine,Greenish Brown,2.56,Cabochon Oval,Greenish Brown,Very Slightly Included,No Enhancement,65000.0,,9.19 x 7.11 x 4.36,Certified by Natural Sapphire Company,2025-09-08
Garnet,Purplish Pink,2.2,Mixed Brilliant Oval,Purplish Pink,Eye Clean,No Enhancement,71500.0,,9.64 x 7.11 x 4.24,Certified by Natural Sapphire Company,2025-09-08
Spinel,Blue,3.33,Mixed Brilliant Cushion,Blue,Very Slightly Included,Heat Treated,541125.0,,9.56 x 7.84 x 5.18,Certified by Natural Sapphire Company,2025-09-08
Hessonite Garnet,Orange,2.09,Mixed Brilliant Pear,Orange,Very Slightly Included,No Enhancement,231075.0,,10.49 x 6.76 x 4.19,Certified by Natural Sapphire Company,2025-09-08
Spinel,Purple,4.99,Emerald Cut Emerald Cut,Purple,Eye Clean,Heat Treated,1950000.0,,11.29 x 8.86 x 5.5,Certified by Natural Sapphire Company,2025-09-08
Tourmaline,Green,1.57,Step Cut Emerald Cut,Green,Eye Clean,No Enhancement,76700.0,,7.7 x 5.69 x 3.87,Certified by Natural Sapphire Company,2025-09-08
Spinel,Purplish Pink,2.55,Radiant Cut Radiant,Purplish Pink,Very Slightly Included,No Enhancement,455650.0,,8.65 x 7.25 x 4.8,Certified by Natural Sapphire Company,2025-09-08
Spinel,Purple,1.6,Mixed Brilliant Round,Purple,Very Slightly Included,No Enhancement,260000.0,,6.98 x 7.06 x 4.88,Certified by Natural Sapphire Company,2025-09-08
Spinel,Purple,0.7,Mixed Brilliant Round,Purple,Very Very Slightly Included,No Enhancement,97500.0,,5.96 x 5.97 x 3.39,Certified by Natural Sapphire Company,2025-09-08
Aquamarine,Bluish Green,4.2,Mixed Brilliant Marquise,Bluish Green,Very Slightly Included,No Enhancement,130975.0,,17.68 x 9.29 x 5.08,Certified by Natural Sapphire Company,2025-09-08
Chrysoberyl,Greenish Yellow,1.64,Cabochon Oval,Greenish Yellow,Very Very Slightly Included,No Enhancement,373100.0,,8.01 x 6.51 x 3.2,Certified by Natural Sapphire Company,2025-09-08
Spinel,Purplish Pink,9.2,Mixed Brilliant Oval,Purplish Pink,Very Slightly Included,No Enhancement,13449475.0,,13.99 x 11.83 x 7.4,Certified by Natural Sapphire Company,2025-09-08
Garnet,Pinkish Purple,3.83,Mixed Brilliant Oval,Pinkish Purple,Very Slightly Included,No Enhancement,64675.0,,11.1 x 7.94 x 5.19,Certified by Natural Sapphire Company,2025-09-08
Garnet,Purplish Red,2.25,Mixed Brilliant Pear,Purplish Red,Very Slightly Included,No Enhancement,29250.0,,8.69 x 6.6 x 5.23,Certified by Natural Sapphire Company,2025-09-08
Garnet,Pink,3.5,Mixed Brilliant Cushion,Pink,Very Slightly Included,No Enhancement,129675.0,,9.31 x 8.02 x 4.6,Certified by Natural Sapphire Company,2025-09-08
Moonstone,Brown,34.74,Cabochon Oval,Brown,Eye Clean,No Enhancement,157950.0,,30.02 x 18.35 x 8.73,Certified by Natural Sapphire Company,2025-09-08
Moonstone,Brown,12.82,Cabochon Oval,Brown,Very Slightly Included,No Enhancement,58175.0,,19.61 x 15.03 x 6.08,Certified by Natural Sapphire Company,2025-09-08
Garnet,Purplish Pink,3.14,Mixed Brilliant Cushion,Purplish Pink,Eye Clean,No Enhancement,153075.0,,8.38 x 8.14 x 5.52,Certified by Natural Sapphire Company,2025-09-08
Garnet,Pinkish Purple,1.34,Mixed Brilliant Cushion,Pinkish Purple,Very Very Slightly Included,No Enhancement,143000.0,,6.85 x 5.3 x 4.31,Certified by Natural Sapphire Company,2025-09-08
Garnet,Color Change,4.41,Mixed Brilliant Cushion,Color Change,Very Very Slightly Included,Heat Treated,1988675.0,,10.12 x 8.3 x 5.27,Certified by Natural Sapphire Company,2025-09-08
Garnet,Red,0.9,Mixed Brilliant Oval,Red,Very Very Slightly Included,No Enhancement,23400.0,,7.07 x 5.08 x 3.31,Certified by Natural Sapphire Company,2025-09-08
Rhodolite Garnet,Purplish Red,3.68,Mixed Brilliant Cushion,Purplish Red,Very Slightly Included,No Enhancement,478400.0,,9.13 x 7.8 x 5.28,Certified by Natural Sapphire Company,2025-09-08
Garnet,Red,1.38,Mixed Brilliant Oval,Red,Very Very Slightly Included,No Enhancement,179400.0,,6.55 x 6.05 x 4.05,Certified by Natural Sapphire Company,2025-09-08
Kornerupine,Greenish Brown,4.94,Cabochon Oval,Greenish Brown,Very Slightly Included,No Enhancement,130000.0,,11.9 x 9.82 x 4.83,Certified by Natural Sapphire Company,2025-09-08
Chrysoberyl,Brownish Green,4.11,Mixed Brilliant Oval,Brownish Green,Eye Clean,No Enhancement,534300.0,,9.82 x 7.48 x 6.86,Certified by Natural Sapphire Company,2025-09-08
Moonstone,Peach,29.83,Cabochon Oval,Peach,Eye Clean,No Enhancement,135850.0,,20.58 x 17.27 x 9.83,Certified by Natural Sapphire Company,2025-09-08
Topaz,Blue,0.59,Emerald Cut Emerald Cut,Blue,Very Slightly Included,Irradiation,7800.0,,6.1 x 3.92 x 2.77,Certified by Natural Sapphire Company,2025-09-08
Spinel,Pinkish Purple,1.59,Mixed Brilliant Pear,Pinkish Purple,Very Very Slightly Included,No Enhancement,155025.0,,9.25 x 5.57 x 4.62,Certified by Natural Sapphire Company,2025-09-08
Garnet,Purplish Pink,3.64,Radiant Cut Radiant,Purplish Pink,Eye Clean,No Enhancement,591500.0,,11.02 x 7.91 x 4.33,Certified by Natural Sapphire Company,2025-09-08
Spinel,Violet,1.48,Mixed Brilliant Heart,Violet,Very Very Slightly Included,No Enhancement,192400.0,,6.74 x 7.14 x 4.64,Certified by Natural Sapphire Company,2025-09-08
Tourmaline,Brown,4.05,Emerald Cut Emerald Cut,Brown,Very Slightly Included,Heat Treated,171275.0,,10.15 x 8.07 x 5.24,Certified by Natural Sapphire Company,2025-09-08
Garnet,Pinkish Purple,3.9,Emerald Cut Emerald Cut,Pinkish Purple,Very Slightly Included,No Enhancement,570375.0,,9.6 x 7.18 x 5.69,Certified by Natural Sapphire Company,2025-09-08
Spessartite Garnet,Orangish Red,15.36,Fancy Brilliant Oval,Orangish Red,Eye Clean,Heat Treated,1800825.0,,15.38 x 11.11 x 7.9,Certified by Natural Sapphire Company,2025-09-08
Alexandrite,Yellowish Green to Reddish Brown,7.58,Emerald Cut Emerald Cut,Yellowish Green to Reddish Brown,Eye Clean,No Enhancement,4602325.0,,15.05 x 8.06 x 4.83,Certified by Natural Sapphire Company,2025-09-08
Chrysoberyl,Yellowish Green,2.04,Cabochon Oval,Yellowish Green,Eye Clean,No Enhancement,195000.0,,6.93 x 5.79 x 5.19,Certified by Natural Sapphire Company,2025-09-08
Spinel,Violet,4.25,Mixed Brilliant Oval,Violet,Very Slightly Included,No Enhancement,828750.0,,11.67 x 8.35 x 5.54,Certified by Natural Sapphire Company,2025-09-08
Garnet,Purplish Red,1.27,Emerald Cut Emerald Cut,Purplish Red,Slightly Included,No Enhancement,33150.0,,6.19 x 5.14 x 4.45,Certified by Natural Sapphire Company,2025-09-08
Tourmaline,Greenish Brown,4.59,Emerald Cut Emerald Cut,Greenish Brown,Very Slightly Included,Heat Treated,194025.0,,10.97 x 8.04 x 5.89,Certified by Natural Sapphire Company,2025-09-08
Tourmaline,Pinkish Brown,2.25,Emerald Cut Emerald Cut,Pinkish Brown,Very Slightly Included,Heat Treated,73125.0,,11.03 x 5.96 x 3.88,Certified by Natural Sapphire Company,2025-09-08
Zircon,Brown,1.6,Emerald Cut Emerald Cut,Brown,Eye Clean,No Enhancement,87425.0,,7.28 x 5.7 x 3.49,Certified by Natural Sapphire Company,2025-09-08
Tourmaline,Green,4.12,Emerald Cut Emerald Cut,Green,Very Slightly Included,Heat Treated,174200.0,,9.7 x 7.69 x 6.46,Certified by Natural Sapphire Company,2025-09-08
Garnet,Red,1.06,Emerald Cut Emerald Cut,Red,Very Slightly Included,No Enhancement,27625.0,,5.97 x 5.09 x 3.79,Certified by Natural Sapphire Company,2025-09-08
Garnet,Red,1.16,Emerald Cut Emerald Cut,Red,Eye Clean,No Enhancement,30225.0,,7.31 x 4.6 x 3.63,Certified by Natural Sapphire Company,2025-09-08
Garnet,Red,1.5,Emerald Cut Emerald Cut,Red,Very Slightly Included,No Enhancement,39000.0,,6.32 x 5.62 x 4.61,Certified by Natural Sapphire Company,2025-09-08
Zircon,Green,1.85,Emerald Cut Emerald Cut,Green,Slightly Included,No Enhancement,60125.0,,6.92 x 5.92 x 4.47,Certified by Natural Sapphire Company,2025-09-08
Garnet,Red,1.98,Emerald Cut Emerald Cut,Red,Eye Clean,No Enhancement,51350.0,,8.61 x 5.31 x 4.11,Certified by Natural Sapphire Company,2025-09-08
Tourmaline,Green,3.25,Emerald Cut Emerald Cut,Green,Eye Clean,No Enhancement,253500.0,,12.33 x 6.49 x 4.68,Certified by Natural Sapphire Company,2025-09-08
Spinel,Blue,1.5,Emerald Cut Emerald Cut,Blue,Slightly Included,No Enhancement,32175.0,,8.93 x 5.39 x 3.53,Certified by Natural Sapphire Company,2025-09-08
Garnet,Red,2.88,Checkerboard Cushion,Red,Very Slightly Included,Heat Treated,84175.0,,9.08 x 7.1 x 5.05,Certified by Natural Sapphire Company,2025-09-08
Spinel,Bluish Purple,1.94,Emerald Cut Emerald Cut,Bluish Purple,Included,No Enhancement,49075.0,,7.4 x 6.1 x 4.79,Certified by Natural Sapphire Company,2025-09-08
Garnet,Red,2.4,Checkerboard Round,Red,Very Slightly Included,Heat Treated,39000.0,,8.02 x 8.05 x 5.09,Certified by Natural Sapphire Company,2025-09-08
Topaz,Pink,2.05,Checkerboard Oval,Pink,Very Slightly Included,Vapor-Infused Coating,6500.0,,9.0 x 6.91 x 4.56,Certified by Natural Sapphire Company,2025-09-08
Spinel,Blue,1.5,Emerald Cut Emerald Cut,Blue,Slightly Included,No Enhancement,51675.0,,7.63 x 6.27 x 3.74,Certified by Natural Sapphire Company,2025-09-08
Spinel,Blue,1.47,Emerald Cut Emerald Cut,Blue,Very Slightly Included,No Enhancement,97500.0,,7.32 x 5.93 x 4.15,Certified by Natural Sapphire Company,2025-09-08
Topaz,Pink,2.13,Checkerboard Oval,Pink,Eye Clean,Vapor-Infused Coating,6825.0,,9.1 x 7.04 x 4.8,Certified by Natural Sapphire Company,2025-09-08
Garnet,Red,2.39,Checkerboard Round,Red,Very Slightly Included,Heat Treated,39000.0,,8.04 x 8.04 x 5.26,Certified by Natural Sapphire Company,2025-09-08
Moonstone,Green,50.8,Cabochon Oval,Green,Eye Clean,No Enhancement,231075.0,,30.56 x 19.59 x 11.3,Certified by Natural Sapphire Company,2025-09-08
Zircon,Yellowish Brown,8.66,Emerald Cut Emerald Cut,Yellowish Brown,Very Slightly Included,Heat Treated,985075.0,,14.59 x 8.48 x 5.85,Certified by Natural Sapphire Company,2025-09-08
Rhodolite Garnet,Purplish Pink,1.28,Emerald Cut Emerald Cut,Purplish Pink,Very Slightly Included,No Enhancement,66625.0,,7.76 x 4.85 x 3.41,Certified by Natural Sapphire Company,2025-09-08
Spinel,Purple,2.07,Mixed Brilliant Cushion,Purple,Very Slightly Included,No Enhancement,107575.0,,5.62 x 4.69 x 3.15,Certified by Natural Sapphire Company,2025-09-08
Garnet,Red,2.38,Mixed Brilliant Oval,Red,Eye Clean,No Enhancement,61750.0,,8.76 x 6.4 x 5.25,Certified by Natural Sapphire Company,2025-09-08
Moonstone,Rainbow,1.93,Emerald Cut Emerald Cut,Rainbow,Eye Clean,No Enhancement,94250.0,,9.33 x 5.82 x 4.28,Certified by Natural Sapphire Company,2025-09-08
Rutilated Quartz,Smoky,64.06,Cabochon Oval,Smoky,Very Slightly Included,No Enhancement,124800.0,,29.24 x 22.22 x 13.75,Certified by Natural Sapphire Company,2025-09-08
Garnet,Pink,3.05,Radiant Cut Radiant,Pink,Very Very Slightly Included,No Enhancement,495625.0,,8.99 x 7.05 x 5.49,Certified by Natural Sapphire Company,2025-09-08
Spinel,Greyish Blue,1.38,Emerald Cut Emerald Cut,Greyish Blue,Slightly Included,No Enhancement,71825.0,,6.94 x 5.44 x 4.11,Certified by Natural Sapphire Company,2025-09-08
Spinel,Blue,1.49,Emerald Cut Emerald Cut,Blue,Very Slightly Included,No Enhancement,96850.0,,7.05 x 5.45 x 4.22,Certified by Natural Sapphire Company,2025-09-08
Zircon,Brownish Orange,2.07,Mixed Brilliant Cushion,Brownish Orange,Very Slightly Included,Heat Treated,60450.0,,7.09 x 6.54 x 3.97,Certified by Natural Sapphire Company,2025-09-08
Zircon,Green,2.22,Mixed Brilliant Oval,Green,Very Slightly Included,Heat Treated,57850.0,,8.03 x 6.13 x 4.88,Certified by Natural Sapphire Company,2025-09-08
Zircon,Brown,2.12,Mixed Brilliant Oval,Brown,Slightly Included,Heat Treated,62075.0,,7.8 x 6.13 x 4.42,Certified by Natural Sapphire Company,2025-09-08
Garnet,Reddish Purple,2.08,Emerald Cut Emerald Cut,Reddish Purple,Very Slightly Included,No Enhancement,94575.0,,9.03 x 5.8 x 4.15,Certified by Natural Sapphire Company,2025-09-08
Spinel,Purple,1.32,Emerald Cut Emerald Cut,Purple,Slightly Included,No Enhancement,60125.0,,6.71 x 5.5 x 3.89,Certified by Natural Sapphire Company,2025-09-08
Spinel,Blue,1.81,Emerald Cut Emerald Cut,Blue,Slightly Included,No Enhancement,94250.0,,8.78 x 5.93 x 3.8,Certified by Natural Sapphire Company,2025-09-08
Zircon,Brown,2.21,Mixed Brilliant Pear,Brown,Very Slightly Included,Heat Treated,57525.0,,9.23 x 6.29 x 3.87,Certified by Natural Sapphire Company,2025-09-08
Garnet,Red,4.28,Emerald Cut Emerald Cut,Red,Very Slightly Included,No Enhancement,139100.0,,12.87 x 7.34 x 4.53,Certified by Natural Sapphire Company,2025-09-08
Zircon,Green,0.65,Emerald Cut Emerald Cut,Green,Very Slightly Included,No Enhancement,16900.0,,5.91 x 4.01 x 2.97,Certified by Natural Sapphire Company,2025-09-08
Zircon,Green,1.61,Emerald Cut Emerald Cut,Green,Very Slightly Included,No Enhancement,52325.0,,7.44 x 5.6 x 4.15,Certified by Natural Sapphire Company,2025-09-08
Aquamarine,Blue,57.39,Emerald Cut Emerald Cut,Blue,Very Slightly Included,Heat Treated,2070250.0,,27.02 x 20.34 x 14.35,Certified by Natural Sapphire Company,2025-09-08
Tourmaline,Greenish Blue,8.35,Emerald Cut Emerald Cut,Greenish Blue,Very Very Slightly Included,Heat Treated,2259075.0,,12.5 x 10.19 x 7.58,Certified by Natural Sapphire Company,2025-09-08
Zircon,Brown,4.91,Emerald Cut Emerald Cut,Brown,Very Slightly Included,No Enhancement,223275.0,,9.5 x 6.98 x 6.21,Certified by Natural Sapphire Company,2025-09-08
Garnet,Red,1.02,Emerald Cut Emerald Cut,Red,Eye Clean,No Enhancement,26650.0,,6.66 x 4.79 x 3.12,Certified by Natural Sapphire Company,2025-09-08
Garnet,Red,2.44,Emerald Cut Emerald Cut,Red,Eye Clean,No Enhancement,63375.0,,9.03 x 6.9 x 3.99,Certified by Natural Sapphire Company,2025-09-08
Garnet,Purplish Red,2.89,Emerald Cut Emerald Cut,Purplish Red,Very Slightly Included,No Enhancement,75075.0,,9.12 x 7.11 x 4.64,Certified by Natural Sapphire Company,2025-09-08
Spinel,Pink,1.1,Mixed Brilliant Round,Pink,Very Very Slightly Included,No Enhancement,107250.0,,5.88 x 5.95 x 4.4,Certified by Natural Sapphire Company,2025-09-08
Garnet,Red,2.1,Emerald Cut Emerald Cut,Red,Eye Clean,No Enhancement,54600.0,,8.67 x 6.42 x 4.02,Certified by Natural Sapphire Company,2025-09-08
Garnet,Red,1.35,Emerald Cut Emerald Cut,Red,Very Slightly Included,No Enhancement,35100.0,,7.09 x 4.92 x 3.97,Certified by Natural Sapphire Company,2025-09-08
Garnet,Purplish Red,2.58,Emerald Cut Emerald Cut,Purplish Red,Eye Clean,No Enhancement,66950.0,,8.74 x 6.57 x 4.97,Certified by Natural Sapphire Company,2025-09-08
Rhodolite Garnet,Reddish Purple,2.99,Emerald Cut Emerald Cut,Reddish Purple,Very Very Slightly Included,No Enhancement,194350.0,,9.23 x 7.08 x 4.36,Certified by Natural Sapphire Company,2025-09-08
Garnet,Red,2.78,Emerald Cut Emerald Cut,Red,Eye Clean,No Enhancement,72150.0,,8.93 x 7.1 x 4.52,Certified by Natural Sapphire Company,2025-09-08
Garnet,Red,1.98,Emerald Cut Emerald Cut,Red,Eye Clean,No Enhancement,51350.0,,8.21 x 6.41 x 3.71,Certified by Natural Sapphire Company,2025-09-08
Garnet,Red,1.95,Emerald Cut Emerald Cut,Red,Very Slightly Included,No Enhancement,50700.0,,8.29 x 6.0 x 3.6,Certified by Natural Sapphire Company,2025-09-08
Rhodolite Garnet,Reddish Purple,1.37,Emerald Cut Emerald Cut,Reddish Purple,Very Slightly Included,No Enhancement,62400.0,,7.08 x 5.11 x 3.73,Certified by Natural Sapphire Company,2025-09-08
Rhodolite Garnet,Reddish Purple,1.37,Emerald Cut Emerald Cut,Reddish Purple,Very Slightly Included,No Enhancement,62400.0,,6.76 x 5.01 x 4.35,Certified by Natural Sapphire Company,2025-09-08
Rhodolite Garnet,Pinkish Purple,0.89,Emerald Cut Emerald Cut,Pinkish Purple,Very Slightly Included,No Enhancement,40625.0,,6.38 x 4.3 x 3.07,Certified by Natural Sapphire Company,2025-09-08
Topaz,Blue,0.7,Emerald Cut Emerald Cut,Blue,Very Slightly Included,Irradiation,9100.0,,6.04 x 4.07 x 3.05,Certified by Natural Sapphire Company,2025-09-08
Aquamarine,Bluish Green,1.05,Emerald Cut Emerald Cut,Bluish Green,Very Slightly Included,No Enhancement,13650.0,,7.57 x 5.48 x 4.1,Certified by Natural Sapphire Company,2025-09-08
Beryl,Green,1.76,Emerald Cut Emerald Cut,Green,Very Slightly Included,No Enhancement,22750.0,,7.97 x 5.9 x 4.35,Certified by Natural Sapphire Company,2025-09-08
Alexandrite,Yellowish Green to Brownish Orange,24.05,Mixed Brilliant Cushion,Yellowish Green to Brownish Orange,Very Slightly Included,No Enhancement,109427500.0,,16.77 x 13.75 x 11.65,Certified by Natural Sapphire Company,2025-09-08
Zircon,Yellow,2.68,Emerald Cut Emerald Cut,Yellow,Very Slightly Included,No Enhancement,130650.0,,8.08 x 6.45 x 4.1,Certified by Natural Sapphire Company,2025-09-08
Spinel,Pinkish Purple,2.44,Emerald Cut Emerald Cut,Pinkish Purple,Very Very Slightly Included,No Enhancement,142675.0,,8.86 x 6.68 x 4.61,Certified by Natural Sapphire Company,2025-09-08
Garnet,Reddish Purple,4.12,Mixed Brilliant Oval,Reddish Purple,Very Slightly Included,No Enhancement,107250.0,,11.76 x 7.76 x 5.21,Certified by Natural Sapphire Company,2025-09-08
Spinel,Pink,2.57,Emerald Cut Emerald Cut,Pink,Eye Clean,No Enhancement,1313325.0,,8.71 x 7.01 x 4.78,Certified by Natural Sapphire Company,2025-09-08
Spinel,Blue,3.53,Emerald Cut Emerald Cut,Blue,Eye Clean,No Enhancement,1485575.0,,10.23 x 7.4 x 5.23,Certified by Natural Sapphire Company,2025-09-08
Tourmaline,Green,6.35,Emerald Cut Emerald Cut,Green,Very Very Slightly Included,No Enhancement,1134900.0,,16.48 x 7.34 x 6.08,Certified by Natural Sapphire Company,2025-09-08
Garnet,Red,2.02,Mixed Brilliant Cushion,Red,Very Slightly Included,No Enhancement,78650.0,,6.98 x 6.98 x 5.02,Certified by Natural Sapphire Company,2025-09-08
Garnet,Red,2.39,Checkerboard Round,Red,Very Slightly Included,Heat Treated,39000.0,,8.06 x 8.13 x 5.06,Certified by Natural Sapphire Company,2025-09-08
Garnet,Red,2.33,Checkerboard Round,Red,Very Slightly Included,Heat Treated,37700.0,,8.1 x 8.11 x 4.92,Certified by Natural Sapphire Company,2025-09-08
Amethyst,Purple,1.96,Emerald Cut Emerald Cut,Purple,Very Slightly Included,Heat Treated,6500.0,,9.06 x 6.99 x 4.57,Certified by Natural Sapphire Company,2025-09-08
Spinel,Purple,1.82,Emerald Cut Emerald Cut,Purple,Very Slightly Included,No Enhancement,238875.0,,7.71 x 6.16 x 3.79,Certified by Natural Sapphire Company,2025-09-08
Spinel,Pink,2.24,Mixed Brilliant Pear,Pink,Very Slightly Included,No Enhancement,218400.0,,11.74 x 6.94 x 4.18,Certified by Natural Sapphire Company,2025-09-08
Spinel,Purple,2.39,Emerald Cut Emerald Cut,Purple,Very Slightly Included,No Enhancement,391625.0,,9.61 x 5.71 x 4.83,Certified by Natural Sapphire Company,2025-09-08
Garnet,Red,3.17,Emerald Cut Emerald Cut,Red,Very Very Slightly Included,No Enhancement,515125.0,,8.96 x 7.31 x 5.32,Certified by Natural Sapphire Company,2025-09-08
Aquamarine,Blue,4.55,Emerald Cut Emerald Cut,Blue,Eye Clean,Heat Treated,369850.0,,12.13 x 9.86 x 5.83,Certified by Natural Sapphire Company,2025-09-08
Apatite,Bluish Green,29.0,Mixed Brilliant Cushion,Bluish Green,Very Slightly Included,Heat Treated,1743625.0,,19.76 x 17.86 x 11.59,Certified by Natural Sapphire Company,2025-09-08
Garnet,Purplish Pink,1.54,Mixed Brilliant Cushion,Purplish Pink,Very Slightly Included,No Enhancement,88075.0,,6.78 x 6.12 x 4.27,Certified by Natural Sapphire Company,2025-09-08
Chrysoberyl,Green,0.45,Radiant Cut Radiant,Green,Very Very Slightly Included,No Enhancement,78000.0,,4.72 x 4.2 x 2.34,Certified by Natural Sapphire Company,2025-09-08
Spinel,Pinkish Purple,2.0,Mixed Brilliant Oval,Pinkish Purple,Very Slightly Included,No Enhancement,130000.0,,9.49 x 7.11 x 4.4,Certified by Natural Sapphire Company,2025-09-08
Rhodolite Garnet,Red,3.47,Mixed Brilliant Round,Red,Very Very Slightly Included,No Enhancement,172900.0,,9.13 x 9.16 x 5.29,Certified by Natural Sapphire Company,2025-09-08
Spinel,Greenish Blue,0.9,Mixed Brilliant Oval,Greenish Blue,Very Very Slightly Included,No Enhancement,70200.0,,7.35 x 5.17 x 3.18,Certified by Natural Sapphire Company,2025-09-08
Garnet,Purplish Pink,4.2,Mixed Brilliant Pear,Purplish Pink,Very Slightly Included,No Enhancement,136500.0,,13.75 x 8.46 x 5.38,Certified by Natural Sapphire Company,2025-09-08
Spinel,Purplish Pink,1.65,Mixed Brilliant Oval,Purplish Pink,Eye Clean,No Enhancement,107250.0,,7.66 x 5.93 x 4.74,Certified by Natural Sapphire Company,2025-09-08
Spinel,Pinkish Purple,0.83,Mixed Brilliant Round,Pinkish Purple,Very Slightly Included,No Enhancement,64675.0,,5.53 x 5.57 x 3.93,Certified by Natural Sapphire Company,2025-09-08
Spinel,Pinkish Purple,1.04,Mixed Brilliant Oval,Pinkish Purple,Very Very Slightly Included,No Enhancement,67600.0,,6.36 x 5.59 x 4.18,Certified by Natural Sapphire Company,2025-09-08
Garnet,Red,2.5,Checkerboard Round,Red,Very Slightly Included,Heat Treated,40625.0,,8.2 x 8.2 x 5.15,Certified by Natural Sapphire Company,2025-09-08
Garnet,Red,2.42,Checkerboard Round,Red,Very Slightly Included,Heat Treated,39325.0,,8.02 x 8.14 x 5.01,Certified by Natural Sapphire Company,2025-09-08
Garnet,Red,2.05,Checkerboard Round,Red,Very Slightly Included,Heat Treated,33150.0,,7.89 x 7.9 x 4.72,Certified by Natural Sapphire Company,2025-09-08
Topaz,Pink,2.02,Checkerboard Oval,Pink,Very Slightly Included,Vapor-Infused Coating,6500.0,,8.98 x 6.97 x 4.47,Certified by Natural Sapphire Company,2025-09-08
Chrysoberyl,Green,2.21,Cabochon Round,Green,Very Slightly Included,Heat Treated,660725.0,,6.79 x 6.86 x 5.01,Certified by Natural Sapphire Company,2025-09-08
Tourmaline,Pink,0.52,Mixed Brilliant Round,Pink,Eye Clean,No Enhancement,16900.0,,4.96 x 4.96 x 3.6,Certified by Natural Sapphire Company,2025-09-08
Topaz,Pink,2.1,Checkerboard Oval,Pink,Very Slightly Included,Vapor-Infused Coating,6825.0,,8.97 x 6.92 x 4.83,Certified by Natural Sapphire Company,2025-09-08
Rhodolite Garnet,Purplish Pink,0.98,Mixed Brilliant Emerald Cut,Purplish Pink,Very Slightly Included,No Enhancement,51025.0,,6.86 x 4.64 x 3.17,Certified by Natural Sapphire Company,2025-09-08
Tourmaline,Greenish Brown,4.58,Emerald Cut Emerald Cut,Greenish Brown,Very Slightly Included,Heat Treated,193375.0,,11.99 x 8.99 x 5.13,Certified by Natural Sapphire Company,2025-09-08
Tourmaline,Brown,3.86,Emerald Cut Emerald Cut,Brown,Eye Clean,Heat Treated,163150.0,,9.82 x 7.55 x 5.96,Certified by Natural Sapphire Company,2025-09-08
Rhodolite Garnet,Purplish Pink,2.01,Emerald Cut Emerald Cut,Purplish Pink,Very Slightly Included,No Enhancement,111150.0,,8.02 x 5.99 x 4.05,Certified by Natural Sapphire Company,2025-09-08
Rhodolite Garnet,Red,3.76,Emerald Cut Emerald Cut,Red,Very Slightly Included,No Enhancement,207675.0,,9.76 x 7.72 x 4.89,Certified by Natural Sapphire Company,2025-09-08
Rhodolite Garnet,Red,3.97,Emerald Cut Emerald Cut,Red,Very Slightly Included,No Enhancement,219375.0,,9.97 x 7.64 x 5.1,Certified by Natural Sapphire Company,2025-09-08
Rhodolite Garnet,Red,2.66,Emerald Cut Emerald Cut,Red,Very Slightly Included,No Enhancement,146900.0,,9.9 x 6.42 x 3.95,Certified by Natural Sapphire Company,2025-09-08
Cobalt Spinel,Purplish Blue,2.11,Asscher Oval,Purplish Blue,Very Slightly Included,No Enhancement,455325.0,,8.05 x 6.83 x 4.83,Certified by Natural Sapphire Company,2025-09-08
Spessartite Garnet,Orange,9.65,Mixed Brilliant Oval,Orange,Very Very Slightly Included,Heat Treated,1450475.0,,13.88 x 10.39 x 7.76,Certified by Natural Sapphire Company,2025-09-08
Garnet,Red,3.23,Mixed Brilliant Cushion,Red,Very Very Slightly Included,No Enhancement,524875.0,,10.03 x 7.95 x 4.19,Certified by Natural Sapphire Company,2025-09-08
Spinel,Greenish Blue,0.95,Mixed Brilliant Oval,Greenish Blue,Eye Clean,No Enhancement,74100.0,,7.23 x 5.37 x 3.26,Certified by Natural Sapphire Company,2025-09-08
Spinel,Purple,2.15,Mixed Brilliant Round,Purple,Very Slightly Included,No Enhancement,209625.0,,7.85 x 7.88 x 5.23,Certified by Natural Sapphire Company,2025-09-08
Spinel,Bluish Green,1.23,Mixed Brilliant Oval,Bluish Green,Very Slightly Included,No Enhancement,95875.0,,6.14 x 5.37 x 4.75,Certified by Natural Sapphire Company,2025-09-08
Citrine,Yellow,1.61,Emerald Cut Emerald Cut,Yellow,Very Slightly Included,Heat Treated,8450.0,,8.03 x 6.1 x 4.38,Certified by Natural Sapphire Company,2025-09-08
Spinel,Pink,1.11,Mixed Brilliant Oval,Pink,Very Slightly Included,No Enhancement,72150.0,,7.18 x 5.51 x 3.52,Certified by Natural Sapphire Company,2025-09-08
Citrine,Yellow,1.61,Emerald Cut Emerald Cut,Yellow,Very Slightly Included,Heat Treated,8450.0,,7.78 x 6.05 x 4.74,Certified by Natural Sapphire Company,2025-09-08
Spinel,White,1.63,Mixed Brilliant Heart,White,Very Slightly Included,Heat Treated,1803425.0,,7.77 x 7.93 x 4.35,Certified by Natural Sapphire Company,2025-09-08
Garnet,Pink,4.42,Mixed Brilliant Cushion,Pink,Very Slightly Included,No Enhancement,718250.0,,10.26 x 9.08 x 5.43,Certified by Natural Sapphire Company,2025-09-08
Spinel,Violet,1.06,Mixed Brilliant Oval,Violet,Very Very Slightly Included,No Enhancement,103350.0,,6.77 x 5.38 x 3.94,Certified by Natural Sapphire Company,2025-09-08
Garnet,Red,2.13,Checkerboard Round,Red,Very Slightly Included,Heat Treated,34450.0,,8.0 x 8.01 x 4.53,Certified by Natural Sapphire Company,2025-09-08
Garnet,Red,2.79,Checkerboard Cushion,Red,Very Slightly Included,Heat Treated,81575.0,,9.07 x 7.08 x 4.85,Certified by Natural Sapphire Company,2025-09-08
Citrine,Yellow,1.72,Emerald Cut Emerald Cut,Yellow,Very Slightly Included,Heat Treated,9100.0,,8.05 x 6.08 x 4.67,Certified by Natural Sapphire Company,2025-09-08
Citrine,Yellow,1.64,Emerald Cut Emerald Cut,Yellow,Very Slightly Included,Heat Treated,8450.0,,8.11 x 6.16 x 4.33,Certified by Natural Sapphire Company,2025-09-08
Citrine,Yellow,1.87,Emerald Cut Emerald Cut,Yellow,Very Slightly Included,Heat Treated,9750.0,,8.11 x 6.01 x 4.71,Certified by Natural Sapphire Company,2025-09-08
Garnet,Orangish Red,3.3,Mixed Brilliant Oval,Orangish Red,Very Slightly Included,No Enhancement,64350.0,,9.43 x 7.69 x 5.46,Certified by Natural Sapphire Company,2025-09-08
Citrine,Yellow,1.54,Emerald Cut Emerald Cut,Yellow,Very Slightly Included,Heat Treated,8125.0,,7.89 x 5.91 x 4.34,Certified by Natural Sapphire Company,2025-09-08
Citrine,Yellow,1.7,Emerald Cut Emerald Cut,Yellow,Very Slightly Included,Heat Treated,8775.0,,7.84 x 6.05 x 4.72,Certified by Natural Sapphire Company,2025-09-08
Chrysoberyl,Yellowish Green,5.02,Cabochon Oval,Yellowish Green,Slightly Included,No Enhancement,1962025.0,,10.95 x 7.35 x 6.15,Certified by Natural Sapphire Company,2025-09-08
Citrine,Yellow,1.72,Emerald Cut Emerald Cut,Yellow,Very Slightly Included,Heat Treated,9100.0,,7.96 x 6.09 x 4.3,Certified by Natural Sapphire Company,2025-09-08
Citrine,Yellowish Orange,1.81,Emerald Cut Emerald Cut,Yellowish Orange,Very Slightly Included,Heat Treated,9425.0,,7.81 x 5.93 x 5.27,Certified by Natural Sapphire Company,2025-09-08
Zircon,Brownish Green,3.31,Emerald Cut Emerald Cut,Brownish Green,Very Slightly Included,Heat Treated,161525.0,,10.3 x 7.01 x 4.2,Certified by Natural Sapphire Company,2025-09-08
Tourmaline,Greenish Brown,3.81,Emerald Cut Emerald Cut,Greenish Brown,Very Slightly Included,Heat Treated,160875.0,,11.46 x 7.32 x 4.34,Certified by Natural Sapphire Company,2025-09-08
Tourmaline,Pinkish Brown,2.85,Emerald Cut Emerald Cut,Pinkish Brown,Very Very Slightly Included,Heat Treated,92625.0,,11.33 x 6.63 x 4.33,Certified by Natural Sapphire Company,2025-09-08
Amethyst,Purple,2.25,Trillion Cut Trillion,Purple,Very Slightly Included,Heat Treated,7150.0,,9.05 x 9.28 x 5.93,Certified by Natural Sapphire Company,2025-09-08
Citrine,Yellow,1.69,Mixed Brilliant Emerald Cut,Yellow,Very Slightly Included,Heat Treated,8775.0,,7.93 x 6.05 x 4.71,Certified by Natural Sapphire Company,2025-09-08
Amethyst,Purple,2.16,Trillion Cut Trillion,Purple,Very Slightly Included,Heat Treated,7150.0,,9.02 x 9.12 x 5.65,Certified by Natural Sapphire Company,2025-09-08
Citrine,Yellow,1.52,Emerald Cut Emerald Cut,Yellow,Very Slightly Included,Heat Treated,7800.0,,8.01 x 6.1 x 4.13,Certified by Natural Sapphire Company,2025-09-08
Citrine,Orangish Yellow,2.04,Mixed Brilliant Round,Orangish Yellow,Eye Clean,No Enhancement,13325.0,,8.58 x 8.52 x 5.91,Certified by Natural Sapphire Company,2025-09-08
Citrine,Yellow,1.62,Emerald Cut Emerald Cut,Yellow,Very Slightly Included,Heat Treated,8450.0,,8.14 x 6.09 x 4.23,Certified by Natural Sapphire Company,2025-09-08
Citrine,Orangish Yellow,1.82,Emerald Cut Emerald Cut,Orangish Yellow,Very Slightly Included,Heat Treated,9425.0,,7.97 x 6.13 x 5.06,Certified by Natural Sapphire Company,2025-09-08
Zircon,Brownish Yellow,4.34,Mixed Brilliant Oval,Brownish Yellow,Very Slightly Included,No Enhancement,110175.0,,10.26 x 7.35 x 5.53,Certified by Natural Sapphire Company,2025-09-08
Garnet,Red,2.04,Checkerboard Round,Red,Very Slightly Included,Heat Treated,33150.0,,7.98 x 7.97 x 4.44,Certified by Natural Sapphire Company,2025-09-08
Garnet,Red,2.3,Checkerboard Round,Red,Very Slightly Included,Heat Treated,37375.0,,8.06 x 8.15 x 4.88,Certified by Natural Sapphire Company,2025-09-08
Garnet,Red,2.35,Checkerboard Round,Red,Very Slightly Included,Heat Treated,38350.0,,8.18 x 8.19 x 4.85,Certified by Natural Sapphire Company,2025-09-08
Garnet,Red,2.25,Checkerboard Round,Red,Very Slightly Included,Heat Treated,36400.0,,8.02 x 7.99 x 4.76,Certified by Natural Sapphire Company,2025-09-08
Citrine,Yellow,1.62,Emerald Cut Emerald Cut,Yellow,Very Slightly Included,Heat Treated,8450.0,,8.0 x 6.18 x 4.28,Certified by Natural Sapphire Company,2025-09-08
Garnet,Red,2.1,Checkerboard Round,Red,Very Slightly Included,Heat Treated,34125.0,,8.1 x 8.1 x 4.46,Certified by Natural Sapphire Company,2025-09-08
Garnet,Red,2.88,Checkerboard Round,Red,Very Slightly Included,Heat Treated,46800.0,,8.26 x 8.23 x 6.01,Certified by Natural Sapphire Company,2025-09-08
Garnet,Red,2.28,Checkerboard Round,Red,Very Slightly Included,Heat Treated,37050.0,,7.93 x 7.96 x 5.2,Certified by Natural Sapphire Company,2025-09-08
Garnet,Red,2.45,Emerald Cut Emerald Cut,Red,Eye Clean,No Enhancement,79625.0,,9.76 x 5.82 x 4.25,Certified by Natural Sapphire Company,2025-09-08
Garnet,Red,2.16,Checkerboard Round,Red,Slightly Included,Heat Treated,35100.0,,7.91 x 7.89 x 4.68,Certified by Natural Sapphire Company,2025-09-08
Garnet,Red,2.2,Checkerboard Round,Red,Very Slightly Included,Heat Treated,35750.0,,8.16 x 8.13 x 4.62,Certified by Natural Sapphire Company,2025-09-08
Garnet,Red,2.41,Checkerboard Round,Red,Very Slightly Included,Heat Treated,39000.0,,8.08 x 8.1 x 5.26,Certified by Natural Sapphire Company,2025-09-08
Garnet,Red,2.34,Checkerboard Round,Red,Very Slightly Included,Heat Treated,38025.0,,7.98 x 8.05 x 4.97,Certified by Natural Sapphire Company,2025-09-08
Moonstone,Grey,6.65,Cabochon Oval,Grey,Very Slightly Included,No Enhancement,21450.0,,15.74 x 8.55 x 6.72,Certified by Natural Sapphire Company,2025-09-08
Garnet,Red,2.34,Checkerboard Round,Red,Very Slightly Included,Heat Treated,38025.0,,7.94 x 8.04 x 5.16,Certified by Natural Sapphire Company,2025-09-08
Spinel,Color Change,1.32,Step Cut Fancy,Color Change,Very Slightly Included,No Enhancement,235950.0,,8.01 x 6.86 x 3.9,Certified by Natural Sapphire Company,2025-09-08
Chrysoberyl,Green,2.5,Cabochon Oval,Green,Eye Clean,Heat Treated,934375.0,,8.35 x 7.01 x 4.39,Certified by Natural Sapphire Company,2025-09-08
Moonstone,White,5.46,Cabochon Oval,White,Very Very Slightly Included,No Enhancement,17875.0,,13.36 x 11.01 x 5.66,Certified by Natural Sapphire Company,2025-09-08
Citrine,Yellow,4.85,Asscher Asscher - Octagon,Yellow,Very Very Slightly Included,No Enhancement,66300.0,,10.04 x 10.03 x 7.54,Certified by Natural Sapphire Company,2025-09-08
Chrysoberyl,Greenish Yellow,1.44,Cabochon Round,Greenish Yellow,Very Slightly Included,Heat Treated,266825.0,,5.66 x 4.86 x 5.13,Certified by Natural Sapphire Company,2025-09-08
Chrysoberyl,Green,5.07,Cabochon Oval,Green,Not Applicable,No Enhancement,2438800.0,,8.2 x 8.85 x 7.2,Certified by Natural Sapphire Company,2025-09-08
Moonstone,White,4.64,Cabochon Oval,White,Very Very Slightly Included,No Enhancement,14950.0,,14.91 x 9.35 x 4.56,Certified by Natural Sapphire Company,2025-09-08
Spinel,Blue,1.37,Emerald Cut Emerald Cut,Blue,Eye Clean,No Enhancement,44850.0,,7.37 x 5.87 x 3.52,Certified by Natural Sapphire Company,2025-09-08
Moonstone,Peach,17.97,Cabochon Oval,Peach,Eye Clean,No Enhancement,58500.0,,18.42 x 14.17 x 8.39,Certified by Natural Sapphire Company,2025-09-08
Spinel,Greyish Blue,1.18,Emerald Cut Emerald Cut,Greyish Blue,Very Very Slightly Included,No Enhancement,53950.0,,6.37 x 5.1 x 3.91,Certified by Natural Sapphire Company,2025-09-08
Beryl,Yellow,22.71,Emerald Cut Emerald Cut,Yellow,Slightly Included,No Enhancement,221325.0,,21.86 x 14.78 x 8.4,Certified by Natural Sapphire Company,2025-09-08
Aquamarine,Greenish Blue,2.31,Mixed Brilliant Oval,Greenish Blue,Very Slightly Included,No Enhancement,60125.0,,10.2 x 8.18 x 5.01,Certified by Natural Sapphire Company,2025-09-08
Chrysoberyl,Greenish Yellow,4.09,Cabochon Round,Greenish Yellow,Very Slightly Included,Heat Treated,3615625.0,,8.76 x 8.85 x 5.74,Certified by Natural Sapphire Company,2025-09-08
Spinel,Pinkish Purple,1.34,Mixed Brilliant Pear,Pinkish Purple,Very Very Slightly Included,No Enhancement,98150.0,,8.42 x 6.17 x 3.74,Certified by Natural Sapphire Company,2025-09-08
Garnet,Purplish Red,3.31,Emerald Cut Emerald Cut,Purplish Red,Eye Clean,No Enhancement,107900.0,,9.93 x 6.34 x 5.31,Certified by Natural Sapphire Company,2025-09-08
Garnet,Red,5.42,Emerald Cut Emerald Cut,Red,Eye Clean,No Enhancement,176150.0,,11.45 x 7.88 x 6.02,Certified by Natural Sapphire Company,2025-09-08
Garnet,Red,2.89,Emerald Cut Emerald Cut,Red,Slightly Included,No Enhancement,75400.0,,9.25 x 6.34 x 4.89,Certified by Natural Sapphire Company,2025-09-08
Spinel,Purplish Pink,1.5,Mixed Brilliant Cushion,Purplish Pink,Very Slightly Included,No Enhancement,78000.0,,7.29 x 5.75 x 4.21,Certified by Natural Sapphire Company,2025-09-08
Garnet,Red,4.08,Emerald Cut Emerald Cut,Red,Eye Clean,No Enhancement,132600.0,,9.55 x 7.62 x 5.45,Certified by Natural Sapphire Company,2025-09-08
Chrysoberyl,Greenish Yellow,1.73,Cabochon Oval,Greenish Yellow,Eye Clean,Heat Treated,539825.0,,7.34 x 6.54 x 3.84,Certified by Natural Sapphire Company,2025-09-08
Spinel,Pink,3.46,Emerald Cut Emerald Cut,Pink,Eye Clean,No Enhancement,269750.0,,10.37 x 6.47 x 5.32,Certified by Natural Sapphire Company,2025-09-08
Garnet,Orangish Red,1.54,Mixed Brilliant Cushion,Orangish Red,Very Very Slightly Included,No Enhancement,200200.0,,6.39 x 5.35 x 4.46,Certified by Natural Sapphire Company,2025-09-08
Garnet,Orangish Red,3.22,Mixed Brilliant Oval,Orangish Red,Very Slightly Included,No Enhancement,397800.0,,10.28 x 7.07 x 5.25,Certified by Natural Sapphire Company,2025-09-08
Garnet,Orangish Red,1.74,Mixed Brilliant Pear,Orangish Red,Very Slightly Included,No Enhancement,11375.0,,9.38 x 6.39 x 3.79,Certified by Natural Sapphire Company,2025-09-08
Garnet,Orangish Red,4.16,Radiant Cut Radiant,Orangish Red,Very Very Slightly Included,No Enhancement,676000.0,,9.81 x 9.09 x 5.27,Certified by Natural Sapphire Company,2025-09-08
Garnet,Red,2.74,Checkerboard Cushion,Red,Very Slightly Included,Heat Treated,80275.0,,9.21 x 7.14 x 4.87,Certified by Natural Sapphire Company,2025-09-08
Topaz,Blue,0.58,Emerald Cut Emerald Cut,Blue,Very Slightly Included,No Enhancement,7475.0,,5.97 x 3.99 x 2.69,Certified by Natural Sapphire Company,2025-09-08
Topaz,Blue,0.7,Emerald Cut Emerald Cut,Blue,Very Slightly Included,No Enhancement,9100.0,,5.93 x 4.07 x 2.75,Certified by Natural Sapphire Company,2025-09-08
Garnet,Red,2.58,Checkerboard Cushion,Red,Very Slightly Included,Heat Treated,75400.0,,9.26 x 7.31 x 4.44,Certified by Natural Sapphire Company,2025-09-08
Spinel,Purple,1.25,Mixed Brilliant Oval,Purple,Eye Clean,No Enhancement,81250.0,,6.75 x 5.55 x 4.67,Certified by Natural Sapphire Company,2025-09-08
Moonstone,Bi Color,34.15,Cabochon Oval,Bi Color,Very Slightly Included,No Enhancement,155350.0,,25.29 x 18.89 x 9.26,Certified by Natural Sapphire Company,2025-09-08
Garnet,Red,2.47,Checkerboard Cushion,Red,Very Slightly Included,Heat Treated,72150.0,,8.89 x 7.1 x 4.31,Certified by Natural Sapphire Company,2025-09-08
Spinel,Blue,1.14,Mixed Brilliant Cushion,Blue,Very Very Slightly Included,No Enhancement,65000.0,,7.63 x 5.4 x 3.16,Certified by Natural Sapphire Company,2025-09-08
Topaz,Blue,0.62,Emerald Cut Emerald Cut,Blue,Very Slightly Included,Irradiation,6175.0,,5.95 x 4.02 x 2.65,Certified by Natural Sapphire Company,2025-09-08
Alexandrite,Green to Purplish Red,1.63,Mixed Brilliant Oval,Green to Purplish Red,Very Slightly Included,No Enhancement,1568125.0,,7.85 x 6.39 x 4.09,Certified by Natural Sapphire Company,2025-09-08
Garnet,Red,2.68,Checkerboard Cushion,Red,Very Slightly Included,Heat Treated,78325.0,,8.94 x 6.99 x 4.97,Certified by Natural Sapphire Company,2025-09-08
Moonstone,Peach,10.58,Cabochon Oval,Peach,Very Very Slightly Included,No Enhancement,34450.0,,16.73 x 13.47 x 6.67,Certified by Natural Sapphire Company,2025-09-08
Moonstone,Peach,7.5,Cabochon Round,Peach,Very Slightly Included,No Enhancement,24375.0,,11.7 x 11.45 x 7.39,Certified by Natural Sapphire Company,2025-09-08
Garnet,Red,0.93,Mixed Brilliant Oval,Red,Eye Clean,No Enhancement,24050.0,,7.06 x 5.07 x 3.33,Certified by Natural Sapphire Company,2025-09-08
Tourmaline,Pinkish Brown,2.87,Emerald Cut Emerald Cut,Pinkish Brown,Eye Clean,Heat Treated,93275.0,,11.43 x 6.35 x 4.19,Certified by Natural Sapphire Company,2025-09-08
Spinel,Color Change,1.09,Mixed Brilliant Cushion,Color Change,Slightly Included,No Enhancement,97500.0,,5.67 x 5.27 x 4.51,Certified by Natural Sapphire Company,2025-09-08
Moonstone,Brown,12.52,Cabochon Round,Brown,Very Slightly Included,No Enhancement,40625.0,,14.21 x 14.1 x 8.39,Certified by Natural Sapphire Company,2025-09-08
Garnet,Red,0.94,Mixed Brilliant Oval,Red,Very Very Slightly Included,No Enhancement,24700.0,,7.07 x 5.06 x 3.39,Certified by Natural Sapphire Company,2025-09-08
Chrysoberyl,Yellowish Green,2.08,Cabochon Oval,Yellowish Green,Very Very Slightly Included,No Enhancement,455650.0,,8.64 x 7.27 x 3.74,Certified by Natural Sapphire Company,2025-09-08
Spinel,Blue,2.24,Mixed Brilliant Oval,Blue,Slightly Included,Heat Treated,436800.0,,8.0 x 7.14 x 5.38,Certified by Natural Sapphire Company,2025-09-08
Rhodolite Garnet,Purple,1.1,Mixed Brilliant Cushion,Purple,Eye Clean,No Enhancement,71500.0,,6.17 x 5.64 x 3.63,Certified by Natural Sapphire Company,2025-09-08
Topaz,Blue,0.85,Emerald Cut Emerald Cut,Blue,Very Slightly Included,Irradiation,8450.0,,6.16 x 4.14 x 3.12,Certified by Natural Sapphire Company,2025-09-08
Cobalt Spinel,Blue,2.53,Mixed Brilliant Oval,Blue,Slightly Included,Heat Treated,493350.0,,8.03 x 7.27 x 5.66,Certified by Natural Sapphire Company,2025-09-08
Moonstone,Brown,11.61,Cabochon Oval,Brown,Very Very Slightly Included,No Enhancement,37700.0,,19.19 x 11.67 x 7.12,Certified by Natural Sapphire Company,2025-09-08
Zircon,Greenish Yellow,1.21,Mixed Brilliant Round,Greenish Yellow,Slightly Included,No Enhancement,13325.0,,6.56 x 6.6 x 3.63,Certified by Natural Sapphire Company,2025-09-08
Spinel,Violet,0.99,Mixed Brilliant Oval,Violet,Very Slightly Included,No Enhancement,96525.0,,6.87 x 5.4 x 3.71,Certified by Natural Sapphire Company,2025-09-08
Garnet,Purplish Pink,1.11,Radiant Cut Radiant,Purplish Pink,Slightly Included,No Enhancement,108225.0,,7.07 x 5.29 x 3.34,Certified by Natural Sapphire Company,2025-09-08
Garnet,Purplish Pink,1.25,Mixed Brilliant Cushion,Purplish Pink,Very Slightly Included,No Enhancement,121875.0,,6.96 x 6.0 x 3.22,Certified by Natural Sapphire Company,2025-09-08
Spinel,Pink,2.27,Mixed Brilliant Pear,Pink,Very Slightly Included,No Enhancement,221325.0,,11.45 x 7.03 x 4.33,Certified by Natural Sapphire Company,2025-09-08
Garnet,Purplish Red,2.03,Mixed Brilliant Oval,Purplish Red,Very Slightly Included,No Enhancement,52650.0,,7.65 x 6.59 x 5.04,Certified by Natural Sapphire Company,2025-09-08
Tourmaline,Green,0.59,Mixed Brilliant Round,Green,Eye Clean,No Enhancement,46150.0,,5.16 x 5.14 x 3.77,Certified by Natural Sapphire Company,2025-09-08
Garnet,Pink,6.12,Mixed Brilliant Oval,Pink,Very Slightly Included,No Enhancement,358150.0,,12.08 x 10.05 x 6.98,Certified by Natural Sapphire Company,2025-09-08
Garnet,Red,2.44,Checkerboard Round,Red,Slightly Included,Heat Treated,39650.0,,8.2 x 8.22 x 5.14,Certified by Natural Sapphire Company,2025-09-08
Garnet,Red,2.34,Checkerboard Round,Red,Very Slightly Included,Heat Treated,38025.0,,8.1 x 8.06 x 5.1,Certified by Natural Sapphire Company,2025-09-08
Tourmaline,Greenish Brown,0.61,Princess Cut Princess,Greenish Brown,Very Very Slightly Included,No Enhancement,47450.0,,4.68 x 4.65 x 3.62,Certified by Natural Sapphire Company,2025-09-08
Garnet,Red,2.55,Checkerboard Round,Red,Very Slightly Included,Heat Treated,41600.0,,8.24 x 8.36 x 5.14,Certified by Natural Sapphire Company,2025-09-08
Topaz,Pink,2.16,Checkerboard Oval,Pink,Eye Clean,Vapor-Infused Coating,7150.0,,9.12 x 7.12 x 4.7,Certified by Natural Sapphire Company,2025-09-08
Topaz,Pink,2.16,Checkerboard Oval,Pink,Eye Clean,Vapor-Infused Coating,7150.0,,9.17 x 6.91 x 4.83,Certified by Natural Sapphire Company,2025-09-08
Topaz,Pink,2.2,Checkerboard Oval,Pink,Very Slightly Included,Vapor-Infused Coating,7150.0,,9.01 x 6.95 x 4.82,Certified by Natural Sapphire Company,2025-09-08
Topaz,Pink,2.06,Checkerboard Oval,Pink,Very Slightly Included,Vapor-Infused Coating,6825.0,,9.09 x 7.05 x 4.47,Certified by Natural Sapphire Company,2025-09-08
Topaz,Pink,2.21,Checkerboard Oval,Pink,Very Slightly Included,Vapor-Infused Coating,7150.0,,9.05 x 6.94 x 4.97,Certified by Natural Sapphire Company,2025-09-08
Moonstone,Brown,47.26,Cabochon Oval,Brown,Very Very Slightly Included,No Enhancement,215150.0,,22.39 x 20.41 x 14.99,Certified by Natural Sapphire Company,2025-09-08
Topaz,Blue,0.54,Emerald Cut Emerald Cut,Blue,Very Slightly Included,Irradiation,7150.0,,5.93 x 4.04 x 2.61,Certified by Natural Sapphire Company,2025-09-08
Spinel,Pinkish Purple,1.08,Mixed Brilliant Oval,Pinkish Purple,Very Slightly Included,No Enhancement,84175.0,,6.08 x 5.6 x 4.32,Certified by Natural Sapphire Company,2025-09-08
Topaz,Blue,0.76,Emerald Cut Emerald Cut,Blue,Eye Clean,No Enhancement,9750.0,,5.99 x 4.01 x 3.35,Certified by Natural Sapphire Company,2025-09-08
Moonstone,Brown,33.64,Cabochon Oval,Brown,Eye Clean,No Enhancement,153075.0,,25.38 x 13.52 x 12.23,Certified by Natural Sapphire Company,2025-09-08
Aquamarine,Blue,2.01,Step Cut Fancy,Blue,Very Slightly Included,No Enhancement,169975.0,,9.49 x 8.87 x 4.68,Certified by Natural Sapphire Company,2025-09-08
Chrysoberyl,Yellowish Green,1.76,Cabochon Oval,Yellowish Green,Eye Clean,Heat Treated,686400.0,,8.45 x 6.23 x 3.48,Certified by Natural Sapphire Company,2025-09-08
Chrysoberyl,Greenish Yellow,3.64,Cabochon Oval,Greenish Yellow,Very Slightly Included,Heat Treated,1860300.0,,8.45 x 6.96 x 6.35,Certified by Natural Sapphire Company,2025-09-08
Garnet,Red,2.32,Mixed Brilliant Oval,Red,Eye Clean,No Enhancement,60450.0,,8.64 x 6.61 x 5.03,Certified by Natural Sapphire Company,2025-09-08
Spinel,Reddish Orange,3.12,Mixed Brilliant Pear,Reddish Orange,Included,No Enhancement,2344875.0,,13.19 x 7.71 x 4.09,Certified by Natural Sapphire Company,2025-09-08
Moonstone,White,29.22,Cabochon Oval,White,Very Very Slightly Included,No Enhancement,132925.0,,25.05 x 18.03 x 8.89,Certified by Natural Sapphire Company,2025-09-08
Topaz,Blue,0.72,Emerald Cut Emerald Cut,Blue,Very Very Slightly Included,Irradiation,7150.0,,5.99 x 4.08 x 2.8,Certified by Natural Sapphire Company,2025-09-08
Topaz,Blue,0.53,Emerald Cut Emerald Cut,Blue,Very Slightly Included,Irradiation,5200.0,,6.05 x 4.01 x 2.08,Certified by Natural Sapphire Company,2025-09-08
Cobalt Spinel,Blue,1.58,Mixed Brilliant Oval,Blue,Slightly Included,Heat Treated,308100.0,,7.57 x 6.4 x 4.32,Certified by Natural Sapphire Company,2025-09-08
Fluorite,Bluish Green,35.93,Mixed Brilliant Cushion,Bluish Green,Very Very Slightly Included,Heat Treated,2160275.0,,22.04 x 17.2 x 13.11,Certified by Natural Sapphire Company,2025-09-08
Topaz,Blue,0.6,Emerald Cut Emerald Cut,Blue,Very Very Slightly Included,Irradiation,5850.0,,6.01 x 4.02 x 2.72,Certified by Natural Sapphire Company,2025-09-08
Chrysoberyl,Brown,4.53,Cabochon Oval,Brown,Very Slightly Included,Heat Treated,1361750.0,,8.56 x 7.77 x 7.01,Certified by Natural Sapphire Company,2025-09-08
Spinel,Purplish Pink,0.86,Mixed Brilliant Cushion,Purplish Pink,Eye Clean,No Enhancement,83850.0,,6.0 x 5.23 x 3.36,Certified by Natural Sapphire Company,2025-09-08
Moonstone,Grey,25.2,Cabochon Oval,Grey,Very Very Slightly Included,No Enhancement,114725.0,,22.5 x 16.09 x 9.43,Certified by Natural Sapphire Company,2025-09-08
Garnet,Red,2.84,Checkerboard Cushion,Red,Very Slightly Included,Heat Treated,83200.0,,9.28 x 7.2 x 5.0,Certified by Natural Sapphire Company,2025-09-08
Spinel,Purple,0.78,Mixed Brilliant Oval,Purple,Very Very Slightly Included,No Enhancement,76050.0,,6.36 x 5.19 x 3.26,Certified by Natural Sapphire Company,2025-09-08
Garnet,Purplish Red,2.19,Mixed Brilliant Pear,Purplish Red,Eye Clean,No Enhancement,56875.0,,8.42 x 6.65 x 5.07,Certified by Natural Sapphire Company,2025-09-08
Moonstone,Rainbow,0.37,Asscher Asscher - Octagon,Rainbow,Very Slightly Included,No Enhancement,48750.0,,5.18 x 4.56 x 4.29,Certified by Natural Sapphire Company,2025-09-08
Moonstone,White,8.79,Cabochon Oval,White,Eye Clean,No Enhancement,28600.0,,14.44 x 9.03 x 8.98,Certified by Natural Sapphire Company,2025-09-08
Spinel,Purple,1.75,Emerald Cut Emerald Cut,Purple,Eye Clean,No Enhancement,143325.0,,8.5 x 5.65 x 4.04,Certified by Natural Sapphire Company,2025-09-08
Rhodolite Garnet,Purplish Red,1.7,Emerald Cut Emerald Cut,Purplish Red,Slightly Included,No Enhancement,88400.0,,8.41 x 6.14 x 3.46,Certified by Natural Sapphire Company,2025-09-08
Spinel,Pinkish Red,3.7,Emerald Cut Emerald Cut,Pinkish Red,Very Slightly Included,No Enhancement,721500.0,,11.69 x 7.32 x 4.53,Certified by Natural Sapphire Company,2025-09-08
Spinel,Blue,0.8,Mixed Brilliant Oval,Blue,Very Very Slightly Included,No Enhancement,78000.0,,6.45 x 5.26 x 3.22,Certified by Natural Sapphire Company,2025-09-08
Spinel,Blue,0.85,Mixed Brilliant Oval,Blue,Very Very Slightly Included,No Enhancement,66300.0,,6.71 x 4.8 x 3.36,Certified by Natural Sapphire Company,2025-09-08
Aquamarine,Blue,2.04,Emerald Cut Emerald Cut,Blue,Very Slightly Included,No Enhancement,172250.0,,8.59 x 6.68 x 5.47,Certified by Natural Sapphire Company,2025-09-08
Garnet,Red,2.23,Mixed Brilliant Oval,Red,Very Slightly Included,No Enhancement,57850.0,,7.69 x 6.72 x 5.01,Certified by Natural Sapphire Company,2025-09-08
Rhodolite Garnet,Purplish Red,2.08,Mixed Brilliant Oval,Purplish Red,Very Slightly Included,No Enhancement,162175.0,,8.63 x 6.56 x 4.45,Certified by Natural Sapphire Company,2025-09-08
Garnet,Purplish Red,2.85,Emerald Cut Emerald Cut,Purplish Red,Very Slightly Included,No Enhancement,74100.0,,7.88 x 6.62 x 5.85,Certified by Natural Sapphire Company,2025-09-08
Spinel,Purple,0.92,Mixed Brilliant Cushion,Purple,Very Very Slightly Included,No Enhancement,71825.0,,7.44 x 4.92 x 3.17,Certified by Natural Sapphire Company,2025-09-08
Spinel,Blue,1.3,Mixed Brilliant Round,Blue,Very Slightly Included,No Enhancement,126750.0,,6.59 x 6.49 x 4.49,Certified by Natural Sapphire Company,2025-09-08
Moonstone,Brown,6.21,Cabochon Round,Brown,Very Very Slightly Included,No Enhancement,20150.0,,11.6 x 11.34 x 6.44,Certified by Natural Sapphire Company,2025-09-08
Chrysoberyl,Greenish Yellow,6.13,Cabochon Oval,Greenish Yellow,Very Slightly Included,No Enhancement,1935050.0,,12.36 x 8.87 x 6.82,Certified by Natural Sapphire Company,2025-09-08
